department,day,targeted_productivity,smv,wip,over_time,incentive,no_of_workers,actual_productivity,productivity_difference,quarter_Quarter1,quarter_Quarter2,quarter_Quarter3,quarter_Quarter4,quarter_Quarter5,team_1,team_10,team_11,team_12,team_2,team_3,team_4,team_5,team_6,team_7,team_8,team_9
1,3,0,26,1108,7080,98,59,0,0,1,0,0,0,0,0,0,0,0,0,0,0,0,0,0,1,0
0,3,0,3,1190,960,0,8,0,0,1,0,0,0,0,1,0,0,0,0,0,0,0,0,0,0,0
1,3,0,11,968,3660,50,30,0,0,1,0,0,0,0,0,0,1,0,0,0,0,0,0,0,0,0
1,3,0,11,968,3660,50,30,0,0,1,0,0,0,0,0,0,0,1,0,0,0,0,0,0,0,0
1,3,0,25,1170,1920,50,56,0,0,1,0,0,0,0,0,0,0,0,0,0,0,0,1,0,0,0
1,3,0,25,984,6720,38,56,0,0,1,0,0,0,0,0,0,0,0,0,0,0,0,0,1,0,0
0,3,0,3,1190,960,0,8,0,0,1,0,0,0,0,0,0,0,0,1,0,0,0,0,0,0,0
1,3,0,28,795,6900,45,57,0,0,1,0,0,0,0,0,0,0,0,0,1,0,0,0,0,0,0
1,3,0,19,733,6000,34,55,0,0,1,0,0,0,0,0,0,0,0,1,0,0,0,0,0,0,0
1,3,0,28,681,6900,45,57,0,0,1,0,0,0,0,1,0,0,0,0,0,0,0,0,0,0,0
1,3,0,28,872,6900,44,57,0,0,1,0,0,0,0,0,0,0,0,0,0,0,0,0,0,0,1
1,3,0,19,578,6480,45,54,0,0,1,0,0,0,0,0,1,0,0,0,0,0,0,0,0,0,0
1,3,0,11,668,3660,50,30,0,0,1,0,0,0,0,0,0,0,0,0,0,0,1,0,0,0,0
0,3,0,3,1190,960,0,8,0,0,1,0,0,0,0,0,1,0,0,0,0,0,0,0,0,0,0
0,3,0,2,1190,960,0,8,0,0,1,0,0,0,0,0,0,0,0,0,0,0,0,0,0,1,0
0,3,0,3,1190,2160,0,18,0,0,1,0,0,0,0,0,0,0,0,0,0,1,0,0,0,0,0
0,3,0,2,1190,960,0,8,0,0,1,0,0,0,0,0,0,0,0,0,0,0,0,0,1,0,0
1,3,0,23,861,7200,0,60,0,0,1,0,0,0,0,0,0,0,0,0,0,1,0,0,0,0,0
0,3,0,4,1190,1440,0,12,0,0,1,0,0,0,0,0,0,1,0,0,0,0,0,0,0,0,0
0,1,0,4,1190,6600,0,20,0,0,1,0,0,0,0,0,0,0,0,0,0,1,0,0,0,0,0
0,1,0,2,1190,5640,0,17,0,0,1,0,0,0,0,0,0,1,0,0,0,0,0,0,0,0,0
0,1,0,4,1190,960,0,8,0,0,1,0,0,0,0,0,0,0,0,0,0,0,0,0,0,0,1
0,1,0,3,1190,1560,0,8,0,0,1,0,0,0,0,0,0,0,0,0,1,0,0,0,0,0,0
0,1,0,3,1190,960,0,8,0,0,1,0,0,0,0,1,0,0,0,0,0,0,0,0,0,0,0
1,1,0,28,772,6300,50,56,0,0,1,0,0,0,0,1,0,0,0,0,0,0,0,0,0,0,0
1,1,0,28,913,6540,50,54,0,0,1,0,0,0,0,0,0,0,0,0,1,0,0,0,0,0,0
1,1,0,26,1261,7080,50,59,0,0,1,0,0,0,0,0,0,0,0,0,0,0,0,0,0,1,0
1,1,0,26,844,7080,63,59,0,0,1,0,0,0,0,0,0,0,1,0,0,0,0,0,0,0,0
1,1,0,11,1005,7080,50,29,0,0,1,0,0,0,0,0,0,1,0,0,0,0,0,0,0,0,0
1,1,0,11,659,7080,50,31,0,0,1,0,0,0,0,0,0,0,0,0,0,0,1,0,0,0,0
1,1,0,25,1152,6720,50,56,0,0,1,0,0,0,0,0,0,0,0,0,0,0,0,1,0,0,0
1,1,0,25,1138,6720,38,56,0,0,1,0,0,0,0,0,0,0,0,0,0,0,0,0,1,0,0
1,1,0,19,610,6480,56,54,0,0,1,0,0,0,0,0,1,0,0,0,0,0,0,0,0,0,0
0,1,0,4,1190,960,0,8,0,0,1,0,0,0,0,0,0,0,0,1,0,0,0,0,0,0,0
1,1,0,19,944,6600,45,55,0,0,1,0,0,0,0,0,0,0,0,1,0,0,0,0,0,0,0
0,1,0,4,1190,960,0,8,0,0,1,0,0,0,0,0,1,0,0,0,0,0,0,0,0,0,0
1,1,0,23,544,13800,0,60,0,0,1,0,0,0,0,0,0,0,0,0,0,1,0,0,0,0,0
1,1,0,28,1072,6900,40,57,0,0,1,0,0,0,0,0,0,0,0,0,0,0,0,0,0,0,1
0,1,0,2,1190,960,0,8,0,0,1,0,0,0,0,0,0,0,0,0,0,0,0,0,0,1,0
0,1,0,3,1190,960,0,8,0,0,1,0,0,0,0,0,0,0,0,0,0,0,0,0,1,0,0
0,2,0,4,1190,1560,0,8,0,0,1,0,0,0,0,0,0,0,0,0,1,0,0,0,0,0,0
0,2,0,3,1190,960,0,8,0,0,1,0,0,0,0,0,0,0,0,0,0,0,0,0,0,0,1
0,2,0,3,1190,960,0,8,0,0,1,0,0,0,0,1,0,0,0,0,0,0,0,0,0,0,0
1,2,0,11,539,6975,50,31,0,0,1,0,0,0,0,0,0,0,0,0,0,0,0,1,0,0,0
0,2,0,3,1190,6600,0,20,0,0,1,0,0,0,0,0,0,0,0,0,0,1,0,0,0,0,0
1,2,0,26,1278,7080,60,59,0,0,1,0,0,0,0,0,0,0,0,0,0,0,0,0,0,0,1
1,2,0,25,1227,7020,60,56,0,0,1,0,0,0,0,0,0,0,0,0,0,0,0,0,1,0,0
1,2,0,25,1039,6780,45,56,0,0,1,0,0,0,0,0,0,0,0,0,0,0,0,0,0,1,0
1,2,0,28,878,4260,50,55,0,0,1,0,0,0,0,0,0,0,0,0,0,1,0,0,0,0,0
1,2,0,26,1033,7080,63,59,0,0,1,0,0,0,0,1,0,0,0,0,0,0,0,0,0,0,0
1,2,0,28,782,6660,50,55,0,0,1,0,0,0,0,0,0,0,0,1,0,0,0,0,0,0,0
1,2,0,11,1216,6975,50,31,0,0,1,0,0,0,0,0,0,0,1,0,0,0,0,0,0,0,0
0,2,0,3,1190,960,0,8,0,0,1,0,0,0,0,0,0,0,0,1,0,0,0,0,0,0,0
0,2,0,3,1190,4320,0,18,0,0,1,0,0,0,0,0,1,0,0,0,0,0,0,0,0,0,0
1,2,0,19,513,6480,45,54,0,0,1,0,0,0,0,0,0,1,0,0,0,0,0,0,0,0,0
1,2,0,19,734,6600,45,55,0,0,1,0,0,0,0,0,0,0,0,0,1,0,0,0,0,0,0
1,2,0,28,1202,6900,40,57,0,0,1,0,0,0,0,0,1,0,0,0,0,0,0,0,0,0,0
0,2,0,2,1190,960,0,8,0,0,1,0,0,0,0,0,0,0,0,0,0,0,0,0,0,1,0
0,2,0,2,1190,960,0,8,0,0,1,0,0,0,0,0,0,0,0,0,0,0,0,0,1,0,0
1,2,0,45,884,6960,26,58,0,0,1,0,0,0,0,0,0,0,0,0,0,0,1,0,0,0,0
0,2,0,4,1190,960,0,8,0,0,1,0,0,0,0,0,0,1,0,0,0,0,0,0,0,0,0
0,0,0,3,1190,1920,0,8,0,0,1,0,0,0,0,1,0,0,0,0,0,0,0,0,0,0,0
0,0,0,3,1190,2400,0,10,0,0,1,0,0,0,0,0,0,1,0,0,0,0,0,0,0,0,0
0,0,0,3,1190,3840,0,16,0,0,1,0,0,0,0,0,0,0,0,0,0,1,0,0,0,0,0
0,0,0,4,1190,1920,0,8,0,0,1,0,0,0,0,0,0,0,0,0,1,0,0,0,0,0,0
1,0,0,26,1227,7080,75,59,0,0,1,0,0,0,0,0,0,0,0,0,0,0,0,0,0,0,1
0,0,0,2,1190,1920,0,8,0,0,1,0,0,0,0,0,0,0,0,0,0,0,0,0,0,0,1
0,0,0,3,1190,960,0,8,0,0,1,0,0,0,0,0,0,0,0,1,0,0,0,0,0,0,0
1,0,0,25,1255,6780,50,56,0,0,1,0,0,0,0,0,0,0,0,0,0,0,0,0,1,0,0
1,0,0,25,1047,6780,38,56,0,0,1,0,0,0,0,0,0,0,0,0,0,0,0,0,0,1,0
1,0,0,26,1138,7080,63,59,0,0,1,0,0,0,0,1,0,0,0,0,0,0,0,0,0,0,0
1,0,0,19,678,4800,50,55,0,0,1,0,0,0,0,0,0,1,0,0,0,0,0,0,0,0,0
1,0,0,11,712,7200,50,32,0,0,1,0,0,0,0,0,0,0,0,0,0,0,0,1,0,0,0
1,0,0,11,1037,7200,50,32,0,0,1,0,0,0,0,0,0,0,1,0,0,0,0,0,0,0,0
1,0,0,28,757,6900,50,57,0,0,1,0,0,0,0,0,0,0,0,1,0,0,0,0,0,0,0
1,0,0,28,759,6900,50,57,0,0,1,0,0,0,0,0,0,0,0,0,0,1,0,0,0,0,0
0,0,0,2,1190,960,0,8,0,0,1,0,0,0,0,0,1,0,0,0,0,0,0,0,0,0,0
0,0,0,2,1190,960,0,8,0,0,1,0,0,0,0,0,0,0,0,0,0,0,1,0,0,0,0
1,0,0,28,1083,7020,45,58,0,0,1,0,0,0,0,0,1,0,0,0,0,0,0,0,0,0,0
1,0,0,19,944,6600,45,55,0,0,1,0,0,0,0,0,0,0,0,0,1,0,0,0,0,0,0
0,0,0,3,1190,960,0,8,0,0,1,0,0,0,0,0,0,0,0,0,0,0,0,0,1,0,0
0,0,0,2,1190,960,0,8,0,0,1,0,0,0,0,0,0,0,0,0,0,0,0,0,0,1,0
1,0,0,21,666,6960,23,58,0,0,1,0,0,0,0,0,0,0,0,0,0,0,1,0,0,0,0
0,4,0,3,1190,4440,0,18,0,0,1,0,0,0,0,0,0,0,0,0,0,1,0,0,0,0,0
0,4,0,3,1190,1440,0,8,0,0,1,0,0,0,0,1,0,0,0,0,0,0,0,0,0,0,0
0,4,0,4,1190,1800,0,10,0,0,1,0,0,0,0,0,0,0,0,0,1,0,0,0,0,0,0
0,4,0,4,1190,2700,0,15,0,0,1,0,0,0,0,0,0,1,0,0,0,0,0,0,0,0,0
0,4,0,3,1190,1440,0,8,0,0,1,0,0,0,0,0,0,0,0,0,0,0,0,0,0,0,1
1,4,0,26,1187,10620,75,59,0,0,1,0,0,0,0,1,0,0,0,0,0,0,0,0,0,0,0
1,4,0,26,1305,10620,75,59,0,0,1,0,0,0,0,0,0,0,0,0,0,0,0,0,0,0,1
0,4,0,3,1190,1440,0,8,0,0,1,0,0,0,0,0,1,0,0,0,0,0,0,0,0,0,0
0,4,0,3,1190,1440,0,8,0,0,1,0,0,0,0,0,0,0,0,1,0,0,0,0,0,0,0
1,4,0,28,716,10350,50,57,0,0,1,0,0,0,0,0,0,0,0,1,0,0,0,0,0,0,0
1,4,0,28,925,10350,50,57,0,0,1,0,0,0,0,0,0,0,0,0,0,1,0,0,0,0,0
1,4,0,19,963,9900,50,55,0,0,1,0,0,0,0,0,0,0,0,0,1,0,0,0,0,0,0
1,4,0,11,1101,5310,50,31,0,0,1,0,0,0,0,0,0,0,1,0,0,0,0,0,0,0,0
1,4,0,25,1035,10170,38,56,0,0,1,0,0,0,0,0,0,0,0,0,0,0,0,0,1,0,0
1,4,0,25,1083,10170,38,56,0,0,1,0,0,0,0,0,0,0,0,0,0,0,0,0,0,1,0
1,4,0,11,910,4470,38,31,0,0,1,0,0,0,0,0,0,0,0,0,0,0,0,1,0,0,0
1,4,0,28,1209,10530,45,58,0,0,1,0,0,0,0,0,1,0,0,0,0,0,0,0,0,0,0
1,4,0,19,590,9900,45,55,0,0,1,0,0,0,0,0,0,1,0,0,0,0,0,0,0,0,0
0,4,0,2,1190,1440,0,8,0,0,1,0,0,0,0,0,0,0,0,0,0,0,0,0,0,1,0
1,4,0,21,808,10440,35,58,0,0,1,0,0,0,0,0,0,0,0,0,0,0,1,0,0,0,0
0,4,0,2,1190,1440,0,8,0,0,1,0,0,0,0,0,0,0,0,0,0,0,0,0,1,0,0
0,5,0,3,1190,1440,0,8,0,0,1,0,0,0,0,1,0,0,0,0,0,0,0,0,0,0,0
0,5,0,3,1190,1440,0,8,0,0,1,0,0,0,0,0,0,0,0,0,0,0,0,0,0,0,1
1,5,0,26,1179,10620,75,59,0,0,1,0,0,0,0,1,0,0,0,0,0,0,0,0,0,0,0
1,5,0,26,1324,10620,75,59,0,0,1,0,0,0,0,0,0,0,0,0,0,0,0,0,0,0,1
1,5,0,25,1135,10170,60,56,0,0,1,0,0,0,0,0,0,0,0,0,0,0,0,0,0,1,0
0,5,0,4,1190,2700,0,15,0,0,1,0,0,0,0,0,0,0,0,0,1,0,0,0,0,0,0
0,5,0,3,1190,4440,0,18,0,0,1,0,0,0,0,0,0,0,0,0,0,1,0,0,0,0,0
0,5,0,3,1190,1440,0,8,0,0,1,0,0,0,0,0,0,0,0,1,0,0,0,0,0,0,0
0,5,0,3,1190,1440,0,8,0,0,1,0,0,0,0,0,1,0,0,0,0,0,0,0,0,0,0
0,5,0,2,1190,1440,0,8,0,0,1,0,0,0,0,0,0,0,0,0,0,0,0,0,1,0,0
1,5,0,28,776,10350,63,57,0,0,1,0,0,0,0,0,0,0,0,1,0,0,0,0,0,0,0
1,5,0,28,990,10350,50,57,0,0,1,0,0,0,0,0,0,0,0,0,0,1,0,0,0,0,0
1,5,0,11,986,5490,50,30,0,0,1,0,0,0,0,0,0,0,0,0,0,0,0,1,0,0,0
1,5,0,19,924,9900,50,55,0,0,1,0,0,0,0,0,0,0,0,0,1,0,0,0,0,0,0
1,5,0,11,1120,5670,50,31,0,0,1,0,0,0,0,0,0,0,1,0,0,0,0,0,0,0,0
1,5,0,25,1066,10170,50,56,0,0,1,0,0,0,0,0,0,0,0,0,0,0,0,0,1,0,0
1,5,0,28,1144,10530,69,58,0,0,1,0,0,0,0,0,1,0,0,0,0,0,0,0,0,0,0
1,5,0,21,413,9720,40,58,0,0,1,0,0,0,0,0,0,0,0,0,0,0,1,0,0,0,0
0,5,0,2,1190,1440,0,8,0,0,1,0,0,0,0,0,0,0,0,0,0,0,0,0,0,1,0
0,5,0,2,1190,1800,0,10,0,0,1,0,0,0,0,0,0,0,0,0,0,0,0,1,0,0,0
1,5,0,31,568,9900,40,55,0,0,1,0,0,0,0,0,0,1,0,0,0,0,0,0,0,0,0
0,5,0,4,1190,1440,0,8,0,0,1,0,0,0,0,0,0,0,0,0,0,0,1,0,0,0,0
0,3,0,3,1190,1440,0,8,0,0,0,1,0,0,0,1,0,0,0,0,0,0,0,0,0,0,0
0,3,0,3,1190,12600,0,20,0,0,0,1,0,0,0,0,0,0,0,0,0,1,0,0,0,0,0
1,3,0,26,1216,10620,88,59,0,0,0,1,0,0,0,0,0,0,0,0,0,0,0,0,0,0,1
0,3,0,3,1190,1440,0,8,0,0,0,1,0,0,0,0,0,0,0,0,0,0,0,0,0,0,1
1,3,0,26,1189,10620,75,59,0,0,0,1,0,0,0,1,0,0,0,0,0,0,0,0,0,0,0
1,3,0,28,942,10530,75,58,0,0,0,1,0,0,0,0,0,0,0,0,0,1,0,0,0,0,0
1,3,0,25,1050,10170,60,56,0,0,0,1,0,0,0,0,0,0,0,0,0,0,0,0,1,0,0
1,3,0,25,1026,10170,60,56,0,0,0,1,0,0,0,0,0,0,0,0,0,0,0,0,0,1,0
0,3,0,3,1190,1440,0,8,0,0,0,1,0,0,0,0,0,0,0,1,0,0,0,0,0,0,0
0,3,0,4,1190,3840,0,8,0,0,0,1,0,0,0,0,0,0,0,0,0,0,1,0,0,0,0
1,3,0,28,783,10050,63,58,0,0,0,1,0,0,0,0,0,0,0,1,0,0,0,0,0,0,0
1,3,0,19,857,9900,50,55,0,0,0,1,0,0,0,0,0,0,0,0,1,0,0,0,0,0,0
1,3,0,11,548,15090,63,31,0,0,0,1,0,0,0,0,0,0,1,0,0,0,0,0,0,0,0
1,3,0,11,411,14640,50,30,0,0,0,1,0,0,0,0,0,0,0,0,0,0,0,1,0,0,0
1,3,0,28,1066,10530,69,58,0,0,0,1,0,0,0,0,1,0,0,0,0,0,0,0,0,0,0
0,3,0,3,1190,1440,0,8,0,0,0,1,0,0,0,0,1,0,0,0,0,0,0,0,0,0,0
0,3,0,2,1190,1440,0,8,0,0,0,1,0,0,0,0,0,0,0,0,0,0,0,0,0,1,0
0,3,0,4,1190,2160,0,12,0,0,0,1,0,0,0,0,0,0,0,0,1,0,0,0,0,0,0
0,3,0,2,1190,1440,0,8,0,0,0,1,0,0,0,0,0,0,0,0,0,0,0,0,1,0,0
0,3,0,4,1190,900,0,5,0,0,0,1,0,0,0,0,0,1,0,0,0,0,0,0,0,0,0
1,3,0,42,724,10260,0,57,0,0,0,1,0,0,0,0,0,0,0,0,0,0,1,0,0,0,0
0,1,0,3,1190,2160,0,8,0,0,0,1,0,0,0,1,0,0,0,0,0,0,0,0,0,0,0
0,1,0,4,1190,2760,0,12,0,0,0,1,0,0,0,0,0,0,0,0,1,0,0,0,0,0,0
0,1,0,3,1190,6000,0,20,0,0,0,1,0,0,0,0,0,0,0,0,0,1,0,0,0,0,0
0,1,0,3,1190,1440,0,8,0,0,0,1,0,0,0,0,0,0,0,0,0,0,0,0,0,0,1
1,1,0,26,1122,10620,75,59,0,0,0,1,0,0,0,0,0,0,0,0,0,0,0,0,0,0,1
1,1,0,25,970,10170,60,56,0,0,0,1,0,0,0,0,0,0,0,0,0,0,0,0,1,0,0
1,1,0,25,1158,10170,60,56,0,0,0,1,0,0,0,0,0,0,0,0,0,0,0,0,0,1,0
0,1,0,3,1190,1440,0,8,0,0,0,1,0,0,0,0,1,0,0,0,0,0,0,0,0,0,0
0,1,0,4,1190,1440,0,8,0,0,0,1,0,0,0,0,0,1,0,0,0,0,0,0,0,0,0
0,1,0,3,1190,1440,0,8,0,0,0,1,0,0,0,0,0,0,0,1,0,0,0,0,0,0,0
1,1,0,28,660,10440,63,58,0,0,0,1,0,0,0,0,0,0,0,0,0,1,0,0,0,0,0
1,1,0,28,749,10350,63,57,0,0,0,1,0,0,0,0,0,0,0,1,0,0,0,0,0,0,0
1,1,0,11,893,4710,50,31,0,0,0,1,0,0,0,0,0,0,1,0,0,0,0,0,0,0,0
1,1,0,11,887,5490,50,30,0,0,0,1,0,0,0,0,0,0,0,0,0,0,0,1,0,0,0
1,1,0,26,1335,10620,63,59,0,0,0,1,0,0,0,1,0,0,0,0,0,0,0,0,0,0,0
1,1,0,28,1082,10530,63,58,0,0,0,1,0,0,0,0,1,0,0,0,0,0,0,0,0,0,0
1,1,0,19,1075,7080,45,56,0,0,0,1,0,0,0,0,0,0,0,0,1,0,0,0,0,0,0
0,1,0,2,1190,1440,0,8,0,0,0,1,0,0,0,0,0,0,0,0,0,0,0,0,1,0,0
0,1,0,2,1190,1440,0,8,0,0,0,1,0,0,0,0,0,0,0,0,0,0,0,0,0,1,0
0,2,0,4,1190,1440,0,8,0,0,0,1,0,0,0,0,0,0,0,0,1,0,0,0,0,0,0
0,2,0,3,1190,3600,0,20,0,0,0,1,0,0,0,0,0,0,0,0,0,1,0,0,0,0,0
1,2,0,26,1095,10620,88,59,0,0,0,1,0,0,0,0,0,0,0,0,0,0,0,0,0,0,1
0,2,0,3,1190,1440,0,8,0,0,0,1,0,0,0,1,0,0,0,0,0,0,0,0,0,0,0
0,2,0,3,1190,1440,0,8,0,0,0,1,0,0,0,0,0,0,0,0,0,0,0,0,0,0,1
1,2,0,26,1383,10620,75,59,0,0,0,1,0,0,0,1,0,0,0,0,0,0,0,0,0,0,0
1,2,0,25,1012,10170,45,56,0,0,0,1,0,0,0,0,0,0,0,0,0,0,0,0,1,0,0
1,2,0,25,1209,10170,60,56,0,0,0,1,0,0,0,0,0,0,0,0,0,0,0,0,0,1,0
0,2,0,3,1190,1440,0,8,0,0,0,1,0,0,0,0,1,0,0,0,0,0,0,0,0,0,0
0,2,0,3,1190,1440,0,8,0,0,0,1,0,0,0,0,0,0,0,1,0,0,0,0,0,0,0
1,2,0,11,887,5490,50,30,0,0,0,1,0,0,0,0,0,0,0,0,0,0,0,1,0,0,0
1,2,0,11,896,5670,50,31,0,0,0,1,0,0,0,0,0,0,1,0,0,0,0,0,0,0,0
1,2,0,28,805,10530,63,58,0,0,0,1,0,0,0,0,0,0,0,1,0,0,0,0,0,0,0
1,2,0,28,762,10530,38,58,0,0,0,1,0,0,0,0,1,0,0,0,0,0,0,0,0,0,0
1,2,0,19,1043,6420,0,55,0,0,0,1,0,0,0,0,0,0,0,0,1,0,0,0,0,0,0
0,2,0,4,1190,1440,0,8,0,0,0,1,0,0,0,0,0,1,0,0,0,0,0,0,0,0,0
0,2,0,2,1190,1440,0,8,0,0,0,1,0,0,0,0,0,0,0,0,0,0,0,0,0,1,0
1,2,0,12,831,9540,30,53,0,0,0,1,0,0,0,0,0,1,0,0,0,0,0,0,0,0,0
0,2,0,2,1190,1440,0,8,0,0,0,1,0,0,0,0,0,0,0,0,0,0,0,1,0,0,0
0,2,0,2,1190,1440,0,8,0,0,0,1,0,0,0,0,0,0,0,0,0,0,0,0,1,0,0
1,2,0,50,562,10440,0,58,0,0,0,1,0,0,0,0,0,0,0,0,0,1,0,0,0,0,0
1,2,0,20,1208,7980,0,57,0,0,0,1,0,0,0,0,0,0,0,0,0,0,1,0,0,0,0
0,0,0,3,1190,1440,0,8,0,0,0,1,0,0,0,1,0,0,0,0,0,0,0,0,0,0,0
0,0,0,4,1190,1800,0,10,0,0,0,1,0,0,0,0,0,0,0,0,1,0,0,0,0,0,0
0,0,0,3,1190,1440,0,8,0,0,0,1,0,0,0,0,0,0,0,1,0,0,0,0,0,0,0
0,0,0,3,1190,1440,0,8,0,0,0,1,0,0,0,0,0,0,0,0,0,0,0,0,0,0,1
1,0,0,26,1099,8220,75,59,0,0,0,1,0,0,0,1,0,0,0,0,0,0,0,0,0,0,0
1,0,0,26,1093,10620,75,59,0,0,0,1,0,0,0,0,0,0,0,0,0,0,0,0,0,0,1
1,0,0,25,1031,10170,60,56,0,0,0,1,0,0,0,0,0,0,0,0,0,0,0,0,1,0,0
1,0,0,25,1233,10170,60,56,0,0,0,1,0,0,0,0,0,0,0,0,0,0,0,0,0,1,0
0,0,0,2,1190,1440,0,8,0,0,0,1,0,0,0,0,0,0,0,0,0,0,0,1,0,0,0
0,0,0,4,1190,1440,0,8,0,0,0,1,0,0,0,0,0,0,0,0,0,0,1,0,0,0,0
1,0,0,19,941,9900,0,55,0,0,0,1,0,0,0,0,0,0,0,0,1,0,0,0,0,0,0
1,0,0,11,843,5670,50,31,0,0,0,1,0,0,0,0,0,0,0,0,0,0,0,1,0,0,0
1,0,0,11,760,4470,50,31,0,0,0,1,0,0,0,0,0,0,1,0,0,0,0,0,0,0,0
1,0,0,28,737,10530,63,58,0,0,0,1,0,0,0,0,0,0,0,1,0,0,0,0,0,0,0
0,0,0,2,1190,1440,0,8,0,0,0,1,0,0,0,0,0,0,0,0,0,0,0,0,0,1,0
1,0,0,50,381,6930,45,58,0,0,0,1,0,0,0,0,1,0,0,0,0,0,0,0,0,0,0
1,0,0,20,1141,8460,0,59,0,0,0,1,0,0,0,0,0,0,0,0,0,0,1,0,0,0,0
1,0,0,12,1004,9540,44,53,0,0,0,1,0,0,0,0,0,1,0,0,0,0,0,0,0,0,0
0,0,0,2,1190,1440,0,8,0,0,0,1,0,0,0,0,0,0,0,0,0,0,0,0,1,0,0
0,0,0,4,1190,1440,0,8,0,0,0,1,0,0,0,0,0,1,0,0,0,0,0,0,0,0,0
0,0,0,3,1190,1440,0,8,0,0,0,1,0,0,0,0,1,0,0,0,0,0,0,0,0,0,0
0,4,0,3,1190,1440,0,2,0,0,0,1,0,0,0,1,0,0,0,0,0,0,0,0,0,0,0
0,4,0,3,1190,5400,0,20,0,0,0,1,0,0,0,0,1,0,0,0,0,0,0,0,0,0,0
0,4,0,4,1190,1620,0,9,0,0,0,1,0,0,0,0,0,0,0,0,1,0,0,0,0,0,0
0,4,0,3,1190,1440,0,8,0,0,0,1,0,0,0,0,0,0,0,0,0,0,0,0,0,0,1
1,4,0,26,1073,10620,75,59,0,0,0,1,0,0,0,1,0,0,0,0,0,0,0,0,0,0,0
1,4,0,26,1156,10620,75,59,0,0,0,1,0,0,0,0,0,0,0,0,0,0,0,0,0,0,1
1,4,0,25,1211,10260,60,57,0,0,0,1,0,0,0,0,0,0,0,0,0,0,0,0,0,1,0
1,4,0,25,1126,10170,60,56,0,0,0,1,0,0,0,0,0,0,0,0,0,0,0,0,1,0,0
0,4,0,4,1190,1440,0,8,0,0,0,1,0,0,0,0,0,0,0,0,0,0,1,0,0,0,0
0,4,0,3,1190,1440,0,8,0,0,0,1,0,0,0,0,0,0,0,1,0,0,0,0,0,0,0
1,4,0,11,1004,5670,50,31,0,0,0,1,0,0,0,0,0,0,0,0,0,0,0,1,0,0,0
1,4,0,11,1063,5670,50,31,0,0,0,1,0,0,0,0,0,0,1,0,0,0,0,0,0,0,0
1,4,0,28,723,10530,50,58,0,0,0,1,0,0,0,0,0,0,0,1,0,0,0,0,0,0,0
1,4,0,42,465,9900,54,55,0,0,0,1,0,0,0,0,0,0,0,0,1,0,0,0,0,0,0
0,4,0,2,1190,1440,0,8,0,0,0,1,0,0,0,0,0,0,0,0,0,0,0,0,0,1,0
0,4,0,2,1190,1440,0,8,0,0,0,1,0,0,0,0,0,0,0,0,0,0,0,0,1,0,0
0,4,0,4,1190,1440,0,8,0,0,0,1,0,0,0,0,0,1,0,0,0,0,0,0,0,0,0
1,4,0,27,530,9540,37,53,0,0,0,1,0,0,0,0,0,1,0,0,0,0,0,0,0,0,0
1,4,0,20,1297,10440,0,58,0,0,0,1,0,0,0,0,0,0,0,0,0,0,1,0,0,0,0
0,5,0,4,1190,1980,0,7,0,0,0,1,0,0,0,0,0,1,0,0,0,0,0,0,0,0,0
1,5,0,25,1150,10170,70,56,0,0,0,1,0,0,0,0,0,0,0,0,0,0,0,0,1,0,0
0,5,0,3,1190,1440,0,8,0,0,0,1,0,0,0,1,0,0,0,0,0,0,0,0,0,0,0
0,5,0,4,1190,1440,0,15,0,0,0,1,0,0,0,0,0,0,0,0,0,0,1,0,0,0,0
0,5,0,3,1190,1440,0,8,0,0,0,1,0,0,0,0,0,0,0,0,0,0,0,0,0,0,1
1,5,0,26,1232,10620,75,59,0,0,0,1,0,0,0,0,0,0,0,0,0,0,0,0,0,0,1
1,5,0,25,1218,10170,60,56,0,0,0,1,0,0,0,0,0,0,0,0,0,0,0,0,0,1,0
0,5,0,2,1190,1440,0,8,0,0,0,1,0,0,0,0,0,0,0,0,0,0,0,0,1,0,0
0,5,0,4,1190,1440,0,7,0,0,0,1,0,0,0,0,0,0,0,0,1,0,0,0,0,0,0
1,5,0,11,1159,2970,50,31,0,0,0,1,0,0,0,0,0,0,1,0,0,0,0,0,0,0,0
1,5,0,11,972,5670,38,31,0,0,0,1,0,0,0,0,0,0,0,0,0,0,0,1,0,0,0
1,5,0,26,1092,10620,63,59,0,0,0,1,0,0,0,1,0,0,0,0,0,0,0,0,0,0,0
1,5,0,20,965,7320,0,58,0,0,0,1,0,0,0,0,0,0,0,0,0,0,1,0,0,0,0
0,5,0,2,1190,1440,0,8,0,0,0,1,0,0,0,0,0,0,0,0,0,0,0,0,0,1,0
1,5,0,22,816,5100,23,57,0,0,0,1,0,0,0,0,0,0,0,0,0,1,0,0,0,0,0
0,5,0,3,1190,1260,0,8,0,0,0,1,0,0,0,0,1,0,0,0,0,0,0,0,0,0,0
1,5,0,51,1086,4260,27,57,0,0,0,1,0,0,0,0,0,0,0,1,0,0,0,0,0,0,0
0,5,0,3,1190,1260,0,8,0,0,0,1,0,0,0,0,0,0,0,1,0,0,0,0,0,0,0
0,3,0,3,1190,3420,0,19,0,0,0,0,1,0,0,0,1,0,0,0,0,0,0,0,0,0,0
0,3,0,3,1190,1440,0,8,0,0,0,0,1,0,0,1,0,0,0,0,0,0,0,0,0,0,0
0,3,0,4,1190,1440,0,8,0,0,0,0,1,0,0,0,0,0,0,0,0,0,1,0,0,0,0
0,3,0,3,1190,1440,0,8,0,0,0,0,1,0,0,0,0,0,0,0,0,0,0,0,0,0,1
1,3,0,26,1160,10620,75,59,0,0,0,0,1,0,0,1,0,0,0,0,0,0,0,0,0,0,0
1,3,0,25,1177,8970,60,56,0,0,0,0,1,0,0,0,0,0,0,0,0,0,0,0,0,1,0
1,3,0,25,1281,10170,60,56,0,0,0,0,1,0,0,0,0,0,0,0,0,0,0,0,1,0,0
1,3,0,26,1369,10620,63,59,0,0,0,0,1,0,0,0,0,0,0,0,0,0,0,0,0,0,1
1,3,0,11,1084,4950,38,31,0,0,0,0,1,0,0,0,0,0,0,0,0,0,0,1,0,0,0
1,3,0,11,1216,4950,50,31,0,0,0,0,1,0,0,0,0,0,1,0,0,0,0,0,0,0,0
1,3,0,20,391,10440,0,58,0,0,0,0,1,0,0,0,0,0,0,0,0,0,1,0,0,0,0
0,3,0,2,1190,1440,0,8,0,0,0,0,1,0,0,0,0,0,0,0,0,0,0,0,1,0,0
1,3,0,22,872,10080,26,56,0,0,0,0,1,0,0,0,0,0,0,0,0,1,0,0,0,0,0
0,3,0,2,1190,1440,0,8,0,0,0,0,1,0,0,0,0,0,0,0,0,0,0,0,0,1,0
1,3,0,22,1076,10170,23,56,0,0,0,0,1,0,0,0,1,0,0,0,0,0,0,0,0,0,0
0,1,0,4,1190,2700,0,15,0,0,0,0,1,0,0,0,0,0,0,0,0,0,1,0,0,0,0
0,1,0,3,1190,1800,0,10,0,0,0,0,1,0,0,0,0,0,0,1,0,0,0,0,0,0,0
0,1,0,3,1190,1440,0,8,0,0,0,0,1,0,0,0,1,0,0,0,0,0,0,0,0,0,0
0,1,0,3,1190,1440,0,8,0,0,0,0,1,0,0,1,0,0,0,0,0,0,0,0,0,0,0
0,1,0,3,1190,1800,0,10,0,0,0,0,1,0,0,0,0,0,0,0,0,0,0,0,0,0,1
1,1,0,11,1067,5490,63,30,0,0,0,0,1,0,0,0,0,0,0,0,0,0,0,1,0,0,0
1,1,0,11,1039,5670,63,31,0,0,0,0,1,0,0,0,0,0,1,0,0,0,0,0,0,0,0
1,1,0,25,1396,10170,50,56,0,0,0,0,1,0,0,0,0,0,0,0,0,0,0,0,1,0,0
1,1,0,25,1292,10170,50,56,0,0,0,0,1,0,0,0,0,0,0,0,0,0,0,0,0,1,0
1,1,0,48,171,10620,63,59,0,0,0,0,1,0,0,1,0,0,0,0,0,0,0,0,0,0,0
1,1,0,26,1128,10620,63,59,0,0,0,0,1,0,0,0,0,0,0,0,0,0,0,0,0,0,1
1,1,0,22,865,6570,23,56,0,0,0,0,1,0,0,0,0,0,0,1,0,0,0,0,0,0,0
1,1,0,22,825,10170,50,56,0,0,0,0,1,0,0,0,0,0,0,0,0,1,0,0,0,0,0
0,1,0,2,1190,1440,0,8,0,0,0,0,1,0,0,0,0,0,0,0,0,0,0,0,0,1,0
0,1,0,2,1190,1440,0,8,0,0,0,0,1,0,0,0,0,0,0,0,0,0,0,0,1,0,0
1,1,0,22,1163,9720,35,54,0,0,0,0,1,0,0,0,1,0,0,0,0,0,0,0,0,0,0
1,1,0,22,1140,10170,30,56,0,0,0,0,1,0,0,0,0,0,0,0,1,0,0,0,0,0,0
1,1,0,14,1027,10080,38,56,0,0,0,0,1,0,0,0,0,1,0,0,0,0,0,0,0,0,0
0,1,0,2,1190,900,0,5,0,0,0,0,1,0,0,0,0,0,0,0,0,0,0,1,0,0,0
1,1,0,41,1052,10440,21,58,0,0,0,0,1,0,0,0,0,0,0,0,0,0,1,0,0,0,0
0,1,0,4,1190,1260,0,7,0,0,0,0,1,0,0,0,0,1,0,0,0,0,0,0,0,0,0
0,2,0,4,1190,1440,0,8,0,0,0,0,1,0,0,0,0,0,0,0,0,0,1,0,0,0,0
0,2,0,4,1190,2160,0,12,0,0,0,0,1,0,0,0,0,1,0,0,0,0,0,0,0,0,0
0,2,0,2,1190,1800,0,10,0,0,0,0,1,0,0,0,0,0,0,0,0,0,0,1,0,0,0
1,2,0,11,1140,5490,63,30,0,0,0,0,1,0,0,0,0,0,0,0,0,0,0,1,0,0,0
1,2,0,48,624,10170,50,56,0,0,0,0,1,0,0,0,0,0,0,0,0,0,0,0,1,0,0
1,2,0,25,1288,10170,38,56,0,0,0,0,1,0,0,0,0,0,0,0,0,0,0,0,0,1,0
1,2,0,26,1381,3660,50,59,0,0,0,0,1,0,0,0,0,0,0,0,0,0,0,0,0,0,1
1,2,0,22,882,10170,50,56,0,0,0,0,1,0,0,0,0,0,0,0,0,1,0,0,0,0,0
1,2,0,22,1002,10080,40,56,0,0,0,0,1,0,0,0,1,0,0,0,0,0,0,0,0,0,0
0,2,0,2,1190,1440,0,8,0,0,0,0,1,0,0,0,0,0,0,0,0,0,0,0,1,0,0
1,2,0,26,585,5670,56,31,0,0,0,0,1,0,0,0,0,0,1,0,0,0,0,0,0,0,0
1,2,0,22,1138,10170,35,56,0,0,0,0,1,0,0,0,0,0,0,0,1,0,0,0,0,0,0
1,2,0,14,1140,10260,44,57,0,0,0,0,1,0,0,0,0,1,0,0,0,0,0,0,0,0,0
1,2,0,22,1025,10170,26,56,0,0,0,0,1,0,0,0,0,0,0,1,0,0,0,0,0,0,0
0,2,0,2,1190,1440,0,8,0,0,0,0,1,0,0,0,0,0,0,0,0,0,0,0,0,1,0
1,2,0,20,1031,10440,30,58,0,0,0,0,1,0,0,0,0,0,0,0,0,0,1,0,0,0,0
0,2,0,3,1190,1800,0,10,0,0,0,0,1,0,0,0,0,0,0,0,0,0,0,0,0,0,1
1,2,0,49,1381,10350,24,57,0,0,0,0,1,0,0,1,0,0,0,0,0,0,0,0,0,0,0
0,2,0,3,1190,1440,0,8,0,0,0,0,1,0,0,0,1,0,0,0,0,0,0,0,0,0,0
0,0,0,4,1190,5040,0,28,0,0,0,0,1,0,0,0,0,0,0,0,0,1,0,0,0,0,0
0,0,0,3,1190,1800,0,10,0,0,0,0,1,0,0,0,0,0,0,0,0,0,0,0,0,0,1
0,0,0,4,1190,1440,0,8,0,0,0,0,1,0,0,0,0,0,0,0,0,0,1,0,0,0,0
1,0,0,11,1028,4380,50,31,0,0,0,0,1,0,0,0,0,0,0,0,0,0,0,1,0,0,0
1,0,0,25,1380,3630,50,56,0,0,0,0,1,0,0,0,0,0,0,0,0,0,0,0,0,1,0
1,0,0,26,1196,10620,63,59,0,0,0,0,1,0,0,0,0,0,0,0,0,0,0,0,0,0,1
0,0,0,2,1190,1440,0,8,0,0,0,0,1,0,0,0,0,0,1,0,0,0,0,0,0,0,0
1,0,0,22,1006,10170,38,56,0,0,0,0,1,0,0,0,0,0,0,1,0,0,0,0,0,0,0
1,0,0,22,930,10260,63,57,0,0,0,0,1,0,0,0,0,0,0,0,0,1,0,0,0,0,0
1,0,0,22,1095,10170,50,56,0,0,0,0,1,0,0,0,0,0,0,0,1,0,0,0,0,0,0
1,0,0,22,938,10080,63,56,0,0,0,0,1,0,0,0,1,0,0,0,0,0,0,0,0,0,0
1,0,0,14,1484,10260,50,57,0,0,0,0,1,0,0,0,0,1,0,0,0,0,0,0,0,0,0
0,0,0,2,1190,1440,0,8,0,0,0,0,1,0,0,0,0,0,0,0,0,0,0,0,0,1,0
1,0,0,20,1255,8280,35,58,0,0,0,0,1,0,0,0,0,0,0,0,0,0,1,0,0,0,0
1,0,0,48,1040,10260,30,57,0,0,0,0,1,0,0,0,0,0,0,0,0,0,0,0,1,0,0
0,0,0,3,1190,1440,0,8,0,0,0,0,1,0,0,0,1,0,0,0,0,0,0,0,0,0,0
0,0,0,4,1190,1440,0,8,0,0,0,0,1,0,0,0,0,1,0,0,0,0,0,0,0,0,0
0,4,0,4,1190,1440,0,8,1,0,0,0,1,0,0,0,0,0,0,0,0,0,1,0,0,0,0
1,4,0,11,1047,5580,63,31,0,0,0,0,1,0,0,0,0,0,0,0,0,0,0,1,0,0,0
1,4,0,25,1434,10170,50,56,0,0,0,0,1,0,0,0,0,0,0,0,0,0,0,0,0,1,0
1,4,0,26,399,10620,63,59,0,0,0,0,1,0,0,0,0,0,0,0,0,0,0,0,0,0,1
1,4,0,22,983,10260,63,57,0,0,0,0,1,0,0,0,0,0,0,0,0,1,0,0,0,0,0
1,4,0,22,1108,10080,63,56,0,0,0,0,1,0,0,0,1,0,0,0,0,0,0,0,0,0,0
1,4,0,22,1134,8460,50,57,0,0,0,0,1,0,0,0,0,0,0,0,1,0,0,0,0,0,0
1,4,0,22,1363,10260,50,57,0,0,0,0,1,0,0,0,0,0,0,1,0,0,0,0,0,0,0
0,4,0,3,1190,1800,0,10,0,0,0,0,1,0,0,0,0,0,0,0,0,0,0,0,0,0,1
1,4,0,14,1501,10260,50,57,0,0,0,0,1,0,0,0,0,1,0,0,0,0,0,0,0,0,0
1,4,0,20,1352,10260,50,57,0,0,0,0,1,0,0,0,0,0,0,0,0,0,1,0,0,0,0
0,4,0,2,1190,1440,0,8,0,0,0,0,1,0,0,0,0,0,0,0,0,0,0,0,0,1,0
0,4,0,4,1190,2700,0,15,0,0,0,0,1,0,0,0,0,1,0,0,0,0,0,0,0,0,0
0,5,0,4,1190,6000,0,20,0,0,0,0,1,0,0,0,0,0,0,0,0,1,0,0,0,0,0
0,5,0,3,1190,5100,0,17,0,0,0,0,1,0,0,0,0,0,0,1,0,0,0,0,0,0,0
1,5,0,22,825,10080,94,56,0,0,0,0,1,0,0,0,0,0,0,0,0,1,0,0,0,0,0
1,5,0,11,916,5760,75,89,0,0,0,0,1,0,0,0,0,0,0,0,0,0,0,1,0,0,0
0,5,0,3,1190,2400,0,8,0,0,0,0,1,0,0,0,0,0,0,0,0,0,0,0,0,0,1
1,5,0,25,562,7470,38,56,0,0,0,0,1,0,0,0,0,0,0,0,0,0,0,0,0,1,0
1,5,0,22,1422,10500,60,57,0,0,0,0,1,0,0,0,0,0,0,1,0,0,0,0,0,0,0
1,5,0,22,1206,10080,75,56,0,0,0,0,1,0,0,0,1,0,0,0,0,0,0,0,0,0,0
0,5,0,4,1190,2400,0,8,0,0,0,0,1,0,0,0,0,0,0,0,0,0,1,0,0,0,0
1,5,0,20,1404,10440,50,58,0,0,0,0,1,0,0,0,0,0,0,0,0,0,1,0,0,0,0
1,5,0,22,1139,10260,63,57,0,0,0,0,1,0,0,0,0,0,0,0,1,0,0,0,0,0,0
1,5,0,14,1735,10260,50,57,0,0,0,0,1,0,0,0,0,1,0,0,0,0,0,0,0,0,0
1,5,0,22,1595,10260,34,57,0,0,0,0,1,0,0,1,0,0,0,0,0,0,0,0,0,0,0
1,5,0,15,1245,6360,23,34,0,0,0,0,1,0,0,0,0,0,1,0,0,0,0,0,0,0,0
0,5,0,2,1190,2400,0,8,0,0,0,0,1,0,0,0,0,0,0,0,0,0,0,0,0,1,0
1,5,0,52,757,4140,29,58,0,0,0,0,1,0,0,0,0,0,0,0,0,0,0,0,0,0,1
0,5,0,3,1190,2400,0,8,0,0,0,0,1,0,0,1,0,0,0,0,0,0,0,0,0,0,0
0,5,0,4,1190,2700,0,9,0,0,0,0,1,0,0,0,0,1,0,0,0,0,0,0,0,0,0
0,3,0,3,1190,6000,0,10,0,0,0,0,0,1,0,0,0,0,0,0,0,0,0,0,1,0,0
0,3,0,3,1190,8400,0,14,0,0,0,0,0,1,0,0,1,0,0,0,0,0,0,0,0,0,0
1,3,0,22,759,10080,81,56,0,0,0,0,0,1,0,0,0,0,0,0,0,1,0,0,0,0,0
1,3,0,22,1510,10620,60,57,0,0,0,0,0,1,0,0,0,0,0,1,0,0,0,0,0,0,0
1,3,0,11,955,6360,63,32,0,0,0,0,0,1,0,0,0,0,0,0,0,0,0,1,0,0,0
1,3,0,22,1328,10080,55,56,0,0,0,0,0,1,0,0,1,0,0,0,0,0,0,0,0,0,0
1,3,0,22,1384,12180,63,57,0,0,0,0,0,1,0,1,0,0,0,0,0,0,0,0,0,0,0
1,3,0,22,1244,10260,63,57,0,0,0,0,0,1,0,0,0,0,0,0,1,0,0,0,0,0,0
0,3,0,4,1190,9000,0,15,0,0,0,0,0,1,0,0,0,0,0,0,0,0,1,0,0,0,0
1,3,0,20,1480,10440,40,58,0,0,0,0,0,1,0,0,0,0,0,0,0,0,1,0,0,0,0
1,3,0,14,1863,10260,50,57,0,0,0,0,0,1,0,0,0,1,0,0,0,0,0,0,0,0,0
0,3,0,4,1190,9000,0,15,0,0,0,0,0,1,0,0,0,0,0,0,0,1,0,0,0,0,0
0,3,0,3,1190,15000,0,25,0,0,0,0,0,1,0,1,0,0,0,0,0,0,0,0,0,0,0
0,3,0,3,1190,15000,0,25,0,0,0,0,0,1,0,0,0,0,0,1,0,0,0,0,0,0,0
0,3,0,2,1190,4800,0,8,0,0,0,0,0,1,0,0,0,0,0,0,0,0,0,1,0,0,0
1,3,0,15,1492,6960,23,34,0,0,0,0,0,1,0,0,0,0,1,0,0,0,0,0,0,0,0
1,3,0,22,1859,10260,23,57,0,0,0,0,0,1,0,0,0,0,0,0,0,0,0,0,1,0,0
1,3,0,40,980,10770,30,56,0,0,0,0,0,1,0,0,0,0,0,0,0,0,0,0,0,1,0
0,3,0,3,1190,12000,0,20,0,0,0,0,0,1,0,0,0,0,0,0,1,0,0,0,0,0,0
0,3,0,2,1190,4800,0,8,0,0,0,0,0,1,0,0,0,0,0,0,0,0,0,0,0,1,0
0,3,0,4,1190,5400,0,9,0,0,0,0,0,1,0,0,0,0,1,0,0,0,0,0,0,0,0
0,1,0,4,1190,2700,0,15,0,0,0,0,0,1,0,0,0,0,0,0,0,0,1,0,0,0,0
0,1,0,3,1190,1800,0,10,0,0,0,0,0,1,0,0,1,0,0,0,0,0,0,0,0,0,0
0,1,0,2,1190,1620,0,9,0,0,0,0,0,1,0,0,0,0,0,0,0,0,0,0,0,1,0
1,1,0,22,1606,10260,94,57,0,0,0,0,0,1,0,0,0,0,0,1,0,0,0,0,0,0,0
1,1,0,22,727,10260,94,57,0,0,0,0,0,1,0,0,0,0,0,0,0,1,0,0,0,0,0
0,1,0,4,1190,1800,0,10,0,0,0,0,0,1,0,0,0,1,0,0,0,0,0,0,0,0,0
0,1,0,3,1190,1440,0,8,0,0,0,0,0,1,0,0,0,0,0,0,1,0,0,0,0,0,0
0,1,0,3,1190,2160,0,12,0,0,0,0,0,1,0,0,0,0,0,0,0,0,0,0,1,0,0
0,1,0,4,1190,1620,0,9,0,0,0,0,0,1,0,0,0,0,1,0,0,0,0,0,0,0,0
1,1,0,22,1472,10260,75,57,0,0,0,0,0,1,0,1,0,0,0,0,0,0,0,0,0,0,0
1,1,0,22,1332,10080,69,56,0,0,0,0,0,1,0,0,1,0,0,0,0,0,0,0,0,0,0
1,1,0,11,1009,5640,63,32,0,0,0,0,0,1,0,0,0,0,0,0,0,0,0,1,0,0,0
1,1,0,22,1266,10260,69,57,0,0,0,0,0,1,0,0,0,0,0,0,1,0,0,0,0,0,0
1,1,0,15,1316,6120,40,34,0,0,0,0,0,1,0,0,0,0,1,0,0,0,0,0,0,0,0
1,1,0,42,1282,10260,56,57,0,0,0,0,0,1,0,0,0,1,0,0,0,0,0,0,0,0,0
1,1,0,20,1382,10440,50,58,0,0,0,0,0,1,0,0,0,0,0,0,0,0,1,0,0,0,0
0,1,0,4,1190,2160,0,12,0,0,0,0,0,1,0,0,0,0,0,0,0,1,0,0,0,0,0
1,1,0,22,1295,10170,26,56,0,0,0,0,0,1,0,0,0,0,0,0,0,0,0,0,1,0,0
1,1,0,29,925,6660,23,58,0,0,0,0,0,1,0,0,0,0,0,0,0,0,0,0,0,0,1
0,1,0,3,1190,1440,0,8,0,0,0,0,0,1,0,0,0,0,0,1,0,0,0,0,0,0,0
0,1,0,3,1190,1440,0,8,0,0,0,0,0,1,0,1,0,0,0,0,0,0,0,0,0,0,0
0,1,0,3,1190,1440,0,8,0,0,0,0,0,1,0,0,0,0,0,0,0,0,0,0,0,0,1
0,2,0,4,1190,3060,0,17,0,0,0,0,0,1,0,0,0,0,0,0,0,0,1,0,0,0,0
0,2,0,3,1190,1440,0,8,0,0,0,0,0,1,0,0,0,0,0,1,0,0,0,0,0,0,0
0,2,0,3,1190,1440,0,8,0,0,0,0,0,1,0,1,0,0,0,0,0,0,0,0,0,0,0
0,2,0,3,1190,1620,0,9,0,0,0,0,0,1,0,0,0,0,0,0,1,0,0,0,0,0,0
0,2,0,3,1190,3420,0,19,0,0,0,0,0,1,0,0,1,0,0,0,0,0,0,0,0,0,0
0,2,0,4,1190,2160,0,12,0,0,0,0,0,1,0,0,0,0,0,0,0,1,0,0,0,0,0
1,2,0,22,867,10260,94,57,0,0,0,0,0,1,0,0,0,0,0,0,0,1,0,0,0,0,0
1,2,0,22,1636,10530,81,58,0,0,0,0,0,1,0,0,0,0,0,1,0,0,0,0,0,0,0
1,2,0,22,1682,10530,75,58,0,0,0,0,0,1,0,1,0,0,0,0,0,0,0,0,0,0,0
1,2,0,22,1495,10350,55,57,0,0,0,0,0,1,0,0,0,0,0,0,1,0,0,0,0,0,0
1,2,0,11,1181,5760,63,32,0,0,0,0,0,1,0,0,0,0,0,0,0,0,0,1,0,0,0
1,2,0,22,1413,10080,69,56,0,0,0,0,0,1,0,0,1,0,0,0,0,0,0,0,0,0,0
0,2,0,3,1190,2520,0,14,0,0,0,0,0,1,0,0,0,0,0,0,0,0,0,0,1,0,0
1,2,0,22,360,10170,40,56,0,0,0,0,0,1,0,0,0,0,0,0,0,0,0,0,1,0,0
1,2,0,15,1296,6120,40,34,0,0,0,0,0,1,0,0,0,0,1,0,0,0,0,0,0,0,0
1,2,0,20,1217,10440,50,58,0,0,0,0,0,1,0,0,0,0,0,0,0,0,1,0,0,0,0
1,2,0,29,1086,10440,26,58,0,0,0,0,0,1,0,0,0,0,0,0,0,0,0,0,0,0,1
0,2,0,4,1190,1620,0,9,0,0,0,0,0,1,0,0,0,0,1,0,0,0,0,0,0,0,0
1,2,0,42,532,10260,40,57,0,0,0,0,0,1,0,0,0,1,0,0,0,0,0,0,0,0,0
0,2,0,2,1190,720,0,4,0,0,0,0,0,1,0,0,0,0,0,0,0,0,0,0,0,1,0
0,0,0,3,1190,1800,0,10,1,0,0,0,0,1,0,0,0,0,0,0,1,0,0,0,0,0,0
0,0,0,3,1190,3780,0,21,0,0,0,0,0,1,0,0,1,0,0,0,0,0,0,0,0,0,0
0,0,0,4,1190,2160,0,12,0,0,0,0,0,1,0,0,0,0,0,0,0,1,0,0,0,0,0
0,0,0,4,1190,2700,0,15,0,0,0,0,0,1,0,0,0,0,0,0,0,0,1,0,0,0,0
0,0,0,3,1190,1800,0,10,0,0,0,0,0,1,0,0,0,0,0,1,0,0,0,0,0,0,0
0,0,0,3,1190,1800,0,10,0,0,0,0,0,1,0,1,0,0,0,0,0,0,0,0,0,0,0
1,0,0,22,1016,10170,60,56,0,0,0,0,0,1,0,0,0,0,0,0,0,1,0,0,0,0,0
1,0,0,11,1072,5760,50,32,0,0,0,0,0,1,0,0,0,0,0,0,0,0,0,1,0,0,0
1,0,0,22,1584,10260,69,57,0,0,0,0,0,1,0,0,0,0,0,0,1,0,0,0,0,0,0
1,0,0,22,1764,10260,55,57,0,0,0,0,0,1,0,0,0,0,0,1,0,0,0,0,0,0,0
1,0,0,22,1745,10440,60,58,0,0,0,0,0,1,0,1,0,0,0,0,0,0,0,0,0,0,0
1,0,0,22,1250,10080,55,56,0,0,0,0,0,1,0,0,1,0,0,0,0,0,0,0,0,0,0
0,0,0,4,1190,1620,0,9,0,0,0,0,0,1,0,0,0,0,1,0,0,0,0,0,0,0,0
1,0,0,20,1118,10320,56,58,0,0,0,0,0,1,0,0,0,0,0,0,0,0,1,0,0,0,0
1,0,0,29,1143,10440,40,58,0,0,0,0,0,1,0,0,0,0,0,0,0,0,0,0,0,0,1
1,0,0,15,1337,6120,40,34,0,0,0,0,0,1,0,0,0,0,1,0,0,0,0,0,0,0,0
0,0,0,3,1190,1440,0,8,0,0,0,0,0,1,0,0,0,0,0,0,0,0,0,0,1,0,0
1,0,0,15,1519,360,23,52,0,0,0,0,0,1,0,0,0,0,0,0,0,0,0,0,0,1,0
1,4,0,22,1635,6840,119,57,1,0,0,0,0,1,0,0,0,0,0,1,0,0,0,0,0,0,0
1,4,0,22,1299,6840,119,57,1,0,0,0,0,1,0,0,0,0,0,0,1,0,0,0,0,0,0
0,4,0,3,1190,1440,0,12,0,0,0,0,0,1,0,0,1,0,0,0,0,0,0,0,0,0,0
0,4,0,4,1190,1440,0,12,0,0,0,0,0,1,0,0,0,0,0,0,0,1,0,0,0,0,0
1,4,0,22,1134,6720,70,56,0,0,0,0,0,1,0,0,1,0,0,0,0,0,0,0,0,0,0
0,4,0,3,1190,1440,0,12,0,0,0,0,0,1,0,0,0,0,0,0,1,0,0,0,0,0,0
1,4,0,22,1106,6780,60,56,0,0,0,0,0,1,0,0,0,0,0,0,0,1,0,0,0,0,0
0,4,0,3,1190,960,0,8,0,0,0,0,0,1,0,0,0,0,0,0,0,0,0,0,0,1,0
0,4,0,4,1190,1080,0,9,0,0,0,0,0,1,0,0,0,0,1,0,0,0,0,0,0,0,0
1,4,0,22,1871,6960,55,58,0,0,0,0,0,1,0,1,0,0,0,0,0,0,0,0,0,0,0
0,4,0,3,1190,1200,0,10,0,0,0,0,0,1,0,0,0,0,0,1,0,0,0,0,0,0,0
0,4,0,3,1190,1200,0,10,0,0,0,0,0,1,0,1,0,0,0,0,0,0,0,0,0,0,0
1,4,0,29,1294,6960,50,58,0,0,0,0,0,1,0,0,0,0,0,0,0,0,0,0,0,0,1
1,4,0,15,1462,4080,40,34,0,0,0,0,0,1,0,0,0,0,1,0,0,0,0,0,0,0,0
1,4,0,15,976,240,23,52,0,0,0,0,0,1,0,0,0,0,0,0,0,0,0,0,0,1,0
1,4,0,30,338,3840,34,32,0,0,0,0,0,1,0,0,0,0,0,0,0,0,0,1,0,0,0
0,4,0,2,1190,960,0,8,0,0,0,0,0,1,0,0,0,0,0,0,0,0,0,1,0,0,0
1,5,0,22,1559,6840,90,57,1,0,0,0,0,1,0,0,0,0,0,1,0,0,0,0,0,0,0
1,5,0,22,1350,6840,113,57,1,0,0,0,0,1,0,0,0,0,0,0,1,0,0,0,0,0,0
0,5,0,3,1190,1200,0,10,0,0,0,0,0,1,0,1,0,0,0,0,0,0,0,0,0,0,0
0,5,0,3,1190,1800,0,15,0,0,0,0,0,1,0,0,0,0,0,1,0,0,0,0,0,0,0
1,5,0,22,1175,6720,60,56,0,0,0,0,0,1,0,0,1,0,0,0,0,0,0,0,0,0,0
1,5,0,22,1868,6960,81,58,0,0,0,0,0,1,0,1,0,0,0,0,0,0,0,0,0,0,0
0,5,0,3,1190,1200,0,10,0,0,0,0,0,1,0,0,1,0,0,0,0,0,0,0,0,0,0
1,5,0,20,1045,6960,88,58,0,0,0,0,0,1,0,0,0,0,0,0,0,0,1,0,0,0,0
1,5,0,22,1342,6780,50,56,0,0,0,0,0,1,0,0,0,0,0,0,0,1,0,0,0,0,0
0,5,0,4,1190,1080,0,9,0,0,0,0,0,1,0,0,0,0,1,0,0,0,0,0,0,0,0
1,5,0,29,1340,6960,63,58,0,0,0,0,0,1,0,0,0,0,0,0,0,0,0,0,0,0,1
1,5,0,15,1429,3600,45,35,0,0,0,0,0,1,0,0,0,0,1,0,0,0,0,0,0,0,0
0,5,0,4,1190,1440,0,12,0,0,0,0,0,1,0,0,0,0,0,0,0,1,0,0,0,0,0
0,5,0,4,1190,960,0,8,0,0,0,0,0,1,0,0,0,0,0,0,0,0,0,0,0,1,0
1,5,0,38,336,6240,0,52,0,0,0,0,0,1,0,0,0,0,0,0,0,0,0,0,0,1,0
0,5,0,3,1190,960,0,8,0,0,0,0,0,1,0,0,0,0,0,0,0,0,0,0,1,0,0
1,5,0,23,958,6600,0,55,0,0,0,0,0,1,0,0,0,0,0,0,0,0,0,0,1,0,0
1,3,0,22,1416,6840,113,57,1,0,0,0,0,0,1,0,0,0,0,1,0,0,0,0,0,0,0
0,3,0,4,1190,1200,0,10,0,0,0,0,0,0,1,0,0,0,0,0,0,1,0,0,0,0,0
1,3,0,22,1287,6840,100,57,0,0,0,0,0,0,1,0,0,0,0,0,1,0,0,0,0,0,0
1,3,0,22,1444,6900,88,57,0,0,0,0,0,0,1,0,0,0,0,0,0,1,0,0,0,0,0
1,3,0,22,1088,6720,88,56,0,0,0,0,0,0,1,0,1,0,0,0,0,0,0,0,0,0,0
0,3,0,4,1190,960,0,8,0,0,0,0,0,0,1,0,0,0,0,0,0,0,0,0,0,1,0
0,3,0,2,1190,960,0,8,0,0,0,0,0,0,1,0,0,1,0,0,0,0,0,0,0,0,0
0,3,0,3,1190,1200,0,10,0,0,0,0,0,0,1,0,1,0,0,0,0,0,0,0,0,0,0
0,3,0,3,1190,1200,0,10,0,0,0,0,0,0,1,1,0,0,0,0,0,0,0,0,0,0,0
1,3,0,22,1579,6960,81,58,0,0,0,0,0,0,1,1,0,0,0,0,0,0,0,0,0,0,0
1,3,0,29,1170,6960,53,58,0,0,0,0,0,0,1,0,0,0,0,0,0,0,0,0,0,0,1
1,3,0,20,1015,7080,81,59,0,0,0,0,0,0,1,0,0,0,0,0,0,0,1,0,0,0,0
0,3,0,3,1190,1200,0,10,0,0,0,0,0,0,1,0,0,0,0,1,0,0,0,0,0,0,0
1,3,0,15,1436,4200,45,35,0,0,0,0,0,0,1,0,0,0,1,0,0,0,0,0,0,0,0
0,3,0,4,1190,1080,0,9,0,0,0,0,0,0,1,0,0,0,1,0,0,0,0,0,0,0,0
1,3,0,20,1601,4320,46,51,0,0,0,0,0,0,1,0,0,1,0,0,0,0,0,0,0,0,0
0,3,0,3,1190,960,0,8,0,0,0,0,0,0,1,0,0,0,0,0,1,0,0,0,0,0,0
1,3,0,23,830,6600,0,55,0,0,0,0,0,0,1,0,0,0,0,0,0,0,0,0,1,0,0
1,1,0,22,1136,6960,113,58,1,0,0,0,0,0,1,0,0,0,0,0,1,0,0,0,0,0,0
1,1,0,22,1397,6840,113,57,1,0,0,0,0,0,1,0,0,0,0,1,0,0,0,0,0,0,0
0,1,0,3,1190,1200,0,10,0,0,0,0,0,0,1,0,0,0,0,1,0,0,0,0,0,0,0
0,1,0,3,1190,960,0,8,0,0,0,0,0,0,1,0,0,0,0,0,1,0,0,0,0,0,0
0,1,0,3,1190,1200,0,10,0,0,0,0,0,0,1,0,0,0,0,0,0,1,0,0,0,0,0
0,1,0,3,1190,1200,0,10,0,0,0,0,0,0,1,0,1,0,0,0,0,0,0,0,0,0,0
0,1,0,3,1190,1800,0,15,0,0,0,0,0,0,1,1,0,0,0,0,0,0,0,0,0,0,0
0,1,0,3,1190,240,0,2,0,0,0,0,0,0,1,0,0,0,0,0,0,0,0,0,0,0,1
0,1,0,4,1190,1080,0,9,0,0,0,0,0,0,1,0,0,0,1,0,0,0,0,0,0,0,0
0,1,0,3,1190,240,0,2,0,0,0,0,0,0,1,0,0,0,0,0,0,0,1,0,0,0,0
0,1,0,3,1190,1200,0,10,0,0,0,0,0,0,1,0,0,0,0,0,0,0,0,0,1,0,0
0,1,0,3,1190,960,0,8,0,0,0,0,0,0,1,0,0,0,0,0,0,0,0,0,0,1,0
0,1,0,3,1190,600,0,5,0,0,0,0,0,0,1,0,0,1,0,0,0,0,0,0,0,0,0
0,1,0,3,1190,1200,0,10,0,0,0,0,0,0,1,0,0,0,0,0,0,0,0,1,0,0,0
1,1,0,22,1116,6720,93,56,0,0,0,0,0,0,1,0,1,0,0,0,0,0,0,0,0,0,0
1,1,0,22,1432,6660,88,57,0,0,0,0,0,0,1,0,0,0,0,0,0,1,0,0,0,0,0
1,1,0,29,1082,6840,81,57,0,0,0,0,0,0,1,0,0,0,0,0,0,0,0,0,0,0,1
1,1,0,22,1502,6960,81,58,0,0,0,0,0,0,1,1,0,0,0,0,0,0,0,0,0,0,0
1,1,0,15,1209,4200,45,35,0,0,0,0,0,0,1,0,0,0,1,0,0,0,0,0,0,0,0
1,1,0,50,282,5880,56,59,0,0,0,0,0,0,1,0,0,0,0,0,0,0,1,0,0,0,0
1,1,0,20,1417,6480,49,54,0,0,0,0,0,0,1,0,0,1,0,0,0,0,0,0,0,0,0
1,1,0,18,799,3960,23,33,0,0,0,0,0,0,1,0,0,0,0,0,0,0,0,1,0,0,0
1,1,0,23,1109,6720,0,56,0,0,0,0,0,0,1,0,0,0,0,0,0,0,0,0,1,0,0
0,2,0,4,1190,960,0,8,1,0,1,0,0,0,0,0,0,0,0,0,0,0,0,0,0,1,0
1,2,0,22,1396,6900,113,57,1,0,1,0,0,0,0,0,0,0,0,1,0,0,0,0,0,0,0
1,2,0,22,1582,3060,113,58,1,0,1,0,0,0,0,1,0,0,0,0,0,0,0,0,0,0,0
0,2,0,3,1190,2280,0,19,0,0,1,0,0,0,0,1,0,0,0,0,0,0,0,0,0,0,0
1,2,0,22,1124,6840,100,57,0,0,1,0,0,0,0,0,0,0,0,0,1,0,0,0,0,0,0
0,2,0,3,1190,1200,0,10,0,0,1,0,0,0,0,0,0,0,0,1,0,0,0,0,0,0,0
0,2,0,3,1190,2160,0,18,0,0,1,0,0,0,0,0,0,0,0,0,0,0,0,0,1,0,0
0,2,0,3,1190,1200,0,10,0,0,1,0,0,0,0,0,1,0,0,0,0,0,0,0,0,0,0
1,2,0,22,1282,6720,75,56,0,0,1,0,0,0,0,0,1,0,0,0,0,0,0,0,0,0,0
1,2,0,22,1472,7020,60,58,0,0,1,0,0,0,0,0,0,0,0,0,0,1,0,0,0,0,0
0,2,0,4,1190,1440,0,12,0,0,1,0,0,0,0,0,0,0,0,0,0,1,0,0,0,0,0
1,2,0,29,1282,6960,45,58,0,0,1,0,0,0,0,0,0,0,0,0,0,0,0,0,0,0,1
1,2,0,15,1276,1440,45,35,0,0,1,0,0,0,0,0,0,0,1,0,0,0,0,0,0,0,0
0,2,0,4,1190,1080,0,9,0,0,1,0,0,0,0,0,0,0,1,0,0,0,0,0,0,0,0
1,2,0,20,1192,6120,75,54,0,0,1,0,0,0,0,0,0,1,0,0,0,0,0,0,0,0,0
1,2,0,18,881,3960,26,33,0,0,1,0,0,0,0,0,0,0,0,0,0,0,0,1,0,0,0
1,2,0,24,1196,6600,0,55,0,0,1,0,0,0,0,0,0,0,0,0,0,0,0,0,0,1,0
1,2,0,24,1400,6720,0,56,0,0,1,0,0,0,0,0,0,0,0,0,0,0,0,0,1,0,0
0,2,0,2,1190,1200,0,10,0,0,1,0,0,0,0,0,0,0,0,0,0,0,0,1,0,0,0
1,0,0,22,16882,7020,113,58,1,0,1,0,0,0,0,1,0,0,0,0,0,0,0,0,0,0,0
0,0,0,3,1190,960,0,8,0,0,1,0,0,0,0,0,0,0,0,0,0,0,0,0,0,0,1
1,0,0,22,21385,7020,88,58,0,0,1,0,0,0,0,0,0,0,0,1,0,0,0,0,0,0,0
1,0,0,22,21266,6840,70,57,0,0,1,0,0,0,0,0,0,0,0,0,1,0,0,0,0,0,0
1,0,0,22,21540,6720,88,56,0,0,1,0,0,0,0,0,1,0,0,0,0,0,0,0,0,0,0
0,0,0,3,1190,1200,0,10,0,0,1,0,0,0,0,0,1,0,0,0,0,0,0,0,0,0,0
0,0,0,4,1190,1440,0,12,0,0,1,0,0,0,0,0,0,0,0,0,0,1,0,0,0,0,0
1,0,0,15,12261,3600,63,35,0,0,1,0,0,0,0,0,0,0,1,0,0,0,0,0,0,0,0
1,0,0,22,23122,5940,50,56,0,0,1,0,0,0,0,0,0,0,0,0,0,1,0,0,0,0,0
1,0,0,29,8992,6960,55,58,0,0,1,0,0,0,0,0,0,0,0,0,0,0,0,0,0,0,1
0,0,0,4,1190,1080,0,9,0,0,1,0,0,0,0,0,0,0,1,0,0,0,0,0,0,0,0
1,0,0,20,9792,6480,60,54,0,0,1,0,0,0,0,0,0,1,0,0,0,0,0,0,0,0,0
1,0,0,18,2984,3960,30,33,0,0,1,0,0,0,0,0,0,0,0,0,0,0,0,1,0,0,0
0,0,0,4,1190,960,0,8,0,0,1,0,0,0,0,0,0,0,0,0,0,0,0,0,0,1,0
0,0,0,3,1190,2280,0,19,0,0,1,0,0,0,0,1,0,0,0,0,0,0,0,0,0,0,0
1,0,0,24,2698,6720,0,56,0,0,1,0,0,0,0,0,0,0,0,0,0,0,0,0,1,0,0
0,0,0,2,1190,1200,0,10,0,0,1,0,0,0,0,0,0,0,0,0,0,0,0,1,0,0,0
1,0,0,24,1435,6600,0,55,0,0,1,0,0,0,0,0,0,0,0,0,0,0,0,0,0,1,0
0,4,0,3,1190,2400,0,20,1,0,1,0,0,0,0,0,0,0,0,1,0,0,0,0,0,0,0
1,4,0,22,1500,6900,113,57,1,0,1,0,0,0,0,1,0,0,0,0,0,0,0,0,0,0,0
1,4,0,22,1188,6720,90,56,0,0,1,0,0,0,0,0,1,0,0,0,0,0,0,0,0,0,0
0,4,0,3,1190,1200,0,10,0,0,1,0,0,0,0,1,0,0,0,0,0,0,0,0,0,0,0
0,4,0,4,1190,960,0,8,0,0,1,0,0,0,0,0,0,0,0,0,0,0,0,0,0,1,0
1,4,0,22,1112,6840,100,57,0,0,1,0,0,0,0,0,0,0,0,0,1,0,0,0,0,0,0
1,4,0,22,1452,6960,100,58,0,0,1,0,0,0,0,0,0,0,0,1,0,0,0,0,0,0,0
0,4,0,3,1190,1320,0,11,0,0,1,0,0,0,0,0,0,0,0,0,0,0,0,0,0,0,1
1,4,0,22,340,5460,63,56,0,0,1,0,0,0,0,0,0,0,0,0,0,1,0,0,0,0,0
1,4,0,15,1029,2040,50,35,0,0,1,0,0,0,0,0,0,0,1,0,0,0,0,0,0,0,0
0,4,0,4,1190,1080,0,9,0,0,1,0,0,0,0,0,0,0,1,0,0,0,0,0,0,0,0
1,4,0,29,1070,6960,34,58,0,0,1,0,0,0,0,0,0,0,0,0,0,0,0,0,0,0,1
1,4,0,25,946,5760,60,54,0,0,1,0,0,0,0,0,0,1,0,0,0,0,0,0,0,0,0
1,4,0,18,913,4020,30,33,0,0,1,0,0,0,0,0,0,0,0,0,0,0,0,1,0,0,0
1,4,0,24,1363,6660,0,55,0,0,1,0,0,0,0,0,0,0,0,0,0,0,0,0,0,1,0
1,4,0,24,1639,6720,0,56,0,0,1,0,0,0,0,0,0,0,0,0,0,0,0,0,1,0,0
0,4,0,4,1190,1440,0,12,0,0,1,0,0,0,0,0,0,0,0,0,0,1,0,0,0,0,0
0,4,0,2,1190,960,0,8,0,0,1,0,0,0,0,0,0,0,0,0,0,0,0,1,0,0,0
1,4,0,30,415,6960,0,58,0,0,1,0,0,0,0,0,0,0,0,0,0,0,1,0,0,0,0
1,5,0,22,1263,6900,100,57,1,0,1,0,0,0,0,0,0,0,0,1,0,0,0,0,0,0,0
1,5,0,22,968,6840,113,57,1,0,1,0,0,0,0,0,0,0,0,0,1,0,0,0,0,0,0
1,5,0,22,1108,6720,113,56,0,0,1,0,0,0,0,0,1,0,0,0,0,0,0,0,0,0,0
0,5,0,3,1190,2160,0,18,0,0,1,0,0,0,0,0,0,0,0,1,0,0,0,0,0,0,0
0,5,0,3,1190,1200,0,10,0,0,1,0,0,0,0,1,0,0,0,0,0,0,0,0,0,0,0
0,5,0,4,1190,3000,0,25,0,0,1,0,0,0,0,0,0,0,0,0,0,0,0,0,0,1,0
1,5,0,22,1532,6900,88,57,0,0,1,0,0,0,0,1,0,0,0,0,0,0,0,0,0,0,0
1,5,0,15,1094,4080,38,34,0,0,1,0,0,0,0,0,0,0,1,0,0,0,0,0,0,0,0
1,5,0,22,1086,6960,50,58,0,0,1,0,0,0,0,0,0,0,0,0,0,0,0,0,0,0,1
0,5,0,3,1190,960,0,8,0,0,1,0,0,0,0,0,0,0,0,0,0,0,0,0,1,0,0
0,5,0,3,1190,960,0,8,0,0,1,0,0,0,0,0,0,0,0,0,0,0,0,0,0,0,1
1,5,0,18,941,3360,30,33,0,0,1,0,0,0,0,0,0,0,0,0,0,0,0,1,0,0,0
1,5,0,24,1471,6960,0,58,0,0,1,0,0,0,0,0,0,0,0,0,0,0,0,0,1,0,0
1,5,0,10,1042,6120,60,53,0,0,1,0,0,0,0,0,0,1,0,0,0,0,0,0,0,0,0
1,5,0,29,1248,6840,0,57,0,0,1,0,0,0,0,0,0,0,0,0,0,0,0,0,0,1,0
0,5,0,4,1190,1080,0,9,0,0,1,0,0,0,0,0,0,0,1,0,0,0,0,0,0,0,0
0,5,0,2,1190,960,0,8,0,0,1,0,0,0,0,0,0,0,0,0,0,0,0,1,0,0,0
1,3,0,22,1300,6780,113,56,1,0,1,0,0,0,0,0,0,0,0,1,0,0,0,0,0,0,0
1,3,0,22,1485,6900,113,57,1,0,1,0,0,0,0,1,0,0,0,0,0,0,0,0,0,0,0
1,3,0,22,1039,6720,113,56,0,0,1,0,0,0,0,0,1,0,0,0,0,0,0,0,0,0,0
0,3,0,3,1190,2640,0,22,0,0,1,0,0,0,0,0,0,0,0,1,0,0,0,0,0,0,0
1,3,0,22,1063,6840,100,57,0,0,1,0,0,0,0,0,0,0,0,0,1,0,0,0,0,0,0
0,3,0,2,1190,960,0,8,0,0,1,0,0,0,0,0,0,0,0,0,0,0,0,1,0,0,0
0,3,0,4,1190,1080,0,9,0,0,1,0,0,0,0,0,0,0,1,0,0,0,0,0,0,0,0
0,3,0,3,1190,1200,0,10,0,0,1,0,0,0,0,0,0,0,0,0,0,0,0,0,1,0,0
0,3,0,3,1190,1440,0,12,0,0,1,0,0,0,0,1,0,0,0,0,0,0,0,0,0,0,0
1,3,0,15,1083,720,38,34,0,0,1,0,0,0,0,0,0,0,1,0,0,0,0,0,0,0,0
1,3,0,29,1069,6960,50,58,0,0,1,0,0,0,0,0,0,0,0,0,0,0,0,0,0,0,1
0,3,0,3,1190,960,0,8,0,0,1,0,0,0,0,0,1,0,0,0,0,0,0,0,0,0,0
1,3,0,10,668,2520,34,26,0,0,1,0,0,0,0,0,0,1,0,0,0,0,0,0,0,0,0
1,3,0,18,766,2760,30,33,0,0,1,0,0,0,0,0,0,0,0,0,0,0,0,1,0,0,0
1,3,0,30,557,6960,0,58,0,0,1,0,0,0,0,0,0,0,0,0,0,0,1,0,0,0,0
1,3,0,24,1167,6840,0,57,0,0,1,0,0,0,0,0,0,0,0,0,0,0,0,0,0,1,0
0,1,0,3,1190,3000,0,25,1,0,1,0,0,0,0,0,0,0,0,1,0,0,0,0,0,0,0
1,1,0,22,1186,6900,113,58,1,0,1,0,0,0,0,0,0,0,0,1,0,0,0,0,0,0,0
1,1,0,22,1060,6840,100,57,0,0,1,0,0,0,0,0,0,0,0,0,1,0,0,0,0,0,0
1,1,0,22,1534,6780,88,57,0,0,1,0,0,0,0,1,0,0,0,0,0,0,0,0,0,0,0
1,1,0,22,1142,6720,88,56,0,0,1,0,0,0,0,0,1,0,0,0,0,0,0,0,0,0,0
0,1,0,4,1190,1080,0,9,0,0,1,0,0,0,0,0,0,0,1,0,0,0,0,0,0,0,0
0,1,0,3,1190,1200,0,10,0,0,1,0,0,0,0,1,0,0,0,0,0,0,0,0,0,0,0
0,1,0,2,1190,960,0,8,0,0,1,0,0,0,0,0,0,0,0,0,0,0,0,1,0,0,0
1,1,0,15,1021,4080,63,34,0,0,1,0,0,0,0,0,0,0,1,0,0,0,0,0,0,0,0
1,1,0,29,829,6960,50,58,0,0,1,0,0,0,0,0,0,0,0,0,0,0,0,0,0,0,1
0,1,0,3,1190,960,0,8,0,0,1,0,0,0,0,0,0,0,0,0,0,0,0,0,0,0,1
1,1,0,18,813,1560,34,33,0,0,1,0,0,0,0,0,0,0,0,0,0,0,0,1,0,0,0
1,1,0,10,677,3240,45,27,0,0,1,0,0,0,0,0,0,1,0,0,0,0,0,0,0,0,0
0,1,0,3,1190,1200,0,10,0,0,1,0,0,0,0,0,0,0,0,0,0,0,0,0,1,0,0
1,1,0,30,486,6780,30,57,0,0,1,0,0,0,0,0,0,0,0,0,0,1,0,0,0,0,0
1,1,0,30,687,7500,0,59,0,0,1,0,0,0,0,0,0,0,0,0,0,0,1,0,0,0,0
0,1,0,4,1190,960,0,8,0,0,1,0,0,0,0,0,0,0,0,0,0,1,0,0,0,0,0
1,2,0,22,1233,6900,113,57,1,0,0,1,0,0,0,0,0,0,0,1,0,0,0,0,0,0,0
0,2,0,4,1190,1440,0,12,0,0,0,1,0,0,0,0,0,0,0,0,0,0,0,0,1,0,0
1,2,0,22,1388,6720,88,56,0,0,0,1,0,0,0,0,1,0,0,0,0,0,0,0,0,0,0
1,2,0,22,1615,6780,88,56,0,0,0,1,0,0,0,1,0,0,0,0,0,0,0,0,0,0,0
1,2,0,22,1283,6720,88,56,0,0,0,1,0,0,0,0,0,0,0,0,1,0,0,0,0,0,0
0,2,0,3,1190,1200,0,10,0,0,0,1,0,0,0,1,0,0,0,0,0,0,0,0,0,0,0
0,2,0,4,1190,1080,0,9,0,0,0,1,0,0,0,0,0,0,1,0,0,0,0,0,0,0,0
0,2,0,3,1190,2160,0,18,0,0,0,1,0,0,0,0,0,0,0,1,0,0,0,0,0,0,0
0,2,0,4,1190,1800,0,15,0,0,0,1,0,0,0,0,0,0,0,0,0,0,0,0,0,1,0
1,2,0,15,1026,2880,63,34,0,0,0,1,0,0,0,0,0,0,1,0,0,0,0,0,0,0,0
1,2,0,29,909,6960,50,58,0,0,0,1,0,0,0,0,0,0,0,0,0,0,0,0,0,0,1
1,2,0,18,670,3960,34,33,0,0,0,1,0,0,0,0,0,0,0,0,0,0,0,1,0,0,0
1,2,0,10,629,3240,45,27,0,0,0,1,0,0,0,0,0,1,0,0,0,0,0,0,0,0,0
1,2,0,30,754,7020,0,58,0,0,0,1,0,0,0,0,0,0,0,0,0,0,1,0,0,0,0
0,2,0,2,1190,960,0,8,0,0,0,1,0,0,0,0,0,0,0,0,0,0,0,1,0,0,0
0,2,0,3,1190,960,0,8,0,0,0,1,0,0,0,0,0,0,0,0,0,0,0,0,0,0,1
1,2,0,30,712,6780,44,56,0,0,0,1,0,0,0,0,0,0,0,0,0,1,0,0,0,0,0
1,2,0,24,148,6960,0,58,0,0,0,1,0,0,0,0,0,0,0,0,0,0,0,0,1,0,0
1,2,0,24,154,6840,0,57,0,0,0,1,0,0,0,0,0,0,0,0,0,0,0,0,0,1,0
0,0,0,3,1190,2160,0,18,1,0,0,1,0,0,0,0,0,0,0,1,0,0,0,0,0,0,0
0,0,0,3,1190,1200,0,10,0,0,0,1,0,0,0,1,0,0,0,0,0,0,0,0,0,0,0
1,0,0,22,1127,120,88,56,0,0,0,1,0,0,0,0,1,0,0,0,0,0,0,0,0,0,0
1,0,0,22,1506,3600,70,57,0,0,0,1,0,0,0,1,0,0,0,0,0,0,0,0,0,0,0
1,0,0,22,1413,360,70,57,0,0,0,1,0,0,0,0,0,0,0,1,0,0,0,0,0,0,0
0,0,0,2,1190,960,0,8,0,0,0,1,0,0,0,0,0,0,0,0,0,0,0,1,0,0,0
1,0,0,15,970,4080,63,34,0,0,0,1,0,0,0,0,0,0,1,0,0,0,0,0,0,0,0
1,0,0,22,1271,5400,50,57,0,0,0,1,0,0,0,0,0,0,0,0,1,0,0,0,0,0,0
1,0,0,29,1073,6960,50,58,0,0,0,1,0,0,0,0,0,0,0,0,0,0,0,0,0,0,1
1,0,0,30,767,3300,50,57,0,0,0,1,0,0,0,0,0,0,0,0,0,1,0,0,0,0,0
1,0,0,10,103,0,45,54,0,0,0,1,0,0,0,0,0,1,0,0,0,0,0,0,0,0,0
1,0,0,30,773,7020,40,58,0,0,0,1,0,0,0,0,0,0,0,0,0,0,1,0,0,0,0
0,0,0,3,1190,960,0,8,0,0,0,1,0,0,0,0,0,0,0,0,0,0,0,0,0,0,1
1,0,0,18,708,4080,0,34,0,0,0,1,0,0,0,0,0,0,0,0,0,0,0,1,0,0,0
0,0,0,4,1190,1080,0,9,0,0,0,1,0,0,0,0,0,0,1,0,0,0,0,0,0,0,0
0,4,0,4,1190,1080,0,9,1,0,0,1,0,0,0,0,0,0,1,0,0,0,0,0,0,0,0
0,4,0,3,1190,2160,0,18,0,0,0,1,0,0,0,0,0,0,0,1,0,0,0,0,0,0,0
1,4,0,22,1268,0,88,56,0,0,0,1,0,0,0,0,1,0,0,0,0,0,0,0,0,0,0
1,4,0,22,1546,0,88,57,0,0,0,1,0,0,0,1,0,0,0,0,0,0,0,0,0,0,0
1,4,0,22,813,0,88,57,0,0,0,1,0,0,0,0,0,0,0,0,1,0,0,0,0,0,0
1,4,0,22,1512,0,88,57,0,0,0,1,0,0,0,0,0,0,0,1,0,0,0,0,0,0,0
0,4,0,3,1190,1440,0,12,0,0,0,1,0,0,0,1,0,0,0,0,0,0,0,0,0,0,0
1,4,0,29,1263,2160,38,58,0,0,0,1,0,0,0,0,0,0,0,0,0,0,0,0,0,0,1
1,4,0,15,900,4080,50,34,0,0,0,1,0,0,0,0,0,0,1,0,0,0,0,0,0,0,0
0,4,0,4,1190,1800,0,15,0,0,0,1,0,0,0,0,0,0,0,0,0,1,0,0,0,0,0
1,4,0,18,640,2400,0,34,0,0,0,1,0,0,0,0,0,0,0,0,0,0,0,1,0,0,0
1,4,0,10,13,3240,34,54,0,0,0,1,0,0,0,0,0,1,0,0,0,0,0,0,0,0,0
1,4,0,30,855,7020,45,58,0,0,0,1,0,0,0,0,0,0,0,0,0,0,1,0,0,0,0
1,4,0,30,855,7020,40,58,0,0,0,1,0,0,0,0,0,0,0,0,0,1,0,0,0,0,0
0,4,0,3,1190,960,0,8,0,0,0,1,0,0,0,0,0,0,0,0,0,0,0,0,0,0,1
0,4,0,2,1190,960,0,8,0,0,0,1,0,0,0,0,0,0,0,0,0,0,0,1,0,0,0
0,5,0,4,1190,1800,0,15,1,0,0,1,0,0,0,0,0,0,0,0,0,1,0,0,0,0,0
0,5,0,4,1190,1080,0,9,1,0,0,1,0,0,0,0,0,0,1,0,0,0,0,0,0,0,0
1,5,0,22,1557,0,90,57,1,0,0,1,0,0,0,0,0,0,0,1,0,0,0,0,0,0,0
1,5,0,22,1498,0,113,57,1,0,0,1,0,0,0,1,0,0,0,0,0,0,0,0,0,0,0
0,5,0,3,1190,2160,0,18,0,0,0,1,0,0,0,0,0,0,0,1,0,0,0,0,0,0,0
0,5,0,4,1190,240,0,2,0,0,0,1,0,0,0,0,0,0,0,0,0,0,1,0,0,0,0
1,5,0,22,598,0,75,56,0,0,0,1,0,0,0,0,1,0,0,0,0,0,0,0,0,0,0
1,5,0,18,656,3480,38,34,0,0,0,1,0,0,0,0,0,0,0,0,0,0,0,1,0,0,0
1,5,0,15,854,4080,50,34,0,0,0,1,0,0,0,0,0,0,1,0,0,0,0,0,0,0,0
1,5,0,29,609,3240,50,58,0,0,0,1,0,0,0,0,0,0,0,0,0,0,0,0,0,0,1
1,5,0,30,788,7380,56,59,0,0,0,1,0,0,0,0,0,0,0,0,0,0,1,0,0,0,0
1,5,0,30,1069,4560,30,58,0,0,0,1,0,0,0,0,0,0,0,0,0,0,0,0,0,1,0
1,5,0,30,667,5940,40,59,0,0,0,1,0,0,0,0,0,0,0,0,0,1,0,0,0,0,0
0,5,0,3,1190,1440,0,12,0,0,0,1,0,0,0,1,0,0,0,0,0,0,0,0,0,0,0
1,5,0,30,829,3360,23,58,0,0,0,1,0,0,0,0,0,0,0,0,0,0,0,0,1,0,0
0,5,0,3,1190,960,0,8,0,0,0,1,0,0,0,0,0,0,0,0,0,0,0,0,0,0,1
1,5,0,22,11,6840,0,57,0,0,0,1,0,0,0,0,0,0,0,0,1,0,0,0,0,0,0
0,3,0,4,1190,1800,0,15,1,0,0,1,0,0,0,0,0,0,0,0,0,1,0,0,0,0,0
1,3,0,22,1327,0,113,57,1,0,0,1,0,0,0,0,0,0,0,1,0,0,0,0,0,0,0
0,3,0,4,1190,1080,0,9,0,0,0,1,0,0,0,0,0,0,1,0,0,0,0,0,0,0,0
1,3,0,15,894,4080,50,34,0,0,0,1,0,0,0,0,0,0,1,0,0,0,0,0,0,0,0
1,3,0,30,610,7080,56,59,0,0,0,1,0,0,0,0,0,0,0,0,0,0,1,0,0,0,0
1,3,0,18,779,3960,0,33,0,0,0,1,0,0,0,0,0,0,0,0,0,0,0,1,0,0,0
0,3,0,3,1190,1440,0,12,0,0,0,1,0,0,0,1,0,0,0,0,0,0,0,0,0,0,0
0,3,0,3,1190,960,0,8,0,0,0,1,0,0,0,0,0,0,0,0,0,0,0,0,0,0,1
1,3,0,30,419,7080,0,59,0,0,0,1,0,0,0,0,0,0,0,0,0,1,0,0,0,0,0
0,3,0,3,1190,2160,0,18,0,0,0,1,0,0,0,0,0,0,0,1,0,0,0,0,0,0,0
0,3,0,4,1190,240,0,2,0,0,0,1,0,0,0,0,0,0,0,0,0,0,1,0,0,0,0
1,3,0,30,909,7080,0,59,0,0,0,1,0,0,0,0,0,0,0,0,0,0,0,0,1,0,0
1,3,0,29,14,6960,0,58,0,0,0,1,0,0,0,0,0,0,0,0,0,0,0,0,0,0,1
1,3,0,30,1193,7080,0,59,0,0,0,1,0,0,0,0,0,0,0,0,0,0,0,0,0,1,0
1,3,0,22,10,6000,0,50,0,0,0,1,0,0,0,0,1,0,0,0,0,0,0,0,0,0,0
1,1,0,22,1416,6840,113,57,1,0,0,1,0,0,0,1,0,0,0,0,0,0,0,0,0,0,0
0,1,0,4,1190,1800,0,15,0,0,0,1,0,0,0,0,0,0,0,0,0,0,0,0,1,0,0
0,1,0,4,1190,2400,0,20,0,0,0,1,0,0,0,0,0,0,0,0,0,1,0,0,0,0,0
0,1,0,4,1190,1080,0,9,0,0,0,1,0,0,0,0,0,0,1,0,0,0,0,0,0,0,0
1,1,0,15,942,4080,63,34,0,0,0,1,0,0,0,0,0,0,1,0,0,0,0,0,0,0,0
1,1,0,22,674,3660,63,57,0,0,0,1,0,0,0,0,0,0,0,1,0,0,0,0,0,0,0
0,1,0,3,1190,1440,0,12,0,0,0,1,0,0,0,1,0,0,0,0,0,0,0,0,0,0,0
1,1,0,30,481,7140,0,59,0,0,0,1,0,0,0,0,0,0,0,0,0,1,0,0,0,0,0
1,1,0,30,664,7140,56,59,0,0,0,1,0,0,0,0,0,0,0,0,0,0,1,0,0,0,0
0,1,0,4,1190,960,0,8,0,0,0,1,0,0,0,0,0,0,0,0,0,0,0,0,0,1,0
1,1,0,30,824,5160,0,60,0,0,0,1,0,0,0,0,0,0,0,0,0,0,0,0,0,1,0
1,1,0,30,957,7200,0,60,0,0,0,1,0,0,0,0,0,0,0,0,0,0,0,0,1,0,0
1,1,0,11,1039,2280,23,55,0,0,0,1,0,0,0,0,0,1,0,0,0,0,0,0,0,0,0
1,1,0,18,822,4080,0,34,0,0,0,1,0,0,0,0,0,0,0,0,0,0,0,1,0,0,0
0,1,0,2,1190,960,0,8,0,0,0,1,0,0,0,0,0,0,0,0,0,0,0,1,0,0,0
0,1,0,3,1190,960,0,8,0,0,0,1,0,0,0,0,0,0,0,0,0,0,0,0,0,0,1
0,2,0,3,1190,960,0,8,1,0,0,0,1,0,0,1,0,0,0,0,0,0,0,0,0,0,0
0,2,0,3,1190,960,0,8,1,0,0,0,1,0,0,0,0,0,0,1,0,0,0,0,0,0,0
1,2,0,22,1420,6840,113,57,1,0,0,0,1,0,0,1,0,0,0,0,0,0,0,0,0,0,0
0,2,0,4,1190,1080,0,9,0,0,0,0,1,0,0,0,0,0,1,0,0,0,0,0,0,0,0
1,2,0,15,1120,1440,50,34,0,0,0,0,1,0,0,0,0,0,1,0,0,0,0,0,0,0,0
0,2,0,4,1190,240,0,2,0,0,0,0,1,0,0,0,0,0,0,0,0,0,1,0,0,0,0
1,2,0,30,679,7140,0,59,0,0,0,0,1,0,0,0,0,0,0,0,0,0,1,0,0,0,0
0,2,0,2,1190,1200,0,10,0,0,0,0,1,0,0,0,0,1,0,0,0,0,0,0,0,0,0
1,2,0,30,881,7080,0,59,0,0,0,0,1,0,0,0,0,0,0,0,0,0,0,0,1,0,0
1,2,0,18,814,4080,0,34,0,0,0,0,1,0,0,0,0,0,0,0,0,0,0,1,0,0,0
1,2,0,11,700,2640,23,53,0,0,0,0,1,0,0,0,0,1,0,0,0,0,0,0,0,0,0
0,2,0,4,1190,960,0,8,0,0,0,0,1,0,0,0,0,0,0,0,0,0,0,0,0,1,0
0,2,0,2,1190,960,0,8,0,0,0,0,1,0,0,0,0,0,0,0,0,0,0,1,0,0,0
1,2,0,30,919,7140,0,59,0,0,0,0,1,0,0,0,0,0,0,0,0,1,0,0,0,0,0
1,2,0,30,1361,6960,30,58,0,0,0,0,1,0,0,0,0,0,0,0,1,0,0,0,0,0,0
1,2,0,22,12,6900,0,57,0,0,0,0,1,0,0,0,0,0,0,1,0,0,0,0,0,0,0
0,2,0,4,1190,2400,0,20,0,0,0,0,1,0,0,0,0,0,0,0,0,1,0,0,0,0,0
1,0,0,22,1422,6840,113,57,1,0,0,0,1,0,0,1,0,0,0,0,0,0,0,0,0,0,0
0,0,0,3,1190,1200,0,10,0,0,0,0,1,0,0,0,0,0,0,0,0,0,0,0,0,0,1
0,0,0,4,1190,1080,0,9,0,0,0,0,1,0,0,0,0,0,1,0,0,0,0,0,0,0,0
1,0,0,30,1263,600,63,58,0,0,0,0,1,0,0,0,0,0,0,0,1,0,0,0,0,0,0
1,0,0,30,461,0,0,59,0,0,0,0,1,0,0,0,0,0,0,0,0,0,1,0,0,0,0
1,0,0,15,1079,3720,38,34,0,0,0,0,1,0,0,0,0,0,1,0,0,0,0,0,0,0,0
0,0,0,2,1190,960,0,8,0,0,0,0,1,0,0,0,0,0,0,0,0,0,0,1,0,0,0
1,0,0,18,895,3960,0,33,0,0,0,0,1,0,0,0,0,0,0,0,0,0,0,1,0,0,0
1,0,0,30,912,7020,0,58,0,0,0,0,1,0,0,0,0,0,0,0,0,1,0,0,0,0,0
0,0,0,4,1190,1800,0,15,0,0,0,0,1,0,0,0,0,0,0,0,0,1,0,0,0,0,0
1,0,0,30,784,600,30,59,0,0,0,0,1,0,0,0,0,0,0,0,0,0,0,0,1,0,0
0,0,0,4,1190,1200,0,10,0,0,0,0,1,0,0,0,0,0,0,0,0,0,1,0,0,0,0
1,0,0,11,680,2160,30,54,0,0,0,0,1,0,0,0,0,1,0,0,0,0,0,0,0,0,0
1,0,0,18,1131,5280,0,44,0,0,0,0,1,0,0,0,1,0,0,0,0,0,0,0,0,0,0
1,0,0,18,2103,5400,0,54,0,0,0,0,1,0,0,0,0,0,0,0,0,0,0,0,0,0,1
0,0,0,4,1190,1800,0,15,0,0,0,0,1,0,0,0,0,0,0,0,0,0,0,0,1,0,0
1,4,0,22,1445,6840,113,57,1,0,0,0,1,0,0,1,0,0,0,0,0,0,0,0,0,0,0
0,4,0,3,1190,960,0,8,0,0,0,0,1,0,0,0,1,0,0,0,0,0,0,0,0,0,0
0,4,0,5,1190,1200,0,10,0,0,0,0,1,0,0,0,0,0,0,0,0,0,0,0,1,0,0
0,4,0,5,1190,1080,0,9,0,0,0,0,1,0,0,0,0,0,1,0,0,0,0,0,0,0,0
1,4,0,15,1133,4080,38,34,0,0,0,0,1,0,0,0,0,0,1,0,0,0,0,0,0,0,0
1,4,0,18,726,3360,0,33,0,0,0,0,1,0,0,0,0,0,0,0,0,0,0,1,0,0,0
1,4,0,30,849,7020,45,58,0,0,0,0,1,0,0,0,0,0,0,0,0,1,0,0,0,0,0
0,4,0,2,1190,960,0,8,0,0,0,0,1,0,0,0,0,0,0,0,0,0,0,1,0,0,0
1,4,0,30,562,840,30,59,0,0,0,0,1,0,0,0,0,0,0,0,0,0,0,0,1,0,0
1,4,0,11,1054,3420,30,56,0,0,0,0,1,0,0,0,0,1,0,0,0,0,0,0,0,0,0
1,4,0,30,1422,6960,50,58,0,0,0,0,1,0,0,0,0,0,0,0,1,0,0,0,0,0,0
0,4,0,5,1190,960,0,8,0,0,0,0,1,0,0,0,0,0,0,0,0,1,0,0,0,0,0
1,4,0,30,680,7140,0,59,0,0,0,0,1,0,0,0,0,0,0,0,0,0,1,0,0,0,0
1,4,0,18,2120,5520,0,51,0,0,0,0,1,0,0,0,0,0,0,0,0,0,0,0,0,0,1
0,4,0,3,1190,960,0,8,0,0,0,0,1,0,0,0,0,0,0,0,0,0,0,0,0,0,1
0,4,0,5,1190,1800,0,15,0,0,0,0,1,0,0,0,0,0,0,1,0,0,0,0,0,0,0
0,5,0,5,1190,1200,0,10,0,0,0,0,1,0,0,0,0,0,1,0,0,0,0,0,0,0,0
0,5,0,2,1190,1440,0,12,0,0,0,0,1,0,0,0,0,0,0,0,0,0,0,1,0,0,0
0,5,0,5,1190,1440,0,12,0,0,0,0,1,0,0,0,0,0,0,1,0,0,0,0,0,0,0
1,5,0,11,685,3360,30,56,0,0,0,0,1,0,0,0,0,1,0,0,0,0,0,0,0,0,0
1,5,0,30,864,480,50,58,0,0,0,0,1,0,0,0,0,0,0,0,0,1,0,0,0,0,0
1,5,0,30,511,0,0,59,0,0,0,0,1,0,0,0,0,0,0,0,0,0,1,0,0,0,0
1,5,0,15,1095,4080,63,34,0,0,0,0,1,0,0,0,0,0,1,0,0,0,0,0,0,0,0
1,5,0,22,1374,3960,63,57,0,0,0,0,1,0,0,1,0,0,0,0,0,0,0,0,0,0,0
1,5,0,18,759,3960,34,33,0,0,0,0,1,0,0,0,0,0,0,0,0,0,0,1,0,0,0
1,5,0,30,553,2280,45,59,0,0,0,0,1,0,0,0,0,0,0,0,0,0,0,0,1,0,0
0,5,0,5,1190,960,0,8,0,0,0,0,1,0,0,0,0,0,0,0,0,1,0,0,0,0,0
1,5,0,30,1057,0,40,58,0,0,0,0,1,0,0,0,0,0,0,0,1,0,0,0,0,0,0
1,5,0,18,1587,4560,30,51,0,0,0,0,1,0,0,0,0,0,0,0,0,0,0,0,0,0,1
0,5,0,5,1190,960,0,8,0,0,0,0,1,0,0,0,0,0,0,0,0,0,0,0,1,0,0
0,5,0,3,1190,960,0,8,0,0,0,0,1,0,0,0,1,0,0,0,0,0,0,0,0,0,0
0,5,0,5,1190,960,0,8,0,0,0,0,1,0,0,0,0,0,0,0,0,0,0,0,0,1,0
0,5,0,3,1190,960,0,8,0,0,0,0,1,0,0,0,0,0,0,0,0,0,0,0,0,0,1
1,5,0,30,868,6840,0,57,0,0,0,0,1,0,0,0,0,0,0,1,0,0,0,0,0,0,0
1,3,0,15,1126,1080,38,34,0,0,0,0,1,0,0,0,0,0,1,0,0,0,0,0,0,0,0
1,3,0,22,265,3840,63,57,0,0,0,0,1,0,0,1,0,0,0,0,0,0,0,0,0,0,0
1,3,0,30,859,7020,63,58,0,0,0,0,1,0,0,0,0,0,0,0,0,1,0,0,0,0,0
0,3,0,2,1190,4320,0,18,0,0,0,0,1,0,0,0,0,0,0,0,0,0,0,1,0,0,0
1,3,0,18,899,3960,56,33,0,0,0,0,1,0,0,0,0,0,0,0,0,0,0,1,0,0,0
0,3,0,3,1190,2400,0,10,0,0,0,0,1,0,0,0,1,0,0,0,0,0,0,0,0,0,0
0,3,0,5,1190,3600,0,15,0,0,0,0,1,0,0,0,0,0,0,1,0,0,0,0,0,0,0
1,3,0,30,247,6960,50,58,0,0,0,0,1,0,0,0,0,0,0,0,1,0,0,0,0,0,0
1,3,0,11,653,3480,30,58,0,0,0,0,1,0,0,0,0,1,0,0,0,0,0,0,0,0,0
1,3,0,29,1116,6240,0,57,0,0,0,0,1,0,0,0,0,0,0,0,0,0,0,0,0,1,0
0,3,0,5,1190,1920,0,8,0,0,0,0,1,0,0,0,0,0,0,0,0,1,0,0,0,0,0
0,3,0,5,1190,1920,0,8,0,0,0,0,1,0,0,0,0,0,0,0,0,0,0,0,0,1,0
1,3,0,18,1603,6120,30,51,0,0,0,0,1,0,0,0,0,0,0,0,0,0,0,0,0,0,1
0,3,0,5,1190,1920,0,8,0,0,0,0,1,0,0,0,0,0,0,0,0,0,1,0,0,0,0
0,3,0,5,1190,2160,0,9,0,0,0,0,1,0,0,0,0,0,1,0,0,0,0,0,0,0,0
1,3,0,30,841,6840,0,57,0,0,0,0,1,0,0,0,0,0,0,1,0,0,0,0,0,0,0
1,3,0,19,1410,5760,0,48,0,0,0,0,1,0,0,0,1,0,0,0,0,0,0,0,0,0,0
0,2,0,2,1190,960,0,8,0,0,0,0,0,1,0,0,0,0,0,0,0,0,0,1,0,0,0
0,2,0,5,1190,4800,0,20,0,0,0,0,0,1,0,0,0,0,0,1,0,0,0,0,0,0,0
0,2,0,2,1190,2880,0,12,0,0,0,0,0,1,0,0,0,1,0,0,0,0,0,0,0,0,0
1,2,0,15,1103,4080,63,34,0,0,0,0,0,1,0,0,0,0,1,0,0,0,0,0,0,0,0
1,2,0,30,922,5820,63,59,0,0,0,0,0,1,0,0,0,0,0,0,0,1,0,0,0,0,0
0,2,0,5,1190,2400,0,10,0,0,0,0,0,1,0,0,0,0,1,0,0,0,0,0,0,0,0
0,2,0,3,1190,2400,0,10,0,0,0,0,0,1,0,0,0,0,0,0,0,0,0,0,0,0,1
1,2,0,18,1055,3960,45,33,0,0,0,0,0,1,0,0,0,0,0,0,0,0,0,1,0,0,0
0,2,0,3,1190,2880,0,12,0,0,0,0,0,1,0,1,0,0,0,0,0,0,0,0,0,0,0
1,2,0,29,1146,6840,40,57,0,0,0,0,0,1,0,0,0,0,0,0,0,0,0,0,0,1,0
1,2,0,30,746,6840,0,57,0,0,0,0,0,1,0,0,0,0,0,1,0,0,0,0,0,0,0
1,2,0,11,834,3480,0,58,0,0,0,0,0,1,0,0,0,1,0,0,0,0,0,0,0,0,0
1,2,0,18,1717,3240,30,57,0,0,0,0,0,1,0,0,0,0,0,0,0,0,0,0,0,0,1
1,2,0,30,1041,8160,33,58,0,0,0,0,0,1,0,0,0,0,0,0,1,0,0,0,0,0,0
1,2,0,21,1531,6000,0,50,0,0,0,0,0,1,0,0,1,0,0,0,0,0,0,0,0,0,0
0,2,0,3,1190,960,0,8,0,0,0,0,0,1,0,0,1,0,0,0,0,0,0,0,0,0,0
0,2,0,5,1190,960,0,8,0,0,0,0,0,1,0,0,0,0,0,0,0,0,0,0,1,0,0
0,0,0,3,1190,2400,0,20,0,0,0,0,0,1,0,0,1,0,0,0,0,0,0,0,0,0,0
0,0,0,5,1190,960,0,8,0,0,0,0,0,1,0,0,0,0,0,0,0,0,0,0,0,1,0
0,0,0,5,1190,1080,0,9,0,0,0,0,0,1,0,0,0,0,1,0,0,0,0,0,0,0,0
0,0,0,5,1190,2160,0,18,0,0,0,0,0,1,0,0,0,0,0,0,1,0,0,0,0,0,0
1,0,0,15,1060,4080,63,34,0,0,0,0,0,1,0,0,0,0,1,0,0,0,0,0,0,0,0
1,0,0,30,891,7140,38,59,0,0,0,0,0,1,0,0,0,0,0,0,0,1,0,0,0,0,0
1,0,0,30,541,7140,38,59,0,0,0,0,0,1,0,0,0,0,0,0,0,0,1,0,0,0,0
1,0,0,30,709,6960,45,58,0,0,0,0,0,1,0,0,0,0,0,0,0,0,0,0,1,0,0
1,0,0,18,1100,3960,45,33,0,0,0,0,0,1,0,0,0,0,0,0,0,0,0,1,0,0,0
1,0,0,11,826,2820,0,58,0,0,0,0,0,1,0,0,0,1,0,0,0,0,0,0,0,0,0
1,0,0,30,577,2160,30,58,0,0,0,0,0,1,0,0,0,0,0,1,0,0,0,0,0,0,0
1,0,0,29,1094,6840,40,57,0,0,0,0,0,1,0,0,0,0,0,0,0,0,0,0,0,1,0
1,0,0,29,1228,6960,30,58,0,0,0,0,0,1,0,0,0,0,0,0,1,0,0,0,0,0,0
1,0,0,18,1641,6000,40,50,0,0,0,0,0,1,0,0,0,0,0,0,0,0,0,0,0,0,1
1,0,0,21,1583,6000,0,50,0,0,0,0,0,1,0,0,1,0,0,0,0,0,0,0,0,0,0
0,0,0,2,1190,960,0,8,0,0,0,0,0,1,0,0,0,0,0,0,0,0,0,1,0,0,0
0,0,0,2,1190,960,0,8,0,0,0,0,0,1,0,0,0,0,0,0,0,0,0,0,0,0,1
0,0,0,5,1190,960,0,8,0,0,0,0,0,1,0,0,0,0,0,1,0,0,0,0,0,0,0
0,0,0,5,1190,960,0,8,0,0,0,0,0,1,0,0,0,0,0,0,0,0,0,0,1,0,0
0,4,0,2,1190,1800,0,15,0,0,0,0,0,1,0,0,1,0,0,0,0,0,0,0,0,0,0
0,4,0,4,1190,1440,0,12,0,0,0,0,0,1,0,0,0,0,0,0,1,0,0,0,0,0,0
1,4,0,15,1062,4080,50,34,0,0,0,0,0,1,0,0,0,0,1,0,0,0,0,0,0,0,0
1,4,0,30,450,7140,50,60,0,0,0,0,0,1,0,0,0,0,0,0,0,0,1,0,0,0,0
1,4,0,30,901,6480,50,59,0,0,0,0,0,1,0,0,0,0,0,0,0,1,0,0,0,0,0
0,4,0,4,1190,960,0,8,0,0,0,0,0,1,0,0,0,0,0,0,0,0,0,0,0,1,0
1,4,0,30,739,5640,45,59,0,0,0,0,0,1,0,0,0,0,0,0,0,0,0,0,1,0,0
1,4,0,18,913,3360,45,33,0,0,0,0,0,1,0,0,0,0,0,0,0,0,0,1,0,0,0
1,4,0,11,698,3360,34,57,0,0,0,0,0,1,0,0,0,1,0,0,0,0,0,0,0,0,0
1,4,0,29,1172,5340,45,60,0,0,0,0,0,1,0,0,0,0,0,0,1,0,0,0,0,0,0
0,4,0,2,1190,1800,0,15,0,0,0,0,0,1,0,0,0,0,0,0,0,0,0,1,0,0,0
0,4,0,2,1190,1800,0,15,0,0,0,0,0,1,0,0,0,0,0,0,0,0,0,0,0,0,1
1,4,0,30,408,1680,30,59,0,0,0,0,0,1,0,0,0,0,0,1,0,0,0,0,0,0,0
1,4,0,29,1079,4560,40,58,0,0,0,0,0,1,0,0,0,0,0,0,0,0,0,0,0,1,0
1,4,0,18,1068,3000,30,52,0,0,0,0,0,1,0,0,0,0,0,0,0,0,0,0,0,0,1
0,4,0,2,1190,960,0,8,0,0,0,0,0,1,0,0,0,1,0,0,0,0,0,0,0,0,0
1,4,0,21,1834,6360,0,53,0,0,0,0,0,1,0,0,1,0,0,0,0,0,0,0,0,0,0
0,4,0,3,1190,960,0,8,0,0,0,0,0,1,0,0,0,0,0,1,0,0,0,0,0,0,0
1,4,0,22,708,5040,0,42,0,0,0,0,0,1,0,1,0,0,0,0,0,0,0,0,0,0,0
1,5,0,18,1085,6240,56,52,0,0,0,0,0,1,0,0,0,0,0,0,0,0,0,0,0,0,1
0,5,0,4,1190,1080,0,9,0,0,0,0,0,1,0,0,0,0,0,0,0,0,1,0,0,0,0
0,5,0,4,1190,2400,0,20,0,0,0,0,0,1,0,0,0,0,0,0,1,0,0,0,0,0,0
0,5,0,4,1190,1800,0,15,0,0,0,0,0,1,0,0,0,0,1,0,0,0,0,0,0,0,0
0,5,0,2,1190,1200,0,10,0,0,0,0,0,1,0,0,1,0,0,0,0,0,0,0,0,0,0
1,5,0,30,323,4080,50,59,0,0,0,0,0,1,0,0,0,0,0,0,0,1,0,0,0,0,0
1,5,0,15,1053,4080,50,34,0,0,0,0,0,1,0,0,0,0,1,0,0,0,0,0,0,0,0
1,5,0,30,786,7080,50,59,0,0,0,0,0,1,0,0,0,0,0,0,0,0,0,0,1,0,0
1,5,0,18,1003,3960,45,33,0,0,0,0,0,1,0,0,0,0,0,0,0,0,0,1,0,0,0
1,5,0,11,635,3360,45,57,0,0,0,0,0,1,0,0,0,1,0,0,0,0,0,0,0,0,0
1,5,0,29,1283,6960,45,58,0,0,0,0,0,1,0,0,0,0,0,0,1,0,0,0,0,0,0
1,5,0,29,847,6960,30,58,0,0,0,0,0,1,0,0,0,0,0,0,0,0,0,0,0,1,0
1,5,0,30,361,3960,30,58,0,0,0,0,0,1,0,0,0,0,0,1,0,0,0,0,0,0,0
1,5,0,21,1653,6240,0,52,0,0,0,0,0,1,0,0,1,0,0,0,0,0,0,0,0,0,0
0,5,0,4,1190,960,0,8,0,0,0,0,0,1,0,0,0,0,0,0,0,0,0,0,1,0,0
0,5,0,4,1190,960,0,8,0,0,0,0,0,1,0,0,0,0,0,0,0,0,0,0,0,1,0
1,5,0,30,15,1200,49,59,0,0,0,0,0,1,0,0,0,0,0,0,0,0,1,0,0,0,0
1,5,0,22,762,5040,0,42,0,0,0,0,0,1,0,1,0,0,0,0,0,0,0,0,0,0,0
0,5,0,3,1190,960,0,8,0,0,0,0,0,1,0,0,0,0,0,1,0,0,0,0,0,0,0
0,5,0,2,1190,960,0,8,0,0,0,0,0,1,0,0,0,0,0,0,0,0,0,1,0,0,0
0,5,0,2,1190,960,0,8,0,0,0,0,0,1,0,0,0,0,0,0,0,0,0,0,0,0,1
0,3,0,4,1190,6300,0,15,0,0,0,0,0,1,0,0,0,0,0,0,1,0,0,0,0,0,0
0,3,0,4,1190,7560,0,18,0,0,0,0,0,1,0,0,0,0,0,0,0,0,1,0,0,0,0
1,3,0,30,694,4080,50,59,0,0,0,0,0,1,0,0,0,0,0,0,0,0,0,0,1,0,0
1,3,0,11,816,2820,50,57,0,0,0,0,0,1,0,0,0,1,0,0,0,0,0,0,0,0,0
1,3,0,15,1065,4080,63,34,0,0,0,0,0,1,0,0,0,0,1,0,0,0,0,0,0,0,0
1,3,0,18,912,3960,45,33,0,0,0,0,0,1,0,0,0,0,0,0,0,0,0,1,0,0,0
1,3,0,29,1244,6840,45,57,0,0,0,0,0,1,0,0,0,0,0,0,1,0,0,0,0,0,0
1,3,0,18,1020,5640,45,52,0,0,0,0,0,1,0,0,0,0,0,0,0,0,0,0,0,0,1
1,3,0,29,916,6960,56,58,0,0,0,0,0,1,0,0,0,0,0,0,0,0,0,0,0,1,0
1,3,0,21,1591,3240,0,52,0,0,0,0,0,1,0,0,1,0,0,0,0,0,0,0,0,0,0
1,3,0,30,398,6960,0,58,0,0,0,0,0,1,0,0,0,0,0,1,0,0,0,0,0,0,0
0,3,0,4,1190,3780,0,9,0,0,0,0,0,1,0,0,0,0,1,0,0,0,0,0,0,0,0
0,3,0,3,1190,960,0,8,0,0,0,0,0,1,0,0,0,0,0,1,0,0,0,0,0,0,0
1,3,0,30,437,7080,32,59,0,0,0,0,0,1,0,0,0,0,0,0,0,1,0,0,0,0,0
0,3,0,2,1190,3360,0,8,0,0,0,0,0,1,0,0,1,0,0,0,0,0,0,0,0,0,0
0,3,0,2,1190,960,0,8,0,0,0,0,0,1,0,0,0,0,0,0,0,0,0,0,0,0,1
0,3,0,4,1190,3360,0,8,0,0,0,0,0,1,0,0,0,0,0,0,0,0,0,0,0,1,0
0,3,0,2,1190,3360,0,8,0,0,0,0,0,1,0,0,0,0,0,0,0,0,0,1,0,0,0
0,1,0,4,1190,6300,0,15,0,0,0,0,0,1,0,0,0,0,0,0,1,0,0,0,0,0,0
0,1,0,4,1190,7560,0,18,0,0,0,0,0,1,0,0,0,0,0,0,0,0,1,0,0,0,0
1,1,0,11,954,0,50,58,0,0,0,0,0,1,0,0,0,1,0,0,0,0,0,0,0,0,0
1,1,0,15,1194,1700,62,34,0,0,0,0,0,1,0,0,0,0,1,0,0,0,0,0,0,0,0
1,1,0,30,644,840,38,59,0,0,0,0,0,1,0,0,0,0,0,0,0,0,0,0,1,0,0
1,1,0,29,1144,4440,45,57,0,0,0,0,0,1,0,0,0,0,0,0,1,0,0,0,0,0,0
1,1,0,18,1012,3960,45,33,0,0,0,0,0,1,0,0,0,0,0,0,0,0,0,1,0,0,0
1,1,0,29,792,4560,56,58,0,0,0,0,0,1,0,0,0,0,0,0,0,0,0,0,0,1,0
1,1,0,18,841,6240,45,52,0,0,0,0,0,1,0,0,0,0,0,0,0,0,0,0,0,0,1
1,1,0,21,1448,6120,40,51,0,0,0,0,0,1,0,0,1,0,0,0,0,0,0,0,0,0,0
1,1,0,30,512,4560,0,58,0,0,0,0,0,1,0,0,0,0,0,1,0,0,0,0,0,0,0
0,1,0,4,1190,3780,0,9,0,0,0,0,0,1,0,0,0,0,1,0,0,0,0,0,0,0,0
0,1,0,3,1190,960,0,8,0,0,0,0,0,1,0,0,0,0,0,1,0,0,0,0,0,0,0
0,1,0,2,1190,3360,0,8,0,0,0,0,0,1,0,0,1,0,0,0,0,0,0,0,0,0,0
0,1,0,2,1190,960,0,8,0,0,0,0,0,1,0,0,0,0,0,0,0,0,0,0,0,0,1
0,1,0,4,1190,3360,0,8,0,0,0,0,0,1,0,0,0,0,0,0,0,0,0,0,0,1,0
0,1,0,2,1190,3360,0,8,0,0,0,0,0,1,0,0,0,0,0,0,0,0,0,1,0,0,0
0,2,0,4,1190,10500,0,25,0,0,1,0,0,0,0,0,0,0,0,0,1,0,0,0,0,0,0
0,2,0,4,1190,3360,0,8,0,0,1,0,0,0,0,0,0,0,0,0,0,0,0,0,0,1,0
1,2,0,15,1106,4080,63,34,0,0,1,0,0,0,0,0,0,0,1,0,0,0,0,0,0,0,0
1,2,0,29,622,6240,56,57,0,0,1,0,0,0,0,0,0,0,0,0,0,0,0,0,0,1,0
1,2,0,18,1193,3960,45,33,0,0,1,0,0,0,0,0,0,0,0,0,0,0,0,1,0,0,0
1,2,0,29,1143,6840,45,57,0,0,1,0,0,0,0,0,0,0,0,0,1,0,0,0,0,0,0
1,2,0,18,895,6240,34,52,0,0,1,0,0,0,0,0,0,0,0,0,0,0,0,0,0,0,1
1,2,0,27,549,6720,38,56,0,0,1,0,0,0,0,0,0,0,0,0,0,0,1,0,0,0,0
1,2,0,21,1393,5640,30,52,0,0,1,0,0,0,0,0,1,0,0,0,0,0,0,0,0,0,0
1,2,0,26,1578,6840,38,57,0,0,1,0,0,0,0,1,0,0,0,0,0,0,0,0,0,0,0
1,2,0,30,254,1800,0,58,0,0,1,0,0,0,0,0,0,0,0,1,0,0,0,0,0,0,0
0,2,0,3,1190,960,0,8,0,0,1,0,0,0,0,0,0,0,0,0,0,1,0,0,0,0,0
0,2,0,2,1190,3360,0,8,0,0,1,0,0,0,0,0,1,0,0,0,0,0,0,0,0,0,0
1,2,0,26,692,6840,23,57,0,0,1,0,0,0,0,0,0,0,0,0,0,1,0,0,0,0,0
0,2,0,3,1190,960,0,8,0,0,1,0,0,0,0,0,0,0,0,1,0,0,0,0,0,0,0
0,2,0,3,1190,3360,0,8,0,0,1,0,0,0,0,1,0,0,0,0,0,0,0,0,0,0,0
0,2,0,2,1190,960,0,8,0,0,1,0,0,0,0,0,0,0,0,0,0,0,0,0,0,0,1
0,2,0,4,1190,3360,0,8,0,0,1,0,0,0,0,0,0,0,0,0,0,0,0,0,1,0,0
0,0,0,3,1190,1200,0,10,0,0,1,0,0,0,0,0,0,0,0,1,0,0,0,0,0,0,0
0,0,0,4,1190,10080,0,24,0,0,1,0,0,0,0,0,0,0,0,0,1,0,0,0,0,0,0
0,0,0,3,1190,960,0,8,0,0,1,0,0,0,0,0,0,0,0,0,0,1,0,0,0,0,0
1,0,0,26,1527,6840,65,57,0,0,1,0,0,0,0,1,0,0,0,0,0,0,0,0,0,0,0
1,0,0,15,1035,4080,63,34,0,0,1,0,0,0,0,0,0,0,1,0,0,0,0,0,0,0,0
0,0,0,2,1190,1200,0,10,0,0,1,0,0,0,0,0,0,0,0,0,0,0,0,0,0,0,1
1,0,0,11,632,0,50,57,0,0,1,0,0,0,0,0,0,1,0,0,0,0,0,0,0,0,0
1,0,0,29,1231,4680,50,57,0,0,1,0,0,0,0,0,0,0,0,0,1,0,0,0,0,0,0
1,0,0,30,616,7080,0,59,0,0,1,0,0,0,0,0,0,0,0,0,0,0,0,0,1,0,0
0,0,0,4,1190,3360,0,8,0,0,1,0,0,0,0,0,0,0,0,0,0,0,0,0,0,1,0
1,0,0,18,947,2880,34,33,0,0,1,0,0,0,0,0,0,0,0,0,0,0,0,1,0,0,0
1,0,0,29,551,6840,45,57,0,0,1,0,0,0,0,0,0,0,0,0,0,0,0,0,0,1,0
1,0,0,18,935,6240,45,52,0,0,1,0,0,0,0,0,0,0,0,0,0,0,0,0,0,0,1
1,0,0,26,832,6780,55,57,0,0,1,0,0,0,0,0,0,0,0,0,0,1,0,0,0,0,0
1,0,0,27,544,6720,34,56,0,0,1,0,0,0,0,0,0,0,0,0,0,0,1,0,0,0,0
1,0,0,21,1511,3600,30,51,0,0,1,0,0,0,0,0,1,0,0,0,0,0,0,0,0,0,0
0,0,0,2,1190,3360,0,8,0,0,1,0,0,0,0,0,1,0,0,0,0,0,0,0,0,0,0
0,0,0,4,1190,3780,0,9,0,0,1,0,0,0,0,0,0,0,1,0,0,0,0,0,0,0,0
0,0,0,3,1190,3360,0,8,0,0,1,0,0,0,0,1,0,0,0,0,0,0,0,0,0,0,0
0,0,0,4,1190,3360,0,8,0,0,1,0,0,0,0,0,0,0,0,0,0,0,0,0,1,0,0
0,4,0,4,1190,4200,0,10,0,0,1,0,0,0,0,0,0,0,0,0,0,0,0,0,1,0,0
0,4,0,4,1190,6300,0,15,0,0,1,0,0,0,0,0,0,0,0,0,1,0,0,0,0,0,0
1,4,0,11,601,0,50,56,0,0,1,0,0,0,0,0,0,1,0,0,0,0,0,0,0,0,0
1,4,0,26,1562,6960,60,58,0,0,1,0,0,0,0,1,0,0,0,0,0,0,0,0,0,0,0
1,4,0,15,983,4080,50,34,0,0,1,0,0,0,0,0,0,0,1,0,0,0,0,0,0,0,0
1,4,0,29,1156,6840,50,57,0,0,1,0,0,0,0,0,0,0,0,0,1,0,0,0,0,0,0
1,4,0,30,29,7080,50,59,0,0,1,0,0,0,0,0,0,0,0,0,0,0,0,0,1,0,0
1,4,0,26,950,6960,50,58,0,0,1,0,0,0,0,0,0,0,0,0,0,1,0,0,0,0,0
1,4,0,29,534,6840,56,57,0,0,1,0,0,0,0,0,0,0,0,0,0,0,0,0,0,1,0
1,4,0,18,1096,6240,34,52,0,0,1,0,0,0,0,0,0,0,0,0,0,0,0,0,0,0,1
1,4,0,20,402,3120,45,33,0,0,1,0,0,0,0,0,0,0,0,0,0,0,0,1,0,0,0
0,4,0,4,1190,3360,0,8,0,0,1,0,0,0,0,0,0,0,0,0,0,0,0,0,0,1,0
1,4,0,27,573,6840,30,57,0,0,1,0,0,0,0,0,0,0,0,0,0,0,1,0,0,0,0
1,4,0,21,1313,5040,30,51,0,0,1,0,0,0,0,0,1,0,0,0,0,0,0,0,0,0,0
0,4,0,4,1190,3780,0,9,0,0,1,0,0,0,0,0,0,0,1,0,0,0,0,0,0,0,0
0,4,0,3,1190,3360,0,8,0,0,1,0,0,0,0,1,0,0,0,0,0,0,0,0,0,0,0
0,4,0,3,1190,3360,0,8,0,0,1,0,0,0,0,0,0,0,0,0,0,1,0,0,0,0,0
0,4,0,2,1190,3360,0,8,0,0,1,0,0,0,0,0,1,0,0,0,0,0,0,0,0,0,0
0,4,0,4,1190,3360,0,8,0,0,1,0,0,0,0,0,0,0,0,0,0,0,1,0,0,0,0
0,4,0,2,1190,3360,0,8,0,0,1,0,0,0,0,0,0,0,0,0,0,0,0,1,0,0,0
0,5,0,4,1190,1200,0,10,0,0,1,0,0,0,0,0,0,0,0,0,1,0,0,0,0,0,0
0,5,0,4,1190,960,0,8,0,0,1,0,0,0,0,0,0,0,0,0,0,0,0,0,0,1,0
0,5,0,4,1190,1080,0,9,0,0,1,0,0,0,0,0,0,0,1,0,0,0,0,0,0,0,0
0,5,0,2,1190,960,0,8,0,0,1,0,0,0,0,0,0,0,0,0,0,0,0,0,0,0,1
0,5,0,3,1190,960,0,8,0,0,1,0,0,0,0,1,0,0,0,0,0,0,0,0,0,0,0
0,5,0,3,1190,960,0,8,0,0,1,0,0,0,0,0,0,0,0,0,0,1,0,0,0,0,0
1,5,0,11,433,0,38,56,0,0,1,0,0,0,0,0,0,1,0,0,0,0,0,0,0,0,0
1,5,0,15,961,4080,50,34,0,0,1,0,0,0,0,0,0,0,1,0,0,0,0,0,0,0,0
1,5,0,29,1169,6840,63,57,0,0,1,0,0,0,0,0,0,0,0,0,1,0,0,0,0,0,0
1,5,0,30,874,3960,50,59,0,0,1,0,0,0,0,0,0,0,0,0,0,0,0,0,1,0,0
1,5,0,26,1028,6960,60,58,0,0,1,0,0,0,0,0,0,0,0,0,0,1,0,0,0,0,0
1,5,0,26,1772,6960,50,58,0,0,1,0,0,0,0,1,0,0,0,0,0,0,0,0,0,0,0
1,5,0,18,1206,6240,34,52,0,0,1,0,0,0,0,0,0,0,0,0,0,0,0,0,0,0,1
1,5,0,27,586,6960,40,58,0,0,1,0,0,0,0,0,0,0,0,0,0,0,1,0,0,0,0
1,5,0,21,1334,5760,30,53,0,0,1,0,0,0,0,0,1,0,0,0,0,0,0,0,0,0,0
0,5,0,4,1190,8400,0,20,0,0,1,0,0,0,0,0,0,0,0,0,0,0,0,0,1,0,0
0,5,0,4,1190,960,0,8,0,0,1,0,0,0,0,0,0,0,0,0,0,0,1,0,0,0,0
1,5,0,29,30,6840,0,57,0,0,1,0,0,0,0,0,0,0,0,0,0,0,0,0,0,1,0
1,5,0,18,52,3960,0,33,0,0,1,0,0,0,0,0,0,0,0,0,0,0,0,1,0,0,0
0,3,0,4,1190,2640,0,22,0,0,1,0,0,0,0,0,0,0,0,0,0,0,0,0,0,1,0
0,3,0,3,1190,960,0,8,0,0,1,0,0,0,0,0,0,0,0,1,0,0,0,0,0,0,0
0,3,0,2,1190,1200,0,10,0,0,1,0,0,0,0,0,0,1,0,0,0,0,0,0,0,0,0
0,3,0,4,1190,1080,0,9,0,0,1,0,0,0,0,0,0,0,1,0,0,0,0,0,0,0,0
0,3,0,3,1190,960,0,8,0,0,1,0,0,0,0,1,0,0,0,0,0,0,0,0,0,0,0
0,3,0,3,1190,960,0,8,0,0,1,0,0,0,0,0,0,0,0,0,0,1,0,0,0,0,0
0,3,0,4,1190,1800,0,15,0,0,1,0,0,0,0,0,0,0,0,0,1,0,0,0,0,0,0
1,3,0,11,455,3420,50,56,0,0,1,0,0,0,0,0,0,1,0,0,0,0,0,0,0,0,0
1,3,0,29,797,1800,63,57,0,0,1,0,0,0,0,0,0,0,0,0,1,0,0,0,0,0,0
1,3,0,15,959,4080,50,34,0,0,1,0,0,0,0,0,0,0,1,0,0,0,0,0,0,0,0
1,3,0,26,1373,6960,50,58,0,0,1,0,0,0,0,1,0,0,0,0,0,0,0,0,0,0,0
1,3,0,18,1228,6240,45,52,0,0,1,0,0,0,0,0,0,0,0,0,0,0,0,0,0,0,1
1,3,0,26,1117,7080,50,59,0,0,1,0,0,0,0,0,0,0,0,0,0,1,0,0,0,0,0
1,3,0,27,230,6960,40,58,0,0,1,0,0,0,0,0,0,0,0,0,0,0,1,0,0,0,0
1,3,0,21,1390,6000,30,50,0,0,1,0,0,0,0,0,1,0,0,0,0,0,0,0,0,0,0
1,3,0,15,529,1320,0,46,0,0,1,0,0,0,0,0,0,0,0,1,0,0,0,0,0,0,0
0,3,0,2,1190,960,0,8,0,0,1,0,0,0,0,0,0,0,0,0,0,0,0,0,0,0,1
0,1,0,4,1190,1080,0,9,0,0,1,0,0,0,0,0,0,0,1,0,0,0,0,0,0,0,0
1,1,0,15,986,4080,75,34,0,0,1,0,0,0,0,0,0,0,1,0,0,0,0,0,0,0,0
1,1,0,26,1267,8160,70,58,0,0,1,0,0,0,0,1,0,0,0,0,0,0,0,0,0,0,0
0,1,0,4,1190,6000,0,25,0,0,1,0,0,0,0,0,0,0,0,0,0,0,0,0,1,0,0
1,1,0,26,1195,6960,60,58,0,0,1,0,0,0,0,0,0,0,0,0,0,1,0,0,0,0,0
1,1,0,29,983,6840,63,57,0,0,1,0,0,0,0,0,0,0,0,0,1,0,0,0,0,0,0
1,1,0,11,471,3420,50,58,0,0,1,0,0,0,0,0,0,1,0,0,0,0,0,0,0,0,0
1,1,0,18,1226,3480,45,51,0,0,1,0,0,0,0,0,0,0,0,0,0,0,0,0,0,0,1
1,1,0,21,1251,6000,30,50,0,0,1,0,0,0,0,0,1,0,0,0,0,0,0,0,0,0,0
0,1,0,3,1190,960,0,8,0,0,1,0,0,0,0,1,0,0,0,0,0,0,0,0,0,0,0
0,1,0,3,1190,960,0,8,0,0,1,0,0,0,0,0,0,0,0,0,0,1,0,0,0,0,0
0,1,0,2,1190,960,0,8,0,0,1,0,0,0,0,0,0,1,0,0,0,0,0,0,0,0,0
1,1,0,16,626,4200,0,45,0,0,1,0,0,0,0,0,0,0,0,1,0,0,0,0,0,0,0
0,1,0,4,1190,3600,0,15,0,0,1,0,0,0,0,0,0,0,0,0,0,0,0,0,0,1,0
0,1,0,3,1190,1920,0,8,0,0,1,0,0,0,0,0,0,0,0,1,0,0,0,0,0,0,0
1,1,0,27,541,6960,24,58,0,0,1,0,0,0,0,0,0,0,0,0,0,0,1,0,0,0,0
0,2,0,4,1190,1440,0,12,0,0,0,1,0,0,0,0,0,0,0,0,1,0,0,0,0,0,0
0,2,0,4,1190,1080,0,9,0,0,0,1,0,0,0,0,0,0,1,0,0,0,0,0,0,0,0
0,2,0,2,1190,1080,0,9,0,0,0,1,0,0,0,0,0,0,0,0,0,0,0,0,0,0,1
0,2,0,3,1190,960,0,8,0,0,0,1,0,0,0,1,0,0,0,0,0,0,0,0,0,0,0
0,2,0,3,1190,960,0,8,0,0,0,1,0,0,0,0,0,0,0,0,0,1,0,0,0,0,0
0,2,0,3,1190,1200,0,10,0,0,0,1,0,0,0,0,0,0,0,1,0,0,0,0,0,0,0
1,2,0,26,1082,6840,65,57,0,0,0,1,0,0,0,0,0,0,0,0,0,1,0,0,0,0,0
1,2,0,26,1254,6960,65,58,0,0,0,1,0,0,0,1,0,0,0,0,0,0,0,0,0,0,0
1,2,0,30,1278,3360,50,57,0,0,0,1,0,0,0,0,0,0,0,0,1,0,0,0,0,0,0
1,2,0,15,1064,4080,63,34,0,0,0,1,0,0,0,0,0,0,1,0,0,0,0,0,0,0,0
1,2,0,11,313,3420,50,58,0,0,0,1,0,0,0,0,0,1,0,0,0,0,0,0,0,0,0
0,2,0,2,1190,960,0,8,0,0,0,1,0,0,0,0,0,1,0,0,0,0,0,0,0,0,0
1,2,0,18,1239,5640,45,52,0,0,0,1,0,0,0,0,0,0,0,0,0,0,0,0,0,0,1
1,2,0,21,1335,6000,30,50,0,0,0,1,0,0,0,0,1,0,0,0,0,0,0,0,0,0,0
1,2,0,16,928,4800,30,45,0,0,0,1,0,0,0,0,0,0,0,1,0,0,0,0,0,0,0
1,2,0,23,1266,2520,23,38,0,0,0,1,0,0,0,0,0,0,0,0,0,0,0,1,0,0,0
1,2,0,30,869,6720,0,56,0,0,0,1,0,0,0,0,0,0,0,0,0,0,0,0,0,1,0
0,2,0,3,1190,960,0,8,0,0,0,1,0,0,0,0,0,0,0,0,0,0,0,0,0,1,0
0,2,0,2,1190,960,0,8,0,0,0,1,0,0,0,0,1,0,0,0,0,0,0,0,0,0,0
0,2,0,2,1190,960,0,8,0,0,0,1,0,0,0,0,0,0,0,0,0,0,0,1,0,0,0
1,0,0,26,1079,7020,65,58,0,0,0,1,0,0,0,0,0,0,0,0,0,1,0,0,0,0,0
1,0,0,26,1322,7140,65,59,0,0,0,1,0,0,0,1,0,0,0,0,0,0,0,0,0,0,0
1,0,0,30,964,5160,50,58,0,0,0,1,0,0,0,0,0,0,0,0,1,0,0,0,0,0,0
1,0,0,15,1132,4080,63,34,0,0,0,1,0,0,0,0,0,0,1,0,0,0,0,0,0,0,0
1,0,0,11,357,3420,50,58,0,0,0,1,0,0,0,0,0,1,0,0,0,0,0,0,0,0,0
1,0,0,18,1193,6240,45,52,0,0,0,1,0,0,0,0,0,0,0,0,0,0,0,0,0,0,1
1,0,0,16,817,5520,30,45,0,0,0,1,0,0,0,0,0,0,0,1,0,0,0,0,0,0,0
1,0,0,21,1576,6000,30,50,0,0,0,1,0,0,0,0,1,0,0,0,0,0,0,0,0,0,0
1,0,0,23,1262,4560,35,38,0,0,0,1,0,0,0,0,0,0,0,0,0,0,0,1,0,0,0
1,0,0,30,953,6720,26,56,0,0,0,1,0,0,0,0,0,0,0,0,0,0,0,0,0,1,0
1,0,0,26,919,7080,23,59,0,0,0,1,0,0,0,0,0,0,0,0,0,0,1,0,0,0,0
0,4,0,4,1190,1080,0,9,0,0,0,1,0,0,0,0,0,0,1,0,0,0,0,0,0,0,0
0,4,0,3,1190,1440,0,12,0,0,0,1,0,0,0,0,0,0,0,0,0,0,1,0,0,0,0
1,4,0,26,1574,7080,75,59,0,0,0,1,0,0,0,1,0,0,0,0,0,0,0,0,0,0,0
0,4,0,4,1190,1440,0,12,0,0,0,1,0,0,0,0,0,0,0,0,1,0,0,0,0,0,0
0,4,0,3,1190,960,0,8,0,0,0,1,0,0,0,0,0,0,0,0,0,1,0,0,0,0,0
0,4,0,3,1190,960,0,8,0,0,0,1,0,0,0,1,0,0,0,0,0,0,0,0,0,0,0
1,4,0,26,1104,5880,65,59,0,0,0,1,0,0,0,0,0,0,0,0,0,1,0,0,0,0,0
0,4,0,2,1190,1800,0,15,0,0,0,1,0,0,0,0,0,0,0,0,0,0,0,0,0,0,1
1,4,0,15,1069,4080,63,34,0,0,0,1,0,0,0,0,0,0,1,0,0,0,0,0,0,0,0
1,4,0,30,756,6960,63,58,0,0,0,1,0,0,0,0,0,0,0,0,1,0,0,0,0,0,0
1,4,0,11,338,3420,50,58,0,0,0,1,0,0,0,0,0,1,0,0,0,0,0,0,0,0,0
0,4,0,2,1190,960,0,8,0,0,0,1,0,0,0,0,0,1,0,0,0,0,0,0,0,0,0
1,4,0,21,1499,6000,34,50,0,0,0,1,0,0,0,0,1,0,0,0,0,0,0,0,0,0,0
1,4,0,18,1247,6240,45,52,0,0,0,1,0,0,0,0,0,0,0,0,0,0,0,0,0,0,1
0,4,0,3,1190,960,0,8,0,0,0,1,0,0,0,0,0,0,0,1,0,0,0,0,0,0,0
1,4,0,30,923,6840,30,57,0,0,0,1,0,0,0,0,0,0,0,0,0,0,0,0,0,1,0
1,4,0,23,1180,4560,30,38,0,0,0,1,0,0,0,0,0,0,0,0,0,0,0,1,0,0,0
1,4,0,16,957,5400,40,45,0,0,0,1,0,0,0,0,0,0,0,1,0,0,0,0,0,0,0
1,4,0,26,1001,7080,26,59,0,0,0,1,0,0,0,0,0,0,0,0,0,0,1,0,0,0,0
1,4,0,30,1017,6840,25,57,0,0,0,1,0,0,0,0,0,0,0,0,0,0,0,0,1,0,0
0,4,0,3,1190,960,0,8,0,0,0,1,0,0,0,0,0,0,0,0,0,0,0,0,0,1,0
0,4,0,2,1190,960,0,8,0,0,0,1,0,0,0,0,1,0,0,0,0,0,0,0,0,0,0
0,5,0,4,1190,2160,0,9,0,0,0,1,0,0,0,0,0,0,1,0,0,0,0,0,0,0,0
0,5,0,2,1190,2400,0,10,0,0,0,1,0,0,0,0,0,1,0,0,0,0,0,0,0,0,0
0,5,0,3,1190,1920,0,8,0,0,0,1,0,0,0,0,0,0,0,1,0,0,0,0,0,0,0
0,5,0,3,1190,1920,0,8,0,0,0,1,0,0,0,0,0,0,0,0,0,1,0,0,0,0,0
0,5,0,3,1190,1920,0,8,0,0,0,1,0,0,0,1,0,0,0,0,0,0,0,0,0,0,0
1,5,0,15,470,4080,63,34,0,0,0,1,0,0,0,0,0,0,1,0,0,0,0,0,0,0,0
1,5,0,30,735,6960,63,58,0,0,0,1,0,0,0,0,0,0,0,0,1,0,0,0,0,0,0
1,5,0,11,560,3420,50,58,0,0,0,1,0,0,0,0,0,1,0,0,0,0,0,0,0,0,0
0,5,0,4,1190,1920,0,8,0,0,0,1,0,0,0,0,0,0,0,0,1,0,0,0,0,0,0
0,5,0,3,1190,1440,0,12,0,0,0,1,0,0,0,0,0,0,0,0,0,0,1,0,0,0,0
1,5,0,21,1674,6000,34,50,0,0,0,1,0,0,0,0,1,0,0,0,0,0,0,0,0,0,0
1,5,0,18,290,5040,45,52,0,0,0,1,0,0,0,0,0,0,0,0,0,0,0,0,0,0,1
1,5,0,16,971,5400,45,45,0,0,0,1,0,0,0,0,0,0,0,1,0,0,0,0,0,0,0
1,5,0,26,1322,7080,45,59,0,0,0,1,0,0,0,1,0,0,0,0,0,0,0,0,0,0,0
1,5,0,26,1054,7080,45,59,0,0,0,1,0,0,0,0,0,0,0,0,0,1,0,0,0,0,0
1,5,0,26,992,6960,30,58,0,0,0,1,0,0,0,0,0,0,0,0,0,0,1,0,0,0,0
1,5,0,30,914,6840,30,57,0,0,0,1,0,0,0,0,0,0,0,0,0,0,0,0,0,1,0
1,5,0,23,1128,4560,40,38,0,0,0,1,0,0,0,0,0,0,0,0,0,0,0,1,0,0,0
1,5,0,30,935,6840,26,57,0,0,0,1,0,0,0,0,0,0,0,0,0,0,0,0,1,0,0
0,5,0,2,1190,960,0,8,0,0,0,1,0,0,0,0,1,0,0,0,0,0,0,0,0,0,0
0,5,0,3,1190,960,0,8,0,0,0,1,0,0,0,0,0,0,0,0,0,0,0,0,0,1,0
0,5,0,3,1190,960,0,8,0,0,0,1,0,0,0,0,0,0,0,0,0,0,0,0,1,0,0
0,5,0,2,1190,1800,0,15,0,0,0,1,0,0,0,0,0,0,0,0,0,0,0,0,0,0,1
0,5,0,2,1190,720,0,6,0,0,0,1,0,0,0,0,0,0,0,0,0,0,0,1,0,0,0
