date,quarter,department,day,team,targeted_productivity,smv,wip,over_time,incentive,idle_time,idle_men,no_of_style_change,no_of_workers,actual_productivity,DayCategory
1/1/2015,1.0,1,Thursday,8,0.8,26.16,1108.0,7080.0,98,0.0,0,0,59.0,0.940725424,Weekday
1/1/2015,1.0,2,Thursday,1,0.75,3.94,1190.4659913169319,960.0,0,0.0,0,0,8.0,0.8865,Weekday
1/1/2015,1.0,1,Thursday,11,0.8,11.41,968.0,3660.0,50,0.0,0,0,30.5,0.800570492,Weekday
1/1/2015,1.0,1,Thursday,12,0.8,11.41,968.0,3660.0,50,0.0,0,0,30.5,0.800570492,Weekday
1/1/2015,1.0,1,Thursday,6,0.8,25.9,1170.0,1920.0,50,0.0,0,0,56.0,0.800381944,Weekday
1/1/2015,1.0,1,Thursday,7,0.8,25.9,984.0,6720.0,38,0.0,0,0,56.0,0.800125,Weekday
1/1/2015,1.0,2,Thursday,2,0.75,3.94,1190.4659913169319,960.0,0,0.0,0,0,8.0,0.755166667,Weekday
1/1/2015,1.0,1,Thursday,3,0.75,28.08,795.0,6900.0,45,0.0,0,0,57.5,0.753683478,Weekday
1/1/2015,1.0,1,Thursday,2,0.75,19.87,733.0,6000.0,34,0.0,0,0,55.0,0.753097531,Weekday
1/1/2015,1.0,1,Thursday,1,0.75,28.08,681.0,6900.0,45,0.0,0,0,57.5,0.750427826,Weekday
1/1/2015,1.0,1,Thursday,9,0.7,28.08,872.0,6900.0,44,0.0,0,0,57.5,0.721126957,Weekday
1/1/2015,1.0,1,Thursday,10,0.75,19.31,578.0,6480.0,45,0.0,0,0,54.0,0.712205247,Weekday
1/1/2015,1.0,1,Thursday,5,0.8,11.41,668.0,3660.0,50,0.0,0,0,30.5,0.707045902,Weekday
1/1/2015,1.0,2,Thursday,10,0.65,3.94,1190.4659913169319,960.0,0,0.0,0,0,8.0,0.705916667,Weekday
1/1/2015,1.0,2,Thursday,8,0.75,2.9,1190.4659913169319,960.0,0,0.0,0,0,8.0,0.676666667,Weekday
1/1/2015,1.0,2,Thursday,4,0.75,3.94,1190.4659913169319,2160.0,0,0.0,0,0,18.0,0.593055556,Weekday
1/1/2015,1.0,2,Thursday,7,0.8,2.9,1190.4659913169319,960.0,0,0.0,0,0,8.0,0.540729167,Weekday
1/1/2015,1.0,1,Thursday,4,0.65,23.69,861.0,7200.0,0,0.0,0,0,60.0,0.52118,Weekday
1/1/2015,1.0,2,Thursday,11,0.7,4.15,1190.4659913169319,1440.0,0,0.0,0,0,12.0,0.436326389,Weekday
1/3/2015,1.0,2,Saturday,4,0.8,4.15,1190.4659913169319,6600.0,0,0.0,0,0,20.0,0.988024691,Weekend
1/3/2015,1.0,2,Saturday,11,0.75,2.9,1190.4659913169319,5640.0,0,0.0,0,0,17.0,0.987880435,Weekend
1/3/2015,1.0,2,Saturday,9,0.8,4.15,1190.4659913169319,960.0,0,0.0,0,0,8.0,0.956270833,Weekend
1/3/2015,1.0,2,Saturday,3,0.75,3.94,1190.4659913169319,1560.0,0,0.0,0,0,8.0,0.945277778,Weekend
1/3/2015,1.0,2,Saturday,1,0.8,3.94,1190.4659913169319,960.0,0,0.0,0,0,8.0,0.902916667,Weekend
1/3/2015,1.0,1,Saturday,1,0.8,28.08,772.0,6300.0,50,0.0,0,0,56.5,0.800725314,Weekend
1/3/2015,1.0,1,Saturday,3,0.8,28.08,913.0,6540.0,50,0.0,0,0,54.5,0.800322936,Weekend
1/3/2015,1.0,1,Saturday,8,0.8,26.16,1261.0,7080.0,50,0.0,0,0,59.0,0.800318644,Weekend
1/3/2015,1.0,1,Saturday,12,0.8,26.16,844.0,7080.0,63,0.0,0,0,59.0,0.800318644,Weekend
1/3/2015,1.0,1,Saturday,11,0.8,11.61,1005.0,7080.0,50,0.0,0,0,29.5,0.800237288,Weekend
1/3/2015,1.0,1,Saturday,5,0.8,11.61,659.0,7080.0,50,0.0,0,0,31.5,0.800148649,Weekend
1/3/2015,1.0,1,Saturday,6,0.8,25.9,1152.0,6720.0,50,0.0,0,0,56.0,0.800125,Weekend
1/3/2015,1.0,1,Saturday,7,0.8,25.9,1138.0,6720.0,38,0.0,0,0,56.0,0.800125,Weekend
1/3/2015,1.0,1,Saturday,10,0.75,19.31,610.0,6480.0,56,0.0,0,0,54.0,0.787299691,Weekend
1/3/2015,1.0,2,Saturday,2,0.8,4.15,1190.4659913169319,960.0,0,0.0,0,0,8.0,0.782447917,Weekend
1/3/2015,1.0,1,Saturday,2,0.75,19.87,944.0,6600.0,45,0.0,0,0,55.0,0.75024303,Weekend
1/3/2015,1.0,2,Saturday,10,0.7,4.15,1190.4659913169319,960.0,0,0.0,0,0,8.0,0.7018125,Weekend
1/3/2015,1.0,1,Saturday,4,0.7,23.69,544.0,13800.0,0,0.0,0,0,60.0,0.700134038,Weekend
1/3/2015,1.0,1,Saturday,9,0.7,28.08,1072.0,6900.0,40,0.0,0,0,57.5,0.699965217,Weekend
1/3/2015,1.0,2,Saturday,8,0.8,2.9,1190.4659913169319,960.0,0,0.0,0,0,8.0,0.628333333,Weekend
1/3/2015,1.0,2,Saturday,7,0.8,3.94,1190.4659913169319,960.0,0,0.0,0,0,8.0,0.6253125,Weekend
1/4/2015,1.0,2,Sunday,3,0.75,4.15,1190.4659913169319,1560.0,0,0.0,0,0,8.0,0.991388889,Weekend
1/4/2015,1.0,2,Sunday,9,0.8,3.94,1190.4659913169319,960.0,0,0.0,0,0,8.0,0.931645833,Weekend
1/4/2015,1.0,2,Sunday,1,0.8,3.94,1190.4659913169319,960.0,0,0.0,0,0,8.0,0.915229167,Weekend
1/4/2015,1.0,1,Sunday,6,0.8,11.61,539.0,6975.0,50,0.0,0,0,31.0,0.879714482,Weekend
1/4/2015,1.0,2,Sunday,4,0.8,3.94,1190.4659913169319,6600.0,0,0.0,0,0,20.0,0.861679012,Weekend
1/4/2015,1.0,1,Sunday,9,0.8,26.16,1278.0,7080.0,60,0.0,0,0,59.0,0.850569492,Weekend
1/4/2015,1.0,1,Sunday,7,0.8,25.9,1227.0,7020.0,60,0.0,0,0,56.5,0.850436438,Weekend
1/4/2015,1.0,1,Sunday,8,0.8,25.9,1039.0,6780.0,45,0.0,0,0,56.5,0.850345133,Weekend
1/4/2015,1.0,1,Sunday,4,0.8,28.08,878.0,4260.0,50,0.0,0,0,55.5,0.800598058,Weekend
1/4/2015,1.0,1,Sunday,1,0.8,26.16,1033.0,7080.0,63,0.0,0,0,59.0,0.800318644,Weekend
1/4/2015,1.0,1,Sunday,2,0.8,28.08,782.0,6660.0,50,0.0,0,0,55.5,0.800237838,Weekend
1/4/2015,1.0,1,Sunday,12,0.8,11.61,1216.0,6975.0,50,0.0,0,0,31.0,0.800030199,Weekend
1/4/2015,1.0,2,Sunday,2,0.8,3.94,1190.4659913169319,960.0,0,0.0,0,0,8.0,0.792104167,Weekend
1/4/2015,1.0,2,Sunday,10,0.7,3.94,1190.4659913169319,4320.0,0,0.0,0,0,18.0,0.759228395,Weekend
1/4/2015,1.0,1,Sunday,11,0.75,19.31,513.0,6480.0,45,0.0,0,0,54.0,0.750348457,Weekend
1/4/2015,1.0,1,Sunday,3,0.75,19.87,734.0,6600.0,45,0.0,0,0,55.0,0.75024303,Weekend
1/4/2015,1.0,1,Sunday,10,0.7,28.08,1202.0,6900.0,40,0.0,0,0,57.5,0.699965217,Weekend
1/4/2015,1.0,2,Sunday,8,0.8,2.9,1190.4659913169319,960.0,0,0.0,0,0,8.0,0.682708333,Weekend
1/4/2015,1.0,2,Sunday,7,0.8,2.9,1190.4659913169319,960.0,0,0.0,0,0,8.0,0.667604167,Weekend
1/4/2015,1.0,1,Sunday,5,0.7,45.67,884.0,6960.0,26,0.0,0,0,58.0,0.603432184,Weekend
1/4/2015,1.0,2,Sunday,11,0.75,4.15,1190.4659913169319,960.0,0,0.0,0,0,8.0,0.4276613622499999,Weekend
1/5/2015,1.0,2,Monday,1,0.8,3.94,1190.4659913169319,1920.0,0,0.0,0,0,8.0,0.961059028,Weekday
1/5/2015,1.0,2,Monday,11,0.8,3.94,1190.4659913169319,2400.0,0,0.0,0,0,10.0,0.939513889,Weekday
1/5/2015,1.0,2,Monday,4,0.8,3.94,1190.4659913169319,3840.0,0,0.0,0,0,16.0,0.893663194,Weekday
1/5/2015,1.0,2,Monday,3,0.75,4.15,1190.4659913169319,1920.0,0,0.0,0,0,8.0,0.875390625,Weekday
1/5/2015,1.0,1,Monday,9,0.8,26.16,1227.0,7080.0,75,0.0,0,0,59.0,0.850569492,Weekday
1/5/2015,1.0,2,Monday,9,0.8,2.9,1190.4659913169319,1920.0,0,0.0,0,0,8.0,0.820833333,Weekday
1/5/2015,1.0,2,Monday,2,0.8,3.94,1190.4659913169319,960.0,0,0.0,0,0,8.0,0.804416667,Weekday
1/5/2015,1.0,1,Monday,7,0.8,25.9,1255.0,6780.0,50,0.0,0,0,56.5,0.800684366,Weekday
1/5/2015,1.0,1,Monday,8,0.8,25.9,1047.0,6780.0,38,0.0,0,0,56.5,0.800684366,Weekday
1/5/2015,1.0,1,Monday,1,0.8,26.16,1138.0,7080.0,63,0.0,0,0,59.0,0.800318644,Weekday
1/5/2015,1.0,1,Monday,11,0.8,19.31,678.0,4800.0,50,0.0,0,0,55.0,0.800250962,Weekday
1/5/2015,1.0,1,Monday,6,0.8,11.61,712.0,7200.0,50,0.0,0,0,32.0,0.800246011,Weekday
1/5/2015,1.0,1,Monday,12,0.8,11.61,1037.0,7200.0,50,0.0,0,0,32.0,0.800246011,Weekday
1/5/2015,1.0,1,Monday,2,0.8,28.08,757.0,6900.0,50,0.0,0,0,57.5,0.800076522,Weekday
1/5/2015,1.0,1,Monday,4,0.8,28.08,759.0,6900.0,50,0.0,0,0,57.5,0.800076522,Weekday
1/5/2015,1.0,2,Monday,10,0.75,2.9,1190.4659913169319,960.0,0,0.0,0,0,8.0,0.763375,Weekday
1/5/2015,1.0,2,Monday,5,0.6,2.9,1190.4659913169319,960.0,0,0.0,0,0,8.0,0.759270833,Weekday
1/5/2015,1.0,1,Monday,10,0.75,28.08,1083.0,7020.0,45,0.0,0,0,58.5,0.7504,Weekday
1/5/2015,1.0,1,Monday,3,0.75,19.87,944.0,6600.0,45,0.0,0,0,55.0,0.75024303,Weekday
1/5/2015,1.0,2,Monday,7,0.8,3.94,1190.4659913169319,960.0,0,0.0,0,0,8.0,0.676666667,Weekday
1/5/2015,1.0,2,Monday,8,0.8,2.9,1190.4659913169319,960.0,0,0.0,0,0,8.0,0.664583333,Weekday
1/5/2015,1.0,1,Monday,5,0.6,21.98,666.0,6960.0,23,0.0,0,0,58.0,0.600028736,Weekday
1/6/2015,1.0,2,Tuesday,4,0.8,3.94,1190.4659913169319,4440.0,0,0.0,0,0,18.0,0.966781346,Weekday
1/6/2015,1.0,2,Tuesday,1,0.8,3.94,1190.4659913169319,1440.0,0,0.0,0,0,8.0,0.936496212,Weekday
1/6/2015,1.0,2,Tuesday,3,0.75,4.15,1190.4659913169319,1800.0,0,0.0,0,0,10.0,0.899166667,Weekday
1/6/2015,1.0,2,Tuesday,11,0.8,4.15,1190.4659913169319,2700.0,0,0.0,0,0,15.0,0.888686869,Weekday
1/6/2015,1.0,2,Tuesday,9,0.8,3.94,1190.4659913169319,1440.0,0,0.0,0,0,8.0,0.858143939,Weekday
1/6/2015,1.0,1,Tuesday,1,0.8,26.16,1187.0,10620.0,75,0.0,0,0,59.0,0.850502311,Weekday
1/6/2015,1.0,1,Tuesday,9,0.8,26.16,1305.0,10620.0,75,0.0,0,0,59.0,0.850502311,Weekday
1/6/2015,1.0,2,Tuesday,10,0.75,3.94,1190.4659913169319,1440.0,0,0.0,0,0,8.0,0.809640152,Weekday
1/6/2015,1.0,2,Tuesday,2,0.8,3.94,1190.4659913169319,1440.0,0,0.0,0,0,8.0,0.805909091,Weekday
1/6/2015,1.0,1,Tuesday,2,0.8,28.08,716.0,10350.0,50,0.0,0,0,57.5,0.800594466,Weekday
1/6/2015,1.0,1,Tuesday,4,0.8,28.08,925.0,10350.0,50,0.0,0,0,57.5,0.800594466,Weekday
1/6/2015,1.0,1,Tuesday,3,0.8,19.87,963.0,9900.0,50,0.0,0,0,55.0,0.800273829,Weekday
1/6/2015,1.0,1,Tuesday,12,0.8,11.61,1101.0,5310.0,50,0.0,0,0,31.5,0.800140969,Weekday
1/6/2015,1.0,1,Tuesday,7,0.8,25.9,1035.0,10170.0,38,0.0,0,0,56.5,0.800128721,Weekday
1/6/2015,1.0,1,Tuesday,8,0.8,25.9,1083.0,10170.0,38,0.0,0,0,56.5,0.800128721,Weekday
1/6/2015,1.0,1,Tuesday,6,0.8,11.61,910.0,4470.0,38,0.0,0,0,31.5,0.80007657,Weekday
1/6/2015,1.0,1,Tuesday,10,0.75,28.08,1209.0,10530.0,45,0.0,0,0,58.5,0.750545455,Weekday
1/6/2015,1.0,1,Tuesday,11,0.75,19.31,590.0,9900.0,45,0.0,0,0,55.0,0.750057851,Weekday
1/6/2015,1.0,2,Tuesday,8,0.8,2.9,1190.4659913169319,1440.0,0,0.0,0,0,8.0,0.681060606,Weekday
1/6/2015,1.0,1,Tuesday,5,0.65,21.98,808.0,10440.0,35,0.0,0,0,58.0,0.649983281,Weekday
1/6/2015,1.0,2,Tuesday,7,0.8,2.9,1190.4659913169319,1440.0,0,0.0,0,0,8.0,0.61625,Weekday
1/7/2015,1.0,2,Wednesday,1,0.8,3.94,1190.4659913169319,1440.0,0,0.0,0,0,8.0,0.951420455,Weekday
1/7/2015,1.0,2,Wednesday,9,0.8,3.94,1190.4659913169319,1440.0,0,0.0,0,0,8.0,0.880530303,Weekday
1/7/2015,1.0,1,Wednesday,1,0.8,26.16,1179.0,10620.0,75,0.0,0,0,59.0,0.850502311,Weekday
1/7/2015,1.0,1,Wednesday,9,0.8,26.16,1324.0,10620.0,75,0.0,0,0,59.0,0.850502311,Weekday
1/7/2015,1.0,1,Wednesday,8,0.8,25.9,1135.0,10170.0,60,0.0,0,0,56.5,0.850136766,Weekday
1/7/2015,1.0,2,Wednesday,3,0.75,4.15,1190.4659913169319,2700.0,0,0.0,0,0,15.0,0.83,Weekday
1/7/2015,1.0,2,Wednesday,4,0.8,3.94,1190.4659913169319,4440.0,0,0.0,0,0,18.0,0.827186544,Weekday
1/7/2015,1.0,2,Wednesday,2,0.8,3.94,1190.4659913169319,1440.0,0,0.0,0,0,8.0,0.813371212,Weekday
1/7/2015,1.0,2,Wednesday,10,0.75,3.94,1190.4659913169319,1440.0,0,0.0,0,0,8.0,0.805909091,Weekday
1/7/2015,1.0,2,Wednesday,7,0.8,2.9,1190.4659913169319,1440.0,0,0.0,0,0,8.0,0.804640152,Weekday
1/7/2015,1.0,1,Wednesday,2,0.8,28.08,776.0,10350.0,63,0.0,0,0,57.5,0.800594466,Weekday
1/7/2015,1.0,1,Wednesday,4,0.8,28.08,990.0,10350.0,50,0.0,0,0,57.5,0.800594466,Weekday
1/7/2015,1.0,1,Wednesday,6,0.8,11.41,986.0,5490.0,50,0.0,0,0,30.5,0.800343766,Weekday
1/7/2015,1.0,1,Wednesday,3,0.8,19.87,924.0,9900.0,50,0.0,0,0,55.0,0.800273829,Weekday
1/7/2015,1.0,1,Wednesday,12,0.8,11.61,1120.0,5670.0,50,0.0,0,0,31.5,0.800246753,Weekday
1/7/2015,1.0,1,Wednesday,7,0.8,25.9,1066.0,10170.0,50,0.0,0,0,56.5,0.800128721,Weekday
1/7/2015,1.0,1,Wednesday,10,0.75,28.08,1144.0,10530.0,69,0.0,0,0,58.5,0.8,Weekday
1/7/2015,1.0,1,Wednesday,5,0.7,21.98,413.0,9720.0,40,0.0,0,0,58.0,0.700480831,Weekday
1/7/2015,1.0,2,Wednesday,8,0.8,2.9,1190.4659913169319,1440.0,0,0.0,0,0,8.0,0.681060606,Weekday
1/7/2015,1.0,2,Wednesday,6,0.8,2.9,1190.4659913169319,1800.0,0,0.0,0,0,10.0,0.666515152,Weekday
1/7/2015,1.0,1,Wednesday,11,0.8,31.83,568.0,9900.0,40,0.0,0,0,55.0,0.4276613622499999,Weekday
1/7/2015,1.0,2,Wednesday,5,0.7,4.15,1190.4659913169319,1440.0,0,0.0,0,0,8.0,0.4276613622499999,Weekday
1/8/2015,2.0,2,Thursday,1,0.8,3.94,1190.4659913169319,1440.0,0,0.0,0,0,8.0,0.947689394,Weekday
1/8/2015,2.0,2,Thursday,4,0.8,3.94,1190.4659913169319,12600.0,0,0.0,0,0,20.0,0.919905405,Weekday
1/8/2015,2.0,1,Thursday,9,0.8,26.16,1216.0,10620.0,88,0.0,0,0,59.0,0.900215716,Weekday
1/8/2015,2.0,2,Thursday,9,0.8,3.94,1190.4659913169319,1440.0,0,0.0,0,0,8.0,0.891723485,Weekday
1/8/2015,2.0,1,Thursday,1,0.8,26.16,1189.0,10620.0,75,0.0,0,0,59.0,0.850502311,Weekday
1/8/2015,2.0,1,Thursday,4,0.8,28.08,942.0,10530.0,75,0.0,0,0,58.5,0.850181818,Weekday
1/8/2015,2.0,1,Thursday,7,0.8,25.9,1050.0,10170.0,60,0.0,0,0,56.5,0.850136766,Weekday
1/8/2015,2.0,1,Thursday,8,0.8,25.9,1026.0,10170.0,60,0.0,0,0,56.5,0.850136766,Weekday
1/8/2015,2.0,2,Thursday,2,0.8,3.94,1190.4659913169319,1440.0,0,0.0,0,0,8.0,0.835757576,Weekday
1/8/2015,2.0,2,Thursday,5,0.7,4.15,1190.4659913169319,3840.0,0,0.0,0,0,8.0,0.821354167,Weekday
1/8/2015,2.0,1,Thursday,2,0.8,28.08,783.0,10050.0,63,0.0,0,0,58.5,0.800497246,Weekday
1/8/2015,2.0,1,Thursday,3,0.8,19.87,857.0,9900.0,50,0.0,0,0,55.0,0.800273829,Weekday
1/8/2015,2.0,1,Thursday,12,0.8,11.61,548.0,15090.0,63,0.0,0,0,31.5,0.800107143,Weekday
1/8/2015,2.0,1,Thursday,6,0.8,11.41,411.0,14640.0,50,0.0,0,0,30.5,0.800024932,Weekday
1/8/2015,2.0,1,Thursday,10,0.75,28.08,1066.0,10530.0,69,0.0,0,0,58.5,0.8,Weekday
1/8/2015,2.0,2,Thursday,10,0.75,3.94,1190.4659913169319,1440.0,0,0.0,0,0,8.0,0.779791667,Weekday
1/8/2015,2.0,2,Thursday,8,0.8,2.9,1190.4659913169319,1440.0,0,0.0,0,0,8.0,0.735984848,Weekday
1/8/2015,2.0,2,Thursday,3,0.75,4.15,1190.4659913169319,2160.0,0,0.0,0,0,12.0,0.712626263,Weekday
1/8/2015,2.0,2,Thursday,7,0.8,2.9,1190.4659913169319,1440.0,0,0.0,0,0,8.0,0.681060606,Weekday
1/8/2015,2.0,2,Thursday,11,0.8,4.15,1190.4659913169319,900.0,0,0.0,0,0,5.0,0.515606061,Weekday
1/8/2015,2.0,1,Thursday,5,0.7,42.41,724.0,10260.0,0,0.0,0,0,57.0,0.4276613622499999,Weekday
1/10/2015,2.0,2,Saturday,1,0.8,3.94,1190.4659913169319,2160.0,0,0.0,0,0,8.0,0.985,Weekend
1/10/2015,2.0,2,Saturday,3,0.75,4.15,1190.4659913169319,2760.0,0,0.0,0,0,12.0,0.930340376,Weekend
1/10/2015,2.0,2,Saturday,4,0.8,3.94,1190.4659913169319,6000.0,0,0.0,0,0,20.0,0.911589744,Weekend
1/10/2015,2.0,2,Saturday,9,0.8,3.94,1190.4659913169319,1440.0,0,0.0,0,0,8.0,0.858143939,Weekend
1/10/2015,2.0,1,Saturday,9,0.8,26.16,1122.0,10620.0,75,0.0,0,0,59.0,0.851174114,Weekend
1/10/2015,2.0,1,Saturday,7,0.8,25.9,970.0,10170.0,60,0.0,0,0,56.5,0.850136766,Weekend
1/10/2015,2.0,1,Saturday,8,0.8,25.9,1158.0,10170.0,60,0.0,0,0,56.5,0.850136766,Weekend
1/10/2015,2.0,2,Saturday,10,0.8,3.94,1190.4659913169319,1440.0,0,0.0,0,0,8.0,0.846950758,Weekend
1/10/2015,2.0,2,Saturday,11,0.8,4.15,1190.4659913169319,1440.0,0,0.0,0,0,8.0,0.817424242,Weekend
1/10/2015,2.0,2,Saturday,2,0.8,3.94,1190.4659913169319,1440.0,0,0.0,0,0,8.0,0.817102273,Weekend
1/10/2015,2.0,1,Saturday,4,0.8,28.08,660.0,10440.0,63,0.0,0,0,58.0,0.801028213,Weekend
1/10/2015,2.0,1,Saturday,2,0.8,28.08,749.0,10350.0,63,0.0,0,0,57.5,0.800594466,Weekend
1/10/2015,2.0,1,Saturday,12,0.8,11.61,893.0,4710.0,50,0.0,0,0,31.5,0.800346445,Weekend
1/10/2015,2.0,1,Saturday,6,0.8,11.41,887.0,5490.0,50,0.0,0,0,30.5,0.800343766,Weekend
1/10/2015,2.0,1,Saturday,1,0.8,26.16,1335.0,10620.0,63,0.0,0,0,59.0,0.800117103,Weekend
1/10/2015,2.0,1,Saturday,10,0.8,28.08,1082.0,10530.0,63,0.0,0,0,58.5,0.8,Weekend
1/10/2015,2.0,1,Saturday,3,0.75,19.87,1075.0,7080.0,45,0.0,0,0,56.0,0.750098351,Weekend
1/10/2015,2.0,2,Saturday,7,0.8,2.9,1190.4659913169319,1440.0,0,0.0,0,0,8.0,0.670075758,Weekend
1/10/2015,2.0,2,Saturday,8,0.8,2.9,1190.4659913169319,1440.0,0,0.0,0,0,8.0,0.628882576,Weekend
1/11/2015,2.0,2,Sunday,3,0.75,4.15,1190.4659913169319,1440.0,0,0.0,0,0,8.0,0.93532197,Weekend
1/11/2015,2.0,2,Sunday,4,0.8,3.94,1190.4659913169319,3600.0,0,0.0,0,0,20.0,0.925643939,Weekend
1/11/2015,2.0,1,Sunday,9,0.8,26.16,1095.0,10620.0,88,0.0,0,0,59.0,0.900215716,Weekend
1/11/2015,2.0,2,Sunday,1,0.8,3.94,1190.4659913169319,1440.0,0,0.0,0,0,8.0,0.873068182,Weekend
1/11/2015,2.0,2,Sunday,9,0.8,3.94,1190.4659913169319,1440.0,0,0.0,0,0,8.0,0.858143939,Weekend
1/11/2015,2.0,1,Sunday,1,0.8,26.16,1383.0,10620.0,75,0.0,0,0,59.0,0.850502311,Weekend
1/11/2015,2.0,1,Sunday,7,0.8,25.9,1012.0,10170.0,45,0.0,0,0,56.5,0.850136766,Weekend
1/11/2015,2.0,1,Sunday,8,0.8,25.9,1209.0,10170.0,60,0.0,0,0,56.5,0.850136766,Weekend
1/11/2015,2.0,2,Sunday,10,0.8,3.94,1190.4659913169319,1440.0,0,0.0,0,0,8.0,0.828295455,Weekend
1/11/2015,2.0,2,Sunday,2,0.8,3.94,1190.4659913169319,1440.0,0,0.0,0,0,8.0,0.820833333,Weekend
1/11/2015,2.0,1,Sunday,6,0.8,11.41,887.0,5490.0,50,0.0,0,0,30.5,0.800343766,Weekend
1/11/2015,2.0,1,Sunday,12,0.8,11.61,896.0,5670.0,50,0.0,0,0,31.5,0.800246753,Weekend
1/11/2015,2.0,1,Sunday,2,0.8,28.08,805.0,10530.0,63,0.0,0,0,58.5,0.8,Weekend
1/11/2015,2.0,1,Sunday,10,0.8,28.08,762.0,10530.0,38,0.0,0,0,58.5,0.8,Weekend
1/11/2015,2.0,1,Sunday,3,0.8,19.87,1043.0,6420.0,0,0.0,0,0,55.0,0.690182815,Weekend
1/11/2015,2.0,2,Sunday,11,0.8,4.15,1190.4659913169319,1440.0,0,0.0,0,0,8.0,0.668087121,Weekend
1/11/2015,2.0,2,Sunday,8,0.8,2.9,1190.4659913169319,1440.0,0,0.0,0,0,8.0,0.653598485,Weekend
1/11/2015,2.0,1,Sunday,11,0.6,12.52,831.0,9540.0,30,0.0,0,0,53.0,0.600229846,Weekend
1/11/2015,2.0,2,Sunday,6,0.8,2.9,1190.4659913169319,1440.0,0,0.0,0,0,8.0,0.597348485,Weekend
1/11/2015,2.0,2,Sunday,7,0.8,2.9,1190.4659913169319,1440.0,0,0.0,0,0,8.0,0.590435606,Weekend
1/11/2015,2.0,1,Sunday,4,0.8,50.48,562.0,10440.0,0,0.0,0,0,58.0,0.473134796,Weekend
1/11/2015,2.0,1,Sunday,5,0.6,20.79,1208.0,7980.0,0,0.0,0,0,57.0,0.452979626,Weekend
1/12/2015,2.0,2,Monday,1,0.8,3.94,1190.4659913169319,1440.0,0,0.0,0,0,8.0,0.955151515,Weekday
1/12/2015,2.0,2,Monday,3,0.8,4.15,1190.4659913169319,1800.0,0,0.0,0,0,10.0,0.905454545,Weekday
1/12/2015,2.0,2,Monday,2,0.8,3.94,1190.4659913169319,1440.0,0,0.0,0,0,8.0,0.880530303,Weekday
1/12/2015,2.0,2,Monday,9,0.8,3.94,1190.4659913169319,1440.0,0,0.0,0,0,8.0,0.858143939,Weekday
1/12/2015,2.0,1,Monday,1,0.8,26.16,1099.0,8220.0,75,0.0,0,0,59.0,0.850522167,Weekday
1/12/2015,2.0,1,Monday,9,0.8,26.16,1093.0,10620.0,75,0.0,0,0,59.0,0.850502311,Weekday
1/12/2015,2.0,1,Monday,7,0.8,25.9,1031.0,10170.0,60,0.0,0,0,56.5,0.850136766,Weekday
1/12/2015,2.0,1,Monday,8,0.8,25.9,1233.0,10170.0,60,0.0,0,0,56.5,0.850136766,Weekday
1/12/2015,2.0,2,Monday,6,0.8,2.9,1190.4659913169319,1440.0,0,0.0,0,0,8.0,0.817424242,Weekday
1/12/2015,2.0,2,Monday,5,0.65,4.15,1190.4659913169319,1440.0,0,0.0,0,0,8.0,0.809564394,Weekday
1/12/2015,2.0,1,Monday,3,0.8,19.87,941.0,9900.0,0,0.0,0,0,55.0,0.800273829,Weekday
1/12/2015,2.0,1,Monday,6,0.8,11.41,843.0,5670.0,50,0.0,0,0,31.5,0.800181818,Weekday
1/12/2015,2.0,1,Monday,12,0.8,11.61,760.0,4470.0,50,0.0,0,0,31.5,0.80007657,Weekday
1/12/2015,2.0,1,Monday,2,0.8,28.08,737.0,10530.0,63,0.0,0,0,58.5,0.8,Weekday
1/12/2015,2.0,2,Monday,8,0.8,2.9,1190.4659913169319,1440.0,0,0.0,0,0,8.0,0.725,Weekday
1/12/2015,2.0,1,Monday,10,0.8,50.48,381.0,6930.0,45,0.0,0,0,58.5,0.688557555,Weekday
1/12/2015,2.0,1,Monday,5,0.65,20.79,1141.0,8460.0,0,0.0,0,0,59.0,0.650040783,Weekday
1/12/2015,2.0,1,Monday,11,0.65,12.52,1004.0,9540.0,44,0.0,0,0,53.0,0.64998056,Weekday
1/12/2015,2.0,2,Monday,7,0.8,2.9,1190.4659913169319,1440.0,0,0.0,0,0,8.0,0.648106061,Weekday
1/12/2015,2.0,2,Monday,11,0.8,4.15,1190.4659913169319,1440.0,0,0.0,0,0,8.0,0.640577652,Weekday
1/12/2015,2.0,2,Monday,10,0.8,3.94,1190.4659913169319,1440.0,0,0.0,0,0,8.0,0.4276613622499999,Weekday
1/13/2015,2.0,2,Tuesday,1,0.8,3.94,1190.4659913169319,1440.0,0,0.0,0,0,2.0,0.951420455,Weekday
1/13/2015,2.0,2,Tuesday,10,0.8,3.94,1190.4659913169319,5400.0,0,0.0,0,0,20.0,0.912766667,Weekday
1/13/2015,2.0,2,Tuesday,3,0.8,4.15,1190.4659913169319,1620.0,0,0.0,0,0,9.0,0.901262626,Weekday
1/13/2015,2.0,2,Tuesday,9,0.8,3.94,1190.4659913169319,1440.0,0,0.0,0,0,8.0,0.858143939,Weekday
1/13/2015,2.0,1,Tuesday,1,0.8,26.16,1073.0,10620.0,75,0.0,0,0,59.0,0.850502311,Weekday
1/13/2015,2.0,1,Tuesday,9,0.8,26.16,1156.0,10620.0,75,0.0,0,0,59.0,0.850502311,Weekday
1/13/2015,2.0,1,Tuesday,8,0.8,25.9,1211.0,10260.0,60,0.0,0,0,57.0,0.850252525,Weekday
1/13/2015,2.0,1,Tuesday,7,0.8,25.9,1126.0,10170.0,60,0.0,0,0,56.5,0.850136766,Weekday
1/13/2015,2.0,2,Tuesday,5,0.65,4.15,1190.4659913169319,1440.0,0,0.0,0,0,8.0,0.821354167,Weekday
1/13/2015,2.0,2,Tuesday,2,0.8,3.94,1190.4659913169319,1440.0,0,0.0,0,0,8.0,0.805909091,Weekday
1/13/2015,2.0,1,Tuesday,6,0.8,11.61,1004.0,5670.0,50,0.0,0,0,31.5,0.800246753,Weekday
1/13/2015,2.0,1,Tuesday,12,0.8,11.61,1063.0,5670.0,50,0.0,0,0,31.5,0.800246753,Weekday
1/13/2015,2.0,1,Tuesday,2,0.8,28.08,723.0,10530.0,50,0.0,0,0,58.5,0.8,Weekday
1/13/2015,2.0,1,Tuesday,3,0.8,42.27,465.0,9900.0,54,0.0,0,0,55.0,0.705576584,Weekday
1/13/2015,2.0,2,Tuesday,8,0.8,2.9,1190.4659913169319,1440.0,0,0.0,0,0,8.0,0.681060606,Weekday
1/13/2015,2.0,2,Tuesday,7,0.8,2.9,1190.4659913169319,1440.0,0,0.0,0,0,8.0,0.670075758,Weekday
1/13/2015,2.0,2,Tuesday,11,0.8,4.15,1190.4659913169319,1440.0,0,0.0,0,0,8.0,0.601278409,Weekday
1/13/2015,2.0,1,Tuesday,11,0.7,27.13,530.0,9540.0,37,0.0,0,0,53.0,0.582301029,Weekday
1/13/2015,2.0,1,Tuesday,5,0.7,20.79,1297.0,10440.0,0,0.0,0,0,58.0,0.526810345,Weekday
1/14/2015,2.0,2,Wednesday,11,0.8,4.15,1190.4659913169319,1980.0,0,0.0,0,0,7.0,0.934607438,Weekday
1/14/2015,2.0,1,Wednesday,7,0.8,25.9,1150.0,10170.0,70,0.0,0,0,56.5,0.900144811,Weekday
1/14/2015,2.0,2,Wednesday,1,0.8,3.94,1190.4659913169319,1440.0,0,0.0,0,0,8.0,0.891723485,Weekday
1/14/2015,2.0,2,Wednesday,5,0.65,4.15,1190.4659913169319,1440.0,0,0.0,0,0,15.0,0.864583333,Weekday
1/14/2015,2.0,2,Wednesday,9,0.8,3.94,1190.4659913169319,1440.0,0,0.0,0,0,8.0,0.858143939,Weekday
1/14/2015,2.0,1,Wednesday,9,0.8,26.16,1232.0,10620.0,75,0.0,0,0,59.0,0.850502311,Weekday
1/14/2015,2.0,1,Wednesday,8,0.8,25.9,1218.0,10170.0,60,0.0,0,0,56.5,0.850136766,Weekday
1/14/2015,2.0,2,Wednesday,7,0.8,2.9,1190.4659913169319,1440.0,0,0.0,0,0,8.0,0.837594697,Weekday
1/14/2015,2.0,2,Wednesday,3,0.8,4.15,1190.4659913169319,1440.0,0,0.0,0,0,7.0,0.820833333,Weekday
1/14/2015,2.0,1,Wednesday,12,0.8,11.61,1159.0,2970.0,50,0.0,0,0,31.5,0.800313433,Weekday
1/14/2015,2.0,1,Wednesday,6,0.8,11.61,972.0,5670.0,38,0.0,0,0,31.5,0.800246753,Weekday
1/14/2015,2.0,1,Wednesday,1,0.8,26.16,1092.0,10620.0,63,0.0,0,0,59.0,0.800117103,Weekday
1/14/2015,2.0,1,Wednesday,5,0.7,20.79,965.0,7320.0,0,0.0,0,0,58.0,0.700095563,Weekday
1/14/2015,2.0,2,Wednesday,8,0.8,2.9,1190.4659913169319,1440.0,0,0.0,0,0,8.0,0.667329545,Weekday
1/14/2015,2.0,1,Wednesday,4,0.6,22.4,816.0,5100.0,23,0.0,0,0,57.0,0.600369686,Weekday
1/14/2015,2.0,2,Wednesday,10,0.8,3.94,1190.4659913169319,1260.0,0,0.0,0,0,8.0,0.4276613622499999,Weekday
1/14/2015,2.0,1,Wednesday,2,0.8,51.02,1086.0,4260.0,27,0.0,0,0,57.0,0.4276613622499999,Weekday
1/14/2015,2.0,2,Wednesday,2,0.8,3.94,1190.4659913169319,1260.0,0,0.0,0,0,8.0,0.4276613622499999,Weekday
1/15/2015,3.0,2,Thursday,10,0.8,3.94,1190.4659913169319,3420.0,0,0.0,0,0,19.0,0.953110048,Weekday
1/15/2015,3.0,2,Thursday,1,0.8,3.94,1190.4659913169319,1440.0,0,0.0,0,0,8.0,0.884261364,Weekday
1/15/2015,3.0,2,Thursday,5,0.65,4.15,1190.4659913169319,1440.0,0,0.0,0,0,8.0,0.860653409,Weekday
1/15/2015,3.0,2,Thursday,9,0.8,3.94,1190.4659913169319,1440.0,0,0.0,0,0,8.0,0.858143939,Weekday
1/15/2015,3.0,1,Thursday,1,0.8,26.16,1160.0,10620.0,75,0.0,0,0,59.0,0.850502311,Weekday
1/15/2015,3.0,1,Thursday,8,0.8,25.9,1177.0,8970.0,60,0.0,0,0,56.5,0.850415628,Weekday
1/15/2015,3.0,1,Thursday,7,0.8,25.9,1281.0,10170.0,60,0.0,0,0,56.5,0.850136766,Weekday
1/15/2015,3.0,1,Thursday,9,0.8,26.16,1369.0,10620.0,63,0.0,0,0,59.0,0.800117103,Weekday
1/15/2015,3.0,1,Thursday,6,0.8,11.61,1084.0,4950.0,38,0.0,0,0,31.5,0.80003139,Weekday
1/15/2015,3.0,1,Thursday,12,0.8,11.61,1216.0,4950.0,50,0.0,0,0,31.5,0.80003139,Weekday
1/15/2015,3.0,1,Thursday,5,0.7,20.79,391.0,10440.0,0,0.0,0,0,58.0,0.700060345,Weekday
1/15/2015,3.0,2,Thursday,7,0.8,2.9,1190.4659913169319,1440.0,0,0.0,0,0,8.0,0.689299242,Weekday
1/15/2015,3.0,1,Thursday,4,0.65,22.52,872.0,10080.0,26,0.0,0,0,56.0,0.650130952,Weekday
1/15/2015,3.0,2,Thursday,8,0.8,2.9,1190.4659913169319,1440.0,0,0.0,0,0,8.0,0.606912879,Weekday
1/15/2015,3.0,1,Thursday,10,0.6,22.52,1076.0,10170.0,23,0.0,0,0,56.5,0.600291767,Weekday
1/17/2015,3.0,2,Saturday,5,0.65,4.15,1190.4659913169319,2700.0,0,0.0,0,0,15.0,0.98719697,Weekend
1/17/2015,3.0,2,Saturday,2,0.8,3.94,1190.4659913169319,1800.0,0,0.0,0,0,10.0,0.980909091,Weekend
1/17/2015,3.0,2,Saturday,10,0.8,3.94,1190.4659913169319,1440.0,0,0.0,0,0,8.0,0.974621212,Weekend
1/17/2015,3.0,2,Saturday,1,0.8,3.94,1190.4659913169319,1440.0,0,0.0,0,0,8.0,0.884261364,Weekend
1/17/2015,3.0,2,Saturday,9,0.8,3.94,1190.4659913169319,1800.0,0,0.0,0,0,10.0,0.82680303,Weekend
1/17/2015,3.0,1,Saturday,6,0.8,11.41,1067.0,5490.0,63,0.0,0,0,30.5,0.800343766,Weekend
1/17/2015,3.0,1,Saturday,12,0.8,11.61,1039.0,5670.0,63,0.0,0,0,31.5,0.800246753,Weekend
1/17/2015,3.0,1,Saturday,7,0.8,25.9,1396.0,10170.0,50,0.0,0,0,56.5,0.800128721,Weekend
1/17/2015,3.0,1,Saturday,8,0.8,25.9,1292.0,10170.0,50,0.0,0,0,56.5,0.800128721,Weekend
1/17/2015,3.0,1,Saturday,1,0.8,48.68,171.0,10620.0,63,0.0,0,0,59.0,0.800117103,Weekend
1/17/2015,3.0,1,Saturday,9,0.8,26.16,1128.0,10620.0,63,0.0,0,0,59.0,0.800117103,Weekend
1/17/2015,3.0,1,Saturday,2,0.6,22.94,865.0,6570.0,23,0.0,0,0,56.5,0.77011398,Weekend
1/17/2015,3.0,1,Saturday,4,0.7,22.52,825.0,10170.0,50,0.0,0,0,56.5,0.7005417,Weekend
1/17/2015,3.0,2,Saturday,8,0.8,2.9,1190.4659913169319,1440.0,0,0.0,0,0,8.0,0.675568182,Weekend
1/17/2015,3.0,2,Saturday,7,0.8,2.9,1190.4659913169319,1440.0,0,0.0,0,0,8.0,0.661837121,Weekend
1/17/2015,3.0,1,Saturday,10,0.65,22.52,1163.0,9720.0,35,0.0,0,0,54.0,0.650198653,Weekend
1/17/2015,3.0,1,Saturday,3,0.6,22.52,1140.0,10170.0,30,0.0,0,0,56.5,0.600291767,Weekend
1/17/2015,3.0,1,Saturday,11,0.6,14.89,1027.0,10080.0,38,0.0,0,0,56.0,0.600273268,Weekend
1/17/2015,3.0,2,Saturday,6,0.8,2.9,1190.4659913169319,900.0,0,0.0,0,0,5.0,0.465757576,Weekend
1/17/2015,3.0,1,Saturday,5,0.7,41.19,1052.0,10440.0,21,0.0,0,0,58.0,0.452012539,Weekend
1/17/2015,3.0,2,Saturday,11,0.8,4.15,1190.4659913169319,1260.0,0,0.0,0,0,7.0,0.4276613622499999,Weekend
1/18/2015,3.0,2,Sunday,5,0.6,4.15,1190.4659913169319,1440.0,0,0.0,0,0,8.0,0.852793561,Weekend
1/18/2015,3.0,2,Sunday,11,0.65,4.15,1190.4659913169319,2160.0,0,0.0,0,0,12.0,0.838383838,Weekend
1/18/2015,3.0,2,Sunday,6,0.8,2.9,1190.4659913169319,1800.0,0,0.0,0,0,10.0,0.804848485,Weekend
1/18/2015,3.0,1,Sunday,6,0.8,11.41,1140.0,5490.0,63,0.0,0,0,30.5,0.800343766,Weekend
1/18/2015,3.0,1,Sunday,7,0.8,48.84,624.0,10170.0,50,0.0,0,0,56.5,0.800128721,Weekend
1/18/2015,3.0,1,Sunday,8,0.8,25.9,1288.0,10170.0,38,0.0,0,0,56.5,0.800128721,Weekend
1/18/2015,3.0,1,Sunday,9,0.8,26.16,1381.0,3660.0,50,0.0,0,0,59.0,0.800015009,Weekend
1/18/2015,3.0,1,Sunday,4,0.7,22.52,882.0,10170.0,50,0.0,0,0,56.5,0.7005417,Weekend
1/18/2015,3.0,1,Sunday,10,0.7,22.52,1002.0,10080.0,40,0.0,0,0,56.0,0.700094156,Weekend
1/18/2015,3.0,2,Sunday,7,0.8,2.9,1190.4659913169319,1440.0,0,0.0,0,0,8.0,0.692045455,Weekend
1/18/2015,3.0,1,Sunday,12,0.8,26.87,585.0,5670.0,56,0.0,0,0,31.5,0.662255892,Weekend
1/18/2015,3.0,1,Sunday,3,0.65,22.52,1138.0,10170.0,35,0.0,0,0,56.5,0.650416734,Weekend
1/18/2015,3.0,1,Sunday,11,0.65,14.89,1140.0,10260.0,44,0.0,0,0,57.0,0.650299575,Weekend
1/18/2015,3.0,1,Sunday,2,0.65,22.94,1025.0,10170.0,26,0.0,0,0,56.5,0.650243497,Weekend
1/18/2015,3.0,2,Sunday,8,0.8,2.9,1190.4659913169319,1440.0,0,0.0,0,0,8.0,0.639867424,Weekend
1/18/2015,3.0,1,Sunday,5,0.6,20.4,1031.0,10440.0,30,0.0,0,0,58.0,0.600062696,Weekend
1/18/2015,3.0,2,Sunday,9,0.8,3.94,1190.4659913169319,1800.0,0,0.0,0,0,10.0,0.582045455,Weekend
1/18/2015,3.0,1,Sunday,1,0.8,49.1,1381.0,10350.0,24,0.0,0,0,57.5,0.4276613622499999,Weekend
1/18/2015,3.0,2,Sunday,10,0.7,3.94,1190.4659913169319,1440.0,0,0.0,0,0,8.0,0.4276613622499999,Weekend
1/19/2015,3.0,2,Monday,4,0.7,4.3,1190.4659913169319,5040.0,0,0.0,0,0,28.0,0.977272727,Weekday
1/19/2015,3.0,2,Monday,9,0.8,3.94,1190.4659913169319,1800.0,0,0.0,0,0,10.0,0.964106061,Weekday
1/19/2015,3.0,2,Monday,5,0.65,4.15,1190.4659913169319,1440.0,0,0.0,0,0,8.0,0.958901515,Weekday
1/19/2015,3.0,1,Monday,6,0.8,11.41,1028.0,4380.0,50,0.0,0,0,31.0,0.800358775,Weekday
1/19/2015,3.0,1,Monday,8,0.8,25.9,1380.0,3630.0,50,0.0,0,0,56.5,0.800162602,Weekday
1/19/2015,3.0,1,Monday,9,0.8,26.16,1196.0,10620.0,63,0.0,0,0,59.0,0.800117103,Weekday
1/19/2015,3.0,2,Monday,12,0.8,2.9,1190.4659913169319,1440.0,0,0.0,0,0,8.0,0.793844697,Weekday
1/19/2015,3.0,1,Monday,2,0.7,22.94,1006.0,10170.0,38,0.0,0,0,56.5,0.750517565,Weekday
1/19/2015,3.0,1,Monday,4,0.7,22.52,930.0,10260.0,63,0.0,0,0,57.0,0.750068049,Weekday
1/19/2015,3.0,1,Monday,3,0.7,22.52,1095.0,10170.0,50,0.0,0,0,56.5,0.750062751,Weekday
1/19/2015,3.0,1,Monday,10,0.7,22.52,938.0,10080.0,63,0.0,0,0,56.0,0.750057359,Weekday
1/19/2015,3.0,1,Monday,11,0.7,14.89,1484.0,10260.0,50,0.0,0,0,57.0,0.700170388,Weekday
1/19/2015,3.0,2,Monday,8,0.8,2.9,1190.4659913169319,1440.0,0,0.0,0,0,8.0,0.683806818,Weekday
1/19/2015,3.0,1,Monday,5,0.65,20.4,1255.0,8280.0,35,0.0,0,0,58.0,0.650066445,Weekday
1/19/2015,3.0,1,Monday,7,0.8,48.84,1040.0,10260.0,30,0.0,0,0,57.0,0.576460393,Weekday
1/19/2015,3.0,2,Monday,10,0.7,3.94,1190.4659913169319,1440.0,0,0.0,0,0,8.0,0.538399621,Weekday
1/19/2015,3.0,2,Monday,11,0.7,4.15,1190.4659913169319,1440.0,0,0.0,0,0,8.0,0.4276613622499999,Weekday
1/20/2015,3.0,2,Tuesday,5,0.7,4.15,1190.4659913169319,1440.0,0,0.0,0,0,8.0,1.033570076,Weekday
1/20/2015,3.0,1,Tuesday,6,0.8,11.41,1047.0,5580.0,63,0.0,0,0,31.0,0.800261486,Weekday
1/20/2015,3.0,1,Tuesday,8,0.8,25.9,1434.0,10170.0,50,0.0,0,0,56.5,0.800128721,Weekday
1/20/2015,3.0,1,Tuesday,9,0.8,26.16,399.0,10620.0,63,0.0,0,0,59.0,0.800117103,Weekday
1/20/2015,3.0,1,Tuesday,4,0.7,22.52,983.0,10260.0,63,0.0,0,0,57.0,0.750068049,Weekday
1/20/2015,3.0,1,Tuesday,10,0.7,22.52,1108.0,10080.0,63,0.0,0,0,56.0,0.750057359,Weekday
1/20/2015,3.0,1,Tuesday,3,0.7,22.52,1134.0,8460.0,50,0.0,0,0,57.0,0.750037968,Weekday
1/20/2015,3.0,1,Tuesday,2,0.7,22.94,1363.0,10260.0,50,0.0,0,0,57.0,0.750031898,Weekday
1/20/2015,3.0,2,Tuesday,9,0.8,3.94,1190.4659913169319,1800.0,0,0.0,0,0,10.0,0.72830303,Weekday
1/20/2015,3.0,1,Tuesday,11,0.7,14.89,1501.0,10260.0,50,0.0,0,0,57.0,0.700170388,Weekday
1/20/2015,3.0,1,Tuesday,5,0.7,20.4,1352.0,10260.0,50,0.0,0,0,57.0,0.700063796,Weekday
1/20/2015,3.0,2,Tuesday,8,0.8,2.9,1190.4659913169319,1440.0,0,0.0,0,0,8.0,0.639867424,Weekday
1/20/2015,3.0,2,Tuesday,11,0.7,4.15,1190.4659913169319,2700.0,0,0.0,0,0,15.0,0.4276613622499999,Weekday
1/21/2015,3.0,2,Wednesday,4,0.75,4.3,1190.4659913169319,6000.0,0,0.0,0,0,20.0,0.978525641,Weekday
1/21/2015,3.0,2,Wednesday,2,0.7,3.94,1190.4659913169319,5100.0,0,0.0,0,0,17.0,0.912202112,Weekday
1/21/2015,3.0,1,Wednesday,4,0.75,22.52,825.0,10080.0,94,0.0,0,0,56.0,0.900556277,Weekday
1/21/2015,3.0,1,Wednesday,6,0.8,11.61,916.0,5760.0,75,0.0,0,0,89.0,0.850410511,Weekday
1/21/2015,3.0,2,Wednesday,9,0.8,3.94,1190.4659913169319,2400.0,0,0.0,0,0,8.0,0.827147436,Weekday
1/21/2015,3.0,1,Wednesday,8,0.8,25.9,562.0,7470.0,38,0.0,0,0,56.5,0.800436542,Weekday
1/21/2015,3.0,1,Wednesday,2,0.7,22.94,1422.0,10500.0,60,0.0,0,0,57.0,0.800415742,Weekday
1/21/2015,3.0,1,Wednesday,10,0.7,22.52,1206.0,10080.0,75,0.0,0,0,56.0,0.800020563,Weekday
1/21/2015,3.0,2,Wednesday,5,0.7,4.15,1190.4659913169319,2400.0,0,0.0,0,0,8.0,0.758173077,Weekday
1/21/2015,3.0,1,Wednesday,5,0.7,20.4,1404.0,10440.0,50,0.0,0,0,58.0,0.750344828,Weekday
1/21/2015,3.0,1,Wednesday,3,0.7,22.52,1139.0,10260.0,63,0.0,0,0,57.0,0.750068049,Weekday
1/21/2015,3.0,1,Wednesday,11,0.7,14.89,1735.0,10260.0,50,0.0,0,0,57.0,0.700170388,Weekday
1/21/2015,3.0,1,Wednesday,1,0.65,22.94,1595.0,10260.0,34,0.0,0,0,57.0,0.700029771,Weekday
1/21/2015,3.0,1,Wednesday,12,0.6,15.26,1245.0,6360.0,23,0.0,0,0,34.0,0.60017284,Weekday
1/21/2015,3.0,2,Wednesday,8,0.8,2.9,1190.4659913169319,2400.0,0,0.0,0,0,8.0,0.594871795,Weekday
1/21/2015,3.0,1,Wednesday,9,0.8,52.614999999999995,757.0,4140.0,29,0.0,0,0,58.0,0.520237649,Weekday
1/21/2015,3.0,2,Wednesday,1,0.65,3.94,1190.4659913169319,2400.0,0,0.0,0,0,8.0,0.505128205,Weekday
1/21/2015,3.0,2,Wednesday,11,0.7,4.15,1190.4659913169319,2700.0,0,0.0,0,0,9.0,0.470769231,Weekday
1/22/2015,4.0,2,Thursday,7,0.6,3.94,1190.4659913169319,6000.0,0,0.0,0,0,10.0,0.957638889,Weekday
1/22/2015,4.0,2,Thursday,10,0.75,3.94,1190.4659913169319,8400.0,0,0.0,0,0,14.0,0.940701058,Weekday
1/22/2015,4.0,1,Thursday,4,0.75,22.52,759.0,10080.0,81,0.0,0,0,56.0,0.849983766,Weekday
1/22/2015,4.0,1,Thursday,2,0.7,22.94,1510.0,10620.0,60,0.0,0,0,57.0,0.800302791,Weekday
1/22/2015,4.0,1,Thursday,6,0.8,11.61,955.0,6360.0,63,0.0,0,0,32.0,0.800191989,Weekday
1/22/2015,4.0,1,Thursday,10,0.75,22.52,1328.0,10080.0,55,0.0,0,0,56.0,0.800020563,Weekday
1/22/2015,4.0,1,Thursday,1,0.7,22.94,1384.0,12180.0,63,0.0,0,0,57.0,0.750162367,Weekday
1/22/2015,4.0,1,Thursday,3,0.7,22.52,1244.0,10260.0,63,0.0,0,0,57.0,0.750068049,Weekday
1/22/2015,4.0,2,Thursday,5,0.7,4.15,1190.4659913169319,9000.0,0,0.0,0,0,15.0,0.742901235,Weekday
1/22/2015,4.0,1,Thursday,5,0.7,20.4,1480.0,10440.0,40,0.0,0,0,58.0,0.700250784,Weekday
1/22/2015,4.0,1,Thursday,11,0.7,14.89,1863.0,10260.0,50,0.0,0,0,57.0,0.700170388,Weekday
1/22/2015,4.0,2,Thursday,4,0.75,4.3,1190.4659913169319,9000.0,0,0.0,0,0,15.0,0.670216049,Weekday
1/22/2015,4.0,2,Thursday,1,0.7,3.94,1190.4659913169319,15000.0,0,0.0,0,0,25.0,0.649662222,Weekday
1/22/2015,4.0,2,Thursday,2,0.7,3.94,1190.4659913169319,15000.0,0,0.0,0,0,25.0,0.649662222,Weekday
1/22/2015,4.0,2,Thursday,6,0.8,2.9,1190.4659913169319,4800.0,0,0.0,0,0,8.0,0.626822917,Weekday
1/22/2015,4.0,1,Thursday,12,0.6,15.26,1492.0,6960.0,23,0.0,0,0,34.0,0.600436426,Weekday
1/22/2015,4.0,1,Thursday,7,0.6,22.52,1859.0,10260.0,23,0.0,0,0,57.0,0.60041361,Weekday
1/22/2015,4.0,1,Thursday,8,0.8,40.99,980.0,10770.0,30,0.0,0,0,56.5,0.555500132,Weekday
1/22/2015,4.0,2,Thursday,3,0.7,3.94,1190.4659913169319,12000.0,0,0.0,0,0,20.0,0.460578704,Weekday
1/22/2015,4.0,2,Thursday,8,0.8,2.9,1190.4659913169319,4800.0,0,0.0,0,0,8.0,0.4276613622499999,Weekday
1/22/2015,4.0,2,Thursday,12,0.6,4.08,1190.4659913169319,5400.0,0,0.0,0,0,9.0,0.4276613622499999,Weekday
1/24/2015,4.0,2,Saturday,5,0.7,4.15,1190.4659913169319,2700.0,0,0.0,0,0,15.0,0.966666667,Weekend
1/24/2015,4.0,2,Saturday,10,0.75,3.94,1190.4659913169319,1800.0,0,0.0,0,0,10.0,0.937242424,Weekend
1/24/2015,4.0,2,Saturday,8,0.8,2.9,1190.4659913169319,1620.0,0,0.0,0,0,9.0,0.910521886,Weekend
1/24/2015,4.0,1,Saturday,2,0.75,22.94,1606.0,10260.0,94,0.0,0,0,57.0,0.90064806,Weekend
1/24/2015,4.0,1,Saturday,4,0.75,22.52,727.0,10260.0,94,0.0,0,0,57.0,0.900321106,Weekend
1/24/2015,4.0,2,Saturday,11,0.75,4.15,1190.4659913169319,1800.0,0,0.0,0,0,10.0,0.896022727,Weekend
1/24/2015,4.0,2,Saturday,3,0.75,3.94,1190.4659913169319,1440.0,0,0.0,0,0,8.0,0.895454545,Weekend
1/24/2015,4.0,2,Saturday,7,0.65,3.94,1190.4659913169319,2160.0,0,0.0,0,0,12.0,0.870580808,Weekend
1/24/2015,4.0,2,Saturday,12,0.7,4.08,1190.4659913169319,1620.0,0,0.0,0,0,9.0,0.858585859,Weekend
1/24/2015,4.0,1,Saturday,1,0.7,22.94,1472.0,10260.0,75,0.0,0,0,57.0,0.800643806,Weekend
1/24/2015,4.0,1,Saturday,10,0.75,22.52,1332.0,10080.0,69,0.0,0,0,56.0,0.80062987,Weekend
1/24/2015,4.0,1,Saturday,6,0.8,11.61,1009.0,5640.0,63,0.0,0,0,32.0,0.800537143,Weekend
1/24/2015,4.0,1,Saturday,3,0.75,22.52,1266.0,10260.0,69,0.0,0,0,57.0,0.80035194,Weekend
1/24/2015,4.0,1,Saturday,12,0.75,15.26,1316.0,6120.0,40,0.0,0,0,34.0,0.750079323,Weekend
1/24/2015,4.0,1,Saturday,11,0.75,42.97,1282.0,10260.0,56,0.0,0,0,57.0,0.750041201,Weekend
1/24/2015,4.0,1,Saturday,5,0.7,20.4,1382.0,10440.0,50,0.0,0,0,58.0,0.700250784,Weekend
1/24/2015,4.0,2,Saturday,4,0.75,4.3,1190.4659913169319,2160.0,0,0.0,0,0,12.0,0.651515152,Weekend
1/24/2015,4.0,1,Saturday,7,0.65,22.52,1295.0,10170.0,26,0.0,0,0,56.5,0.650416734,Weekend
1/24/2015,4.0,1,Saturday,9,0.6,29.12,925.0,6660.0,23,0.0,0,0,58.0,0.600125217,Weekend
1/24/2015,4.0,2,Saturday,2,0.75,3.94,1190.4659913169319,1440.0,0,0.0,0,0,8.0,0.578314394,Weekend
1/24/2015,4.0,2,Saturday,1,0.7,3.94,1190.4659913169319,1440.0,0,0.0,0,0,8.0,0.578314394,Weekend
1/24/2015,4.0,2,Saturday,9,0.6,3.94,1190.4659913169319,1440.0,0,0.0,0,0,8.0,0.4276613622499999,Weekend
1/25/2015,4.0,2,Sunday,5,0.7,4.15,1190.4659913169319,3060.0,0,0.0,0,0,17.0,0.973796791,Weekend
1/25/2015,4.0,2,Sunday,2,0.75,3.94,1190.4659913169319,1440.0,0,0.0,0,0,8.0,0.970075758,Weekend
1/25/2015,4.0,2,Sunday,1,0.7,3.94,1190.4659913169319,1440.0,0,0.0,0,0,8.0,0.970075758,Weekend
1/25/2015,4.0,2,Sunday,3,0.75,3.94,1190.4659913169319,1620.0,0,0.0,0,0,9.0,0.961784512,Weekend
1/25/2015,4.0,2,Sunday,10,0.75,3.94,1190.4659913169319,3420.0,0,0.0,0,0,19.0,0.955151515,Weekend
1/25/2015,4.0,2,Sunday,4,0.75,4.3,1190.4659913169319,2160.0,0,0.0,0,0,12.0,0.952020202,Weekend
1/25/2015,4.0,1,Sunday,4,0.75,22.52,867.0,10260.0,94,0.0,0,0,57.0,0.900321106,Weekend
1/25/2015,4.0,1,Sunday,2,0.75,22.94,1636.0,10530.0,81,0.0,0,0,58.5,0.850223776,Weekend
1/25/2015,4.0,1,Sunday,1,0.7,22.94,1682.0,10530.0,75,0.0,0,0,58.5,0.800909609,Weekend
1/25/2015,4.0,1,Sunday,3,0.75,22.52,1495.0,10350.0,55,0.0,0,0,57.5,0.800513307,Weekend
1/25/2015,4.0,1,Sunday,6,0.8,11.61,1181.0,5760.0,63,0.0,0,0,32.0,0.800386364,Weekend
1/25/2015,4.0,1,Sunday,10,0.75,22.52,1413.0,10080.0,69,0.0,0,0,56.0,0.800020563,Weekend
1/25/2015,4.0,2,Sunday,7,0.65,3.94,1190.4659913169319,2520.0,0,0.0,0,0,14.0,0.749188312,Weekend
1/25/2015,4.0,1,Sunday,7,0.7,22.52,360.0,10170.0,40,0.0,0,0,56.5,0.7005417,Weekend
1/25/2015,4.0,1,Sunday,12,0.7,15.26,1296.0,6120.0,40,0.0,0,0,34.0,0.70043672,Weekend
1/25/2015,4.0,1,Sunday,5,0.7,20.4,1217.0,10440.0,50,0.0,0,0,58.0,0.700250784,Weekend
1/25/2015,4.0,1,Sunday,9,0.65,29.12,1086.0,10440.0,26,0.0,0,0,58.0,0.650407524,Weekend
1/25/2015,4.0,2,Sunday,12,0.7,4.08,1190.4659913169319,1620.0,0,0.0,0,0,9.0,0.618181818,Weekend
1/25/2015,4.0,1,Sunday,11,0.75,42.97,532.0,10260.0,40,0.0,0,0,57.0,0.59114168,Weekend
1/25/2015,4.0,2,Sunday,8,0.8,2.9,1190.4659913169319,720.0,0,0.0,0,0,4.0,0.4276613622499999,Weekend
1/26/2015,4.0,2,Monday,3,0.75,3.94,1190.4659913169319,1800.0,0,0.0,0,0,10.0,1.059621212,Weekday
1/26/2015,4.0,2,Monday,10,0.75,3.94,1190.4659913169319,3780.0,0,0.0,0,0,21.0,0.997792208,Weekday
1/26/2015,4.0,2,Monday,4,0.75,4.3,1190.4659913169319,2160.0,0,0.0,0,0,12.0,0.963699495,Weekday
1/26/2015,4.0,2,Monday,5,0.7,4.15,1190.4659913169319,2700.0,0,0.0,0,0,15.0,0.959191919,Weekday
1/26/2015,4.0,2,Monday,2,0.75,3.94,1190.4659913169319,1800.0,0,0.0,0,0,10.0,0.910378788,Weekday
1/26/2015,4.0,2,Monday,1,0.7,3.94,1190.4659913169319,1800.0,0,0.0,0,0,10.0,0.910378788,Weekday
1/26/2015,4.0,1,Monday,4,0.8,22.52,1016.0,10170.0,60,0.0,0,0,56.5,0.850312684,Weekday
1/26/2015,4.0,1,Monday,6,0.8,11.61,1072.0,5760.0,50,0.0,0,0,32.0,0.800386364,Weekday
1/26/2015,4.0,1,Monday,3,0.75,22.52,1584.0,10260.0,69,0.0,0,0,57.0,0.80035194,Weekday
1/26/2015,4.0,1,Monday,2,0.75,22.94,1764.0,10260.0,55,0.0,0,0,57.0,0.800034024,Weekday
1/26/2015,4.0,1,Monday,1,0.7,22.94,1745.0,10440.0,60,0.0,0,0,58.0,0.800023511,Weekday
1/26/2015,4.0,1,Monday,10,0.75,22.52,1250.0,10080.0,55,0.0,0,0,56.0,0.800020563,Weekday
1/26/2015,4.0,2,Monday,12,0.7,4.08,1190.4659913169319,1620.0,0,0.0,0,0,9.0,0.769292929,Weekday
1/26/2015,4.0,1,Monday,5,0.75,20.4,1118.0,10320.0,56,0.0,0,0,58.0,0.750031447,Weekday
1/26/2015,4.0,1,Monday,9,0.7,29.12,1143.0,10440.0,40,0.0,0,0,58.0,0.70061442,Weekday
1/26/2015,4.0,1,Monday,12,0.7,15.26,1337.0,6120.0,40,0.0,0,0,34.0,0.70043672,Weekday
1/26/2015,4.0,2,Monday,7,0.65,3.94,1190.4659913169319,1440.0,0,0.0,0,0,8.0,0.646306818,Weekday
1/26/2015,4.0,1,Monday,8,0.6,15.09,1519.0,360.0,23,0.0,0,0,52.0,0.600143365,Weekday
1/27/2015,4.0,1,Tuesday,2,0.75,22.52,1635.0,6840.0,119,0.0,0,0,57.0,1.000230409,Weekday
1/27/2015,4.0,1,Tuesday,3,0.75,22.52,1299.0,6840.0,119,0.0,0,0,57.0,1.000230409,Weekday
1/27/2015,4.0,2,Tuesday,10,0.8,3.94,1190.4659913169319,1440.0,0,0.0,0,0,12.0,0.979527778,Weekday
1/27/2015,4.0,2,Tuesday,4,0.8,4.3,1190.4659913169319,1440.0,0,0.0,0,0,12.0,0.940625,Weekday
1/27/2015,4.0,1,Tuesday,10,0.8,22.52,1134.0,6720.0,70,0.0,0,0,56.0,0.900129762,Weekday
1/27/2015,4.0,2,Tuesday,3,0.75,3.94,1190.4659913169319,1440.0,0,0.0,0,0,12.0,0.861875,Weekday
1/27/2015,4.0,1,Tuesday,4,0.8,22.52,1106.0,6780.0,60,0.0,0,0,56.5,0.850312684,Weekday
1/27/2015,4.0,2,Tuesday,8,0.65,3.94,1190.4659913169319,960.0,0,0.0,0,0,8.0,0.845458333,Weekday
1/27/2015,4.0,2,Tuesday,12,0.7,4.15,1190.4659913169319,1080.0,0,0.0,0,0,9.0,0.823555556,Weekday
1/27/2015,4.0,1,Tuesday,1,0.75,22.94,1871.0,6960.0,55,0.0,0,0,58.0,0.800263218,Weekday
1/27/2015,4.0,2,Tuesday,2,0.75,3.94,1190.4659913169319,1200.0,0,0.0,0,0,10.0,0.788,Weekday
1/27/2015,4.0,2,Tuesday,1,0.75,3.94,1190.4659913169319,1200.0,0,0.0,0,0,10.0,0.77815,Weekday
1/27/2015,4.0,1,Tuesday,9,0.7,29.12,1294.0,6960.0,50,0.0,0,0,58.0,0.700386207,Weekday
1/27/2015,4.0,1,Tuesday,12,0.7,15.26,1462.0,4080.0,40,0.0,0,0,34.0,0.700164706,Weekday
1/27/2015,4.0,1,Tuesday,8,0.65,15.09,976.0,240.0,23,0.0,0,0,52.0,0.650307143,Weekday
1/27/2015,4.0,1,Tuesday,6,0.8,30.4,338.0,3840.0,34,0.0,0,0,32.0,0.622828125,Weekday
1/27/2015,4.0,2,Tuesday,6,0.8,2.9,1190.4659913169319,960.0,0,0.0,0,0,8.0,0.6225,Weekday
1/28/2015,4.0,1,Wednesday,2,0.8,22.52,1559.0,6840.0,90,0.0,0,0,57.0,1.000230409,Weekday
1/28/2015,4.0,1,Wednesday,3,0.8,22.52,1350.0,6840.0,113,0.0,0,0,57.0,1.000230409,Weekday
1/28/2015,4.0,2,Wednesday,1,0.75,3.94,1190.4659913169319,1200.0,0,0.0,0,0,10.0,0.9456,Weekday
1/28/2015,4.0,2,Wednesday,2,0.8,3.94,1190.4659913169319,1800.0,0,0.0,0,0,15.0,0.902222222,Weekday
1/28/2015,4.0,1,Wednesday,10,0.8,22.52,1175.0,6720.0,60,0.0,0,0,56.0,0.850532143,Weekday
1/28/2015,4.0,1,Wednesday,1,0.75,22.94,1868.0,6960.0,81,0.0,0,0,58.0,0.850362069,Weekday
1/28/2015,4.0,2,Wednesday,10,0.8,3.94,1190.4659913169319,1200.0,0,0.0,0,0,10.0,0.840533333,Weekday
1/28/2015,4.0,1,Wednesday,5,0.6,20.79,1045.0,6960.0,88,0.0,0,0,58.0,0.800534483,Weekday
1/28/2015,4.0,1,Wednesday,4,0.8,22.52,1342.0,6780.0,50,0.0,0,0,56.5,0.800489676,Weekday
1/28/2015,4.0,2,Wednesday,12,0.75,4.08,1190.4659913169319,1080.0,0,0.0,0,0,9.0,0.755555556,Weekday
1/28/2015,4.0,1,Wednesday,9,0.7,29.12,1340.0,6960.0,63,0.0,0,0,58.0,0.750593103,Weekday
1/28/2015,4.0,1,Wednesday,12,0.75,15.26,1429.0,3600.0,45,0.0,0,0,35.0,0.750283333,Weekday
1/28/2015,4.0,2,Wednesday,4,0.8,4.3,1190.4659913169319,1440.0,0,0.0,0,0,12.0,0.722638889,Weekday
1/28/2015,4.0,2,Wednesday,8,0.65,4.15,1190.4659913169319,960.0,0,0.0,0,0,8.0,0.553333333,Weekday
1/28/2015,4.0,1,Wednesday,8,0.7,38.09,336.0,6240.0,0,0.0,0,0,52.0,0.467693269,Weekday
1/28/2015,4.0,2,Wednesday,7,0.6,3.94,1190.4659913169319,960.0,0,0.0,0,0,8.0,0.4276613622499999,Weekday
1/28/2015,4.0,1,Wednesday,7,0.6,23.54,958.0,6600.0,0,0.0,0,0,55.0,0.4276613622499999,Weekday
1/29/2015,,1,Thursday,2,0.8,22.52,1416.0,6840.0,113,0.0,0,0,57.0,1.000230409,Weekday
1/29/2015,,2,Thursday,4,0.8,4.3,1190.4659913169319,1200.0,0,0.0,0,0,10.0,0.989,Weekday
1/29/2015,,1,Thursday,3,0.8,22.52,1287.0,6840.0,100,0.0,0,0,57.0,0.950185965,Weekday
1/29/2015,,1,Thursday,4,0.8,22.52,1444.0,6900.0,88,0.0,0,0,57.5,0.9008,Weekday
1/29/2015,,1,Thursday,10,0.8,22.52,1088.0,6720.0,88,0.0,0,0,56.0,0.900129762,Weekday
1/29/2015,,2,Thursday,8,0.65,4.15,1190.4659913169319,960.0,0,0.0,0,0,8.0,0.877552083,Weekday
1/29/2015,,2,Thursday,11,0.6,2.9,1190.4659913169319,960.0,0,0.0,0,0,8.0,0.864583333,Weekday
1/29/2015,,2,Thursday,10,0.8,3.94,1190.4659913169319,1200.0,0,0.0,0,0,10.0,0.85695,Weekday
1/29/2015,,2,Thursday,1,0.75,3.94,1190.4659913169319,1200.0,0,0.0,0,0,10.0,0.853666667,Weekday
1/29/2015,,1,Thursday,1,0.75,22.94,1579.0,6960.0,81,0.0,0,0,58.0,0.850362069,Weekday
1/29/2015,,1,Thursday,9,0.7,29.12,1170.0,6960.0,53,0.0,0,0,58.0,0.850170115,Weekday
1/29/2015,,1,Thursday,5,0.65,20.79,1015.0,7080.0,81,0.0,0,0,59.0,0.800473729,Weekday
1/29/2015,,2,Thursday,2,0.8,3.94,1190.4659913169319,1200.0,0,0.0,0,0,10.0,0.773333333,Weekday
1/29/2015,,1,Thursday,12,0.75,15.26,1436.0,4200.0,45,0.0,0,0,35.0,0.750646667,Weekday
1/29/2015,,2,Thursday,12,0.75,4.08,1190.4659913169319,1080.0,0,0.0,0,0,9.0,0.634666667,Weekday
1/29/2015,,1,Thursday,11,0.6,20.1,1601.0,4320.0,46,0.0,0,0,51.0,0.60059761,Weekday
1/29/2015,,2,Thursday,3,0.8,3.94,1190.4659913169319,960.0,0,0.0,0,0,8.0,0.4925,Weekday
1/29/2015,,1,Thursday,7,0.65,23.54,830.0,6600.0,0,0.0,0,0,55.0,0.48792,Weekday
1/31/2015,,1,Saturday,3,0.8,22.52,1136.0,6960.0,113,0.0,0,0,58.0,1.000457471,Weekend
1/31/2015,,1,Saturday,2,0.8,22.52,1397.0,6840.0,113,0.0,0,0,57.0,1.000230409,Weekend
1/31/2015,,2,Saturday,2,0.8,3.94,1190.4659913169319,1200.0,0,0.0,0,0,10.0,0.971866667,Weekend
1/31/2015,,2,Saturday,3,0.8,3.94,1190.4659913169319,960.0,0,0.0,0,0,8.0,0.971866667,Weekend
1/31/2015,,2,Saturday,4,0.8,3.94,1190.4659913169319,1200.0,0,0.0,0,0,10.0,0.971866667,Weekend
1/31/2015,,2,Saturday,10,0.8,3.94,1190.4659913169319,1200.0,0,0.0,0,0,10.0,0.971866667,Weekend
1/31/2015,,2,Saturday,1,0.75,3.94,1190.4659913169319,1800.0,0,0.0,0,0,15.0,0.971866667,Weekend
1/31/2015,,2,Saturday,9,0.75,3.94,1190.4659913169319,240.0,0,0.0,0,0,2.0,0.971866667,Weekend
1/31/2015,,2,Saturday,12,0.75,4.08,1190.4659913169319,1080.0,0,0.0,0,0,9.0,0.971866667,Weekend
1/31/2015,,2,Saturday,5,0.7,3.94,1190.4659913169319,240.0,0,0.0,0,0,2.0,0.971866667,Weekend
1/31/2015,,2,Saturday,7,0.7,3.94,1190.4659913169319,1200.0,0,0.0,0,0,10.0,0.971866667,Weekend
1/31/2015,,2,Saturday,8,0.65,3.94,1190.4659913169319,960.0,0,0.0,0,0,8.0,0.971866667,Weekend
1/31/2015,,2,Saturday,11,0.65,3.94,1190.4659913169319,600.0,0,0.0,0,0,5.0,0.971866667,Weekend
1/31/2015,,2,Saturday,6,0.6,3.94,1190.4659913169319,1200.0,0,0.0,0,0,10.0,0.971866667,Weekend
1/31/2015,,1,Saturday,10,0.8,22.52,1116.0,6720.0,93,0.0,0,0,56.0,0.920236905,Weekend
1/31/2015,,1,Saturday,4,0.8,22.52,1432.0,6660.0,88,0.0,0,0,57.5,0.900537069,Weekend
1/31/2015,,1,Saturday,9,0.75,29.12,1082.0,6840.0,81,0.0,0,0,57.0,0.850610526,Weekend
1/31/2015,,1,Saturday,1,0.75,22.94,1502.0,6960.0,81,0.0,0,0,58.0,0.850362069,Weekend
1/31/2015,,1,Saturday,12,0.75,15.26,1209.0,4200.0,45,0.0,0,0,35.0,0.750646667,Weekend
1/31/2015,,1,Saturday,5,0.7,50.89,282.0,5880.0,56,0.0,0,0,59.0,0.656763743,Weekend
1/31/2015,,1,Saturday,11,0.65,20.1,1417.0,6480.0,49,0.0,0,0,54.0,0.650148148,Weekend
1/31/2015,,1,Saturday,6,0.6,18.79,799.0,3960.0,23,0.0,0,0,33.0,0.600710606,Weekend
1/31/2015,,1,Saturday,7,0.7,23.54,1109.0,6720.0,0,0.0,0,0,56.0,0.4276613622499999,Weekend
2/1/2015,1.0,2,Sunday,8,0.65,4.15,1190.4659913169319,960.0,0,0.0,0,0,8.0,1.0115625,Weekend
2/1/2015,1.0,1,Sunday,2,0.8,22.52,1396.0,6900.0,113,0.0,0,0,57.5,1.000671304,Weekend
2/1/2015,1.0,1,Sunday,1,0.8,22.94,1582.0,3060.0,113,0.0,0,0,58.5,1.000402055,Weekend
2/1/2015,1.0,2,Sunday,1,0.75,3.94,1190.4659913169319,2280.0,0,0.0,0,0,19.0,0.950438596,Weekend
2/1/2015,1.0,1,Sunday,3,0.8,22.52,1124.0,6840.0,100,0.0,0,0,57.0,0.950185965,Weekend
2/1/2015,1.0,2,Sunday,2,0.8,3.94,1190.4659913169319,1200.0,0,0.0,0,0,10.0,0.912766667,Weekend
2/1/2015,1.0,2,Sunday,7,0.7,3.94,1190.4659913169319,2160.0,0,0.0,0,0,18.0,0.892194444,Weekend
2/1/2015,1.0,2,Sunday,10,0.8,3.94,1190.4659913169319,1200.0,0,0.0,0,0,10.0,0.8865,Weekend
2/1/2015,1.0,1,Sunday,10,0.8,22.52,1282.0,6720.0,75,0.0,0,0,56.0,0.850532143,Weekend
2/1/2015,1.0,1,Sunday,4,0.8,22.52,1472.0,7020.0,60,0.0,0,0,58.5,0.85011396,Weekend
2/1/2015,1.0,2,Sunday,4,0.8,4.3,1190.4659913169319,1440.0,0,0.0,0,0,12.0,0.845069444,Weekend
2/1/2015,1.0,1,Sunday,9,0.75,29.12,1282.0,6960.0,45,0.0,0,0,58.0,0.750593103,Weekend
2/1/2015,1.0,1,Sunday,12,0.75,15.26,1276.0,1440.0,45,0.0,0,0,35.0,0.750450658,Weekend
2/1/2015,1.0,2,Sunday,12,0.75,4.08,1190.4659913169319,1080.0,0,0.0,0,0,9.0,0.702666667,Weekend
2/1/2015,1.0,1,Sunday,11,0.7,20.1,1192.0,6120.0,75,0.0,0,0,54.0,0.700508929,Weekend
2/1/2015,1.0,1,Sunday,6,0.65,18.79,881.0,3960.0,26,0.0,0,0,33.0,0.651007071,Weekend
2/1/2015,1.0,1,Sunday,8,0.6,24.26,1196.0,6600.0,0,0.0,0,0,55.0,0.466821212,Weekend
2/1/2015,1.0,1,Sunday,7,0.7,24.26,1400.0,6720.0,0,0.0,0,0,56.0,0.4276613622499999,Weekend
2/1/2015,1.0,2,Sunday,6,0.6,2.9,1190.4659913169319,1200.0,0,0.0,0,0,10.0,0.4276613622499999,Weekend
2/2/2015,1.0,1,Monday,1,0.8,22.94,16882.0,7020.0,113,0.0,0,0,58.5,1.000602279,Weekday
2/2/2015,1.0,2,Monday,9,0.75,3.94,1190.4659913169319,960.0,0,0.0,0,0,8.0,0.994270833,Weekday
2/2/2015,1.0,1,Monday,2,0.8,22.52,21385.0,7020.0,88,0.0,0,0,58.5,0.900158405,Weekday
2/2/2015,1.0,1,Monday,3,0.8,22.52,21266.0,6840.0,70,0.0,0,0,57.0,0.90014152,Weekday
2/2/2015,1.0,1,Monday,10,0.8,22.52,21540.0,6720.0,88,0.0,0,0,56.0,0.900129762,Weekday
2/2/2015,1.0,2,Monday,10,0.8,3.94,1190.4659913169319,1200.0,0,0.0,0,0,10.0,0.85695,Weekday
2/2/2015,1.0,2,Monday,4,0.8,4.3,1190.4659913169319,1440.0,0,0.0,0,0,12.0,0.809236111,Weekday
2/2/2015,1.0,1,Monday,12,0.8,15.26,12261.0,3600.0,63,0.0,0,0,35.0,0.800401961,Weekday
2/2/2015,1.0,1,Monday,4,0.8,22.52,23122.0,5940.0,50,0.0,0,0,56.5,0.800393224,Weekday
2/2/2015,1.0,1,Monday,9,0.75,29.12,8992.0,6960.0,55,0.0,0,0,58.0,0.799963218,Weekday
2/2/2015,1.0,2,Monday,12,0.75,4.08,1190.4659913169319,1080.0,0,0.0,0,0,9.0,0.740444444,Weekday
2/2/2015,1.0,1,Monday,11,0.7,20.55,9792.0,6480.0,60,0.0,0,0,54.0,0.700398148,Weekday
2/2/2015,1.0,1,Monday,6,0.7,18.79,2984.0,3960.0,30,0.0,0,0,33.0,0.700354545,Weekday
2/2/2015,1.0,2,Monday,8,0.65,4.15,1190.4659913169319,960.0,0,0.0,0,0,8.0,0.561979167,Weekday
2/2/2015,1.0,2,Monday,1,0.75,3.94,1190.4659913169319,2280.0,0,0.0,0,0,19.0,0.504596491,Weekday
2/2/2015,1.0,1,Monday,7,0.7,24.26,2698.0,6720.0,0,0.0,0,0,56.0,0.4276613622499999,Weekday
2/2/2015,1.0,2,Monday,6,0.6,2.9,1190.4659913169319,1200.0,0,0.0,0,0,10.0,0.4276613622499999,Weekday
2/2/2015,1.0,1,Monday,8,0.65,24.26,1435.0,6600.0,0,0.0,0,0,55.0,0.4276613622499999,Weekday
2/3/2015,1.0,2,Tuesday,2,0.8,3.94,1190.4659913169319,2400.0,0,0.0,0,0,20.0,1.001416667,Weekday
2/3/2015,1.0,1,Tuesday,1,0.8,22.52,1500.0,6900.0,113,0.0,0,0,57.5,1.000018551,Weekday
2/3/2015,1.0,1,Tuesday,10,0.8,22.52,1188.0,6720.0,90,0.0,0,0,56.0,0.999995238,Weekday
2/3/2015,1.0,2,Tuesday,1,0.8,3.94,1190.4659913169319,1200.0,0,0.0,0,0,10.0,0.99485,Weekday
2/3/2015,1.0,2,Tuesday,8,0.7,4.15,1190.4659913169319,960.0,0,0.0,0,0,8.0,0.976979167,Weekday
2/3/2015,1.0,1,Tuesday,3,0.8,22.52,1112.0,6840.0,100,0.0,0,0,57.0,0.950185965,Weekday
2/3/2015,1.0,1,Tuesday,2,0.8,22.52,1452.0,6960.0,100,0.0,0,0,58.0,0.949981609,Weekday
2/3/2015,1.0,2,Tuesday,9,0.75,3.94,1190.4659913169319,1320.0,0,0.0,0,0,11.0,0.919954545,Weekday
2/3/2015,1.0,1,Tuesday,4,0.8,22.52,340.0,5460.0,63,0.0,0,0,56.5,0.800434622,Weekday
2/3/2015,1.0,1,Tuesday,12,0.8,15.26,1029.0,2040.0,50,0.0,0,0,35.0,0.800259023,Weekday
2/3/2015,1.0,2,Tuesday,12,0.8,4.08,1190.4659913169319,1080.0,0,0.0,0,0,9.0,0.778222222,Weekday
2/3/2015,1.0,1,Tuesday,9,0.75,29.12,1070.0,6960.0,34,0.0,0,0,58.0,0.750593103,Weekday
2/3/2015,1.0,1,Tuesday,11,0.7,25.31,946.0,5760.0,60,0.0,0,0,54.0,0.700513566,Weekday
2/3/2015,1.0,1,Tuesday,6,0.7,18.79,913.0,4020.0,30,0.0,0,0,33.5,0.700184577,Weekday
2/3/2015,1.0,1,Tuesday,8,0.7,24.26,1363.0,6660.0,0,0.0,0,0,55.5,0.586465465,Weekday
2/3/2015,1.0,1,Tuesday,7,0.7,24.26,1639.0,6720.0,0,0.0,0,0,56.0,0.541517857,Weekday
2/3/2015,1.0,2,Tuesday,4,0.8,4.3,1190.4659913169319,1440.0,0,0.0,0,0,12.0,0.5375,Weekday
2/3/2015,1.0,2,Tuesday,6,0.7,2.9,1190.4659913169319,960.0,0,0.0,0,0,8.0,0.495416667,Weekday
2/3/2015,1.0,1,Tuesday,5,0.6,30.1,415.0,6960.0,0,0.0,0,0,58.0,0.4276613622499999,Weekday
2/4/2015,1.0,1,Wednesday,2,0.8,22.52,1263.0,6900.0,100,0.0,0,0,57.5,1.05028058,Weekday
2/4/2015,1.0,1,Wednesday,3,0.8,22.52,968.0,6840.0,113,0.0,0,0,57.0,1.000230409,Weekday
2/4/2015,1.0,1,Wednesday,10,0.8,22.52,1108.0,6720.0,113,0.0,0,0,56.0,0.999995238,Weekday
2/4/2015,1.0,2,Wednesday,2,0.8,3.94,1190.4659913169319,2160.0,0,0.0,0,0,18.0,0.966759259,Weekday
2/4/2015,1.0,2,Wednesday,1,0.8,3.94,1190.4659913169319,1200.0,0,0.0,0,0,10.0,0.929183333,Weekday
2/4/2015,1.0,2,Wednesday,8,0.7,4.15,1190.4659913169319,3000.0,0,0.0,0,0,25.0,0.915766667,Weekday
2/4/2015,1.0,1,Wednesday,1,0.8,22.52,1532.0,6900.0,88,0.0,0,0,57.5,0.900147246,Weekday
2/4/2015,1.0,1,Wednesday,12,0.8,15.26,1094.0,4080.0,38,0.0,0,0,34.0,0.800401961,Weekday
2/4/2015,1.0,1,Wednesday,9,0.8,22.52,1086.0,6960.0,50,0.0,0,0,58.0,0.799963218,Weekday
2/4/2015,1.0,2,Wednesday,7,0.7,3.94,1190.4659913169319,960.0,0,0.0,0,0,8.0,0.779791667,Weekday
2/4/2015,1.0,2,Wednesday,9,0.75,3.94,1190.4659913169319,960.0,0,0.0,0,0,8.0,0.755166667,Weekday
2/4/2015,1.0,1,Wednesday,6,0.7,18.79,941.0,3360.0,30,0.0,0,0,33.0,0.700710417,Weekday
2/4/2015,1.0,1,Wednesday,7,0.7,24.26,1471.0,6960.0,0,0.0,0,0,58.0,0.700612069,Weekday
2/4/2015,1.0,1,Wednesday,11,0.7,10.05,1042.0,6120.0,60,0.0,0,0,53.0,0.700278846,Weekday
2/4/2015,1.0,1,Wednesday,8,0.7,29.12,1248.0,6840.0,0,0.0,0,0,57.0,0.700135088,Weekday
2/4/2015,1.0,2,Wednesday,12,0.8,4.08,1190.4659913169319,1080.0,0,0.0,0,0,9.0,0.687555556,Weekday
2/4/2015,1.0,2,Wednesday,6,0.7,2.9,1190.4659913169319,960.0,0,0.0,0,0,8.0,0.531666667,Weekday
2/5/2015,1.0,1,Thursday,2,0.8,22.52,1300.0,6780.0,113,0.0,0,0,56.5,1.000446018,Weekday
2/5/2015,1.0,1,Thursday,1,0.8,22.52,1485.0,6900.0,113,0.0,0,0,57.5,1.000018551,Weekday
2/5/2015,1.0,1,Thursday,10,0.8,22.52,1039.0,6720.0,113,0.0,0,0,56.0,0.999995238,Weekday
2/5/2015,1.0,2,Thursday,2,0.8,3.94,1190.4659913169319,2640.0,0,0.0,0,0,22.0,0.999924242,Weekday
2/5/2015,1.0,1,Thursday,3,0.8,22.52,1063.0,6840.0,100,0.0,0,0,57.0,0.950185965,Weekday
2/5/2015,1.0,2,Thursday,6,0.7,2.9,1190.4659913169319,960.0,0,0.0,0,0,8.0,0.9425,Weekday
2/5/2015,1.0,2,Thursday,12,0.8,4.08,1190.4659913169319,1080.0,0,0.0,0,0,9.0,0.906666667,Weekday
2/5/2015,1.0,2,Thursday,7,0.7,3.94,1190.4659913169319,1200.0,0,0.0,0,0,10.0,0.8471,Weekday
2/5/2015,1.0,2,Thursday,1,0.8,3.94,1190.4659913169319,1440.0,0,0.0,0,0,12.0,0.845458333,Weekday
2/5/2015,1.0,1,Thursday,12,0.8,15.26,1083.0,720.0,38,0.0,0,0,34.0,0.800612676,Weekday
2/5/2015,1.0,1,Thursday,9,0.8,29.12,1069.0,6960.0,50,0.0,0,0,58.0,0.799963218,Weekday
2/5/2015,1.0,2,Thursday,10,0.8,3.94,1190.4659913169319,960.0,0,0.0,0,0,8.0,0.771583333,Weekday
2/5/2015,1.0,1,Thursday,11,0.75,10.05,668.0,2520.0,34,0.0,0,0,26.0,0.7504,Weekday
2/5/2015,1.0,1,Thursday,6,0.7,18.79,766.0,2760.0,30,0.0,0,0,33.0,0.700079032,Weekday
2/5/2015,1.0,1,Thursday,5,0.7,30.1,557.0,6960.0,0,0.0,0,0,58.0,0.562212644,Weekday
2/5/2015,1.0,1,Thursday,8,0.7,24.26,1167.0,6840.0,0,0.0,0,0,57.0,0.496549708,Weekday
2/7/2015,1.0,2,Saturday,2,0.8,3.94,1190.4659913169319,3000.0,0,0.0,0,0,25.0,1.050666667,Weekend
2/7/2015,1.0,1,Saturday,2,0.8,22.52,1186.0,6900.0,113,0.0,0,0,58.0,1.000018551,Weekend
2/7/2015,1.0,1,Saturday,3,0.8,22.52,1060.0,6840.0,100,0.0,0,0,57.0,0.950185965,Weekend
2/7/2015,1.0,1,Saturday,1,0.8,22.52,1534.0,6780.0,88,0.0,0,0,57.0,0.900135693,Weekend
2/7/2015,1.0,1,Saturday,10,0.8,22.52,1142.0,6720.0,88,0.0,0,0,56.0,0.900129762,Weekend
2/7/2015,1.0,2,Saturday,12,0.8,4.08,1190.4659913169319,1080.0,0,0.0,0,0,9.0,0.899111111,Weekend
2/7/2015,1.0,2,Saturday,1,0.8,3.94,1190.4659913169319,1200.0,0,0.0,0,0,10.0,0.870083333,Weekend
2/7/2015,1.0,2,Saturday,6,0.75,2.9,1190.4659913169319,960.0,0,0.0,0,0,8.0,0.845833333,Weekend
2/7/2015,1.0,1,Saturday,12,0.8,15.26,1021.0,4080.0,63,0.0,0,0,34.0,0.800401961,Weekend
2/7/2015,1.0,1,Saturday,9,0.8,29.12,829.0,6960.0,50,0.0,0,0,58.0,0.799963218,Weekend
2/7/2015,1.0,2,Saturday,9,0.8,3.94,1190.4659913169319,960.0,0,0.0,0,0,8.0,0.771583333,Weekend
2/7/2015,1.0,1,Saturday,6,0.75,18.79,813.0,1560.0,34,0.0,0,0,33.0,0.750520115,Weekend
2/7/2015,1.0,1,Saturday,11,0.75,10.05,677.0,3240.0,45,0.0,0,0,27.0,0.750027778,Weekend
2/7/2015,1.0,2,Saturday,7,0.7,3.94,1190.4659913169319,1200.0,0,0.0,0,0,10.0,0.715766667,Weekend
2/7/2015,1.0,1,Saturday,4,0.6,30.1,486.0,6780.0,30,0.0,0,1,57.0,0.600224189,Weekend
2/7/2015,1.0,1,Saturday,5,0.7,30.1,687.0,7500.0,0,0.0,0,0,59.0,0.545657673,Weekend
2/7/2015,1.0,2,Saturday,4,0.8,4.3,1190.4659913169319,960.0,0,0.0,0,0,8.0,0.447916667,Weekend
2/8/2015,2.0,1,Sunday,2,0.8,22.52,1233.0,6900.0,113,0.0,0,0,57.5,1.000018551,Weekend
2/8/2015,2.0,2,Sunday,7,0.7,4.15,1190.4659913169319,1440.0,0,0.0,0,0,12.0,0.928680556,Weekend
2/8/2015,2.0,1,Sunday,10,0.8,22.52,1388.0,6720.0,88,0.0,0,0,56.0,0.9008,Weekend
2/8/2015,2.0,1,Sunday,1,0.8,22.52,1615.0,6780.0,88,0.0,0,0,56.5,0.900135693,Weekend
2/8/2015,2.0,1,Sunday,3,0.8,22.52,1283.0,6720.0,88,0.0,0,0,56.0,0.900129762,Weekend
2/8/2015,2.0,2,Sunday,1,0.8,3.94,1190.4659913169319,1200.0,0,0.0,0,0,10.0,0.893066667,Weekend
2/8/2015,2.0,2,Sunday,12,0.8,4.08,1190.4659913169319,1080.0,0,0.0,0,0,9.0,0.891555556,Weekend
2/8/2015,2.0,2,Sunday,2,0.8,3.94,1190.4659913169319,2160.0,0,0.0,0,0,18.0,0.875555556,Weekend
2/8/2015,2.0,2,Sunday,8,0.7,4.15,1190.4659913169319,1800.0,0,0.0,0,0,15.0,0.840888889,Weekend
2/8/2015,2.0,1,Sunday,12,0.8,15.26,1026.0,2880.0,63,0.0,0,0,34.0,0.800355208,Weekend
2/8/2015,2.0,1,Sunday,9,0.8,29.12,909.0,6960.0,50,0.0,0,0,58.0,0.799963218,Weekend
2/8/2015,2.0,1,Sunday,6,0.75,18.79,670.0,3960.0,34,0.0,0,0,33.0,0.75065101,Weekend
2/8/2015,2.0,1,Sunday,11,0.75,10.05,629.0,3240.0,45,0.0,0,0,27.0,0.750027778,Weekend
2/8/2015,2.0,1,Sunday,5,0.7,30.1,754.0,7020.0,0,0.0,0,0,58.5,0.700618234,Weekend
2/8/2015,2.0,2,Sunday,6,0.75,2.9,1190.4659913169319,960.0,0,0.0,0,0,8.0,0.610208333,Weekend
2/8/2015,2.0,2,Sunday,9,0.8,3.94,1190.4659913169319,960.0,0,0.0,0,0,8.0,0.607416667,Weekend
2/8/2015,2.0,1,Sunday,4,0.65,30.1,712.0,6780.0,44,0.0,0,1,56.5,0.568259587,Weekend
2/8/2015,2.0,1,Sunday,7,0.7,24.26,148.0,6960.0,0,0.0,0,0,58.0,0.4276613622499999,Weekend
2/8/2015,2.0,1,Sunday,8,0.7,24.26,154.0,6840.0,0,0.0,0,0,57.0,0.4276613622499999,Weekend
2/9/2015,2.0,2,Monday,2,0.8,3.94,1190.4659913169319,2160.0,0,0.0,0,0,18.0,1.057962963,Weekday
2/9/2015,2.0,2,Monday,1,0.8,3.94,1190.4659913169319,1200.0,0,0.0,0,0,10.0,0.962016667,Weekday
2/9/2015,2.0,1,Monday,10,0.8,22.52,1127.0,120.0,88,0.0,0,0,56.0,0.9008,Weekday
2/9/2015,2.0,1,Monday,1,0.8,22.52,1506.0,3600.0,70,0.0,0,0,57.0,0.900509044,Weekday
2/9/2015,2.0,1,Monday,2,0.8,22.52,1413.0,360.0,70,0.0,0,0,57.0,0.900477825,Weekday
2/9/2015,2.0,2,Monday,6,0.75,2.9,1190.4659913169319,960.0,0,0.0,0,0,8.0,0.888125,Weekday
2/9/2015,2.0,1,Monday,12,0.8,15.26,970.0,4080.0,63,0.0,0,0,34.0,0.800401961,Weekday
2/9/2015,2.0,1,Monday,3,0.8,22.52,1271.0,5400.0,50,0.0,0,0,57.0,0.800161172,Weekday
2/9/2015,2.0,1,Monday,9,0.8,29.12,1073.0,6960.0,50,0.0,0,0,58.0,0.799963218,Weekday
2/9/2015,2.0,1,Monday,4,0.7,30.1,767.0,3300.0,50,0.0,0,1,57.0,0.790003236,Weekday
2/9/2015,2.0,1,Monday,11,0.75,10.05,103.0,0.0,45,0.0,0,0,54.0,0.750648148,Weekday
2/9/2015,2.0,1,Monday,5,0.7,30.1,773.0,7020.0,40,0.0,0,0,58.0,0.700618234,Weekday
2/9/2015,2.0,2,Monday,9,0.8,3.94,1190.4659913169319,960.0,0,0.0,0,0,8.0,0.697708333,Weekday
2/9/2015,2.0,1,Monday,6,0.75,18.79,708.0,4080.0,0,0.0,0,0,34.0,0.612517157,Weekday
2/9/2015,2.0,2,Monday,12,0.8,4.08,1190.4659913169319,1080.0,0,0.0,0,0,9.0,0.4276613622499999,Weekday
2/10/2015,2.0,2,Tuesday,12,0.8,4.08,1190.4659913169319,1080.0,0,0.0,0,0,9.0,1.004888889,Weekday
2/10/2015,2.0,2,Tuesday,2,0.8,3.94,1190.4659913169319,2160.0,0,0.0,0,0,18.0,0.966759259,Weekday
2/10/2015,2.0,1,Tuesday,10,0.8,22.52,1268.0,0.0,88,0.0,0,0,56.0,0.90063244,Weekday
2/10/2015,2.0,1,Tuesday,1,0.8,22.52,1546.0,0.0,88,0.0,0,0,57.0,0.90047076,Weekday
2/10/2015,2.0,1,Tuesday,3,0.8,22.52,813.0,0.0,88,0.0,0,0,57.0,0.90047076,Weekday
2/10/2015,2.0,1,Tuesday,2,0.8,22.52,1512.0,0.0,88,0.0,0,0,57.0,0.899984058,Weekday
2/10/2015,2.0,2,Tuesday,1,0.8,3.94,1190.4659913169319,1440.0,0,0.0,0,0,12.0,0.853666667,Weekday
2/10/2015,2.0,1,Tuesday,9,0.8,29.12,1263.0,2160.0,38,0.0,0,0,58.0,0.8008,Weekday
2/10/2015,2.0,1,Tuesday,12,0.8,15.26,900.0,4080.0,50,0.0,0,0,34.0,0.800401961,Weekday
2/10/2015,2.0,2,Tuesday,4,0.7,4.15,1190.4659913169319,1800.0,0,0.0,0,0,15.0,0.796755556,Weekday
2/10/2015,2.0,1,Tuesday,6,0.75,18.79,640.0,2400.0,0,0.0,0,0,34.0,0.750797009,Weekday
2/10/2015,2.0,1,Tuesday,11,0.8,10.05,13.0,3240.0,34,0.0,0,0,54.0,0.750648148,Weekday
2/10/2015,2.0,1,Tuesday,5,0.75,30.1,855.0,7020.0,45,0.0,0,0,58.0,0.750356125,Weekday
2/10/2015,2.0,1,Tuesday,4,0.7,30.1,855.0,7020.0,40,0.0,0,1,58.0,0.700618234,Weekday
2/10/2015,2.0,2,Tuesday,9,0.8,3.94,1190.4659913169319,960.0,0,0.0,0,0,8.0,0.6895,Weekday
2/10/2015,2.0,2,Tuesday,6,0.75,2.9,1190.4659913169319,960.0,0,0.0,0,0,8.0,0.628333333,Weekday
2/11/2015,2.0,2,Wednesday,4,0.7,4.15,1190.4659913169319,1800.0,0,0.0,0,0,15.0,1.033155556,Weekday
2/11/2015,2.0,2,Wednesday,12,0.8,4.08,1190.4659913169319,1080.0,0,0.0,0,0,9.0,1.02,Weekday
2/11/2015,2.0,1,Wednesday,2,0.8,22.52,1557.0,0.0,90,0.0,0,0,57.5,1.000344928,Weekday
2/11/2015,2.0,1,Wednesday,1,0.8,22.52,1498.0,0.0,113,0.0,0,0,57.0,1.000065789,Weekday
2/11/2015,2.0,2,Wednesday,2,0.8,3.94,1190.4659913169319,2160.0,0,0.0,0,0,18.0,0.912037037,Weekday
2/11/2015,2.0,2,Wednesday,5,0.7,4.15,1190.4659913169319,240.0,0,0.0,0,0,2.0,0.87,Weekday
2/11/2015,2.0,1,Wednesday,10,0.8,22.52,598.0,0.0,75,0.0,0,0,56.0,0.850364583,Weekday
2/11/2015,2.0,1,Wednesday,6,0.8,18.79,656.0,3480.0,38,0.0,0,0,34.0,0.800947475,Weekday
2/11/2015,2.0,1,Wednesday,12,0.8,15.26,854.0,4080.0,50,0.0,0,0,34.0,0.800401961,Weekday
2/11/2015,2.0,1,Wednesday,9,0.8,29.12,609.0,3240.0,50,0.0,0,0,58.0,0.800144144,Weekday
2/11/2015,2.0,1,Wednesday,5,0.75,30.1,788.0,7380.0,56,0.0,0,0,59.5,0.750406233,Weekday
2/11/2015,2.0,1,Wednesday,8,0.6,30.1,1069.0,4560.0,30,0.0,0,1,58.0,0.714410494,Weekday
2/11/2015,2.0,1,Wednesday,4,0.7,30.1,667.0,5940.0,40,0.0,0,1,59.5,0.700588406,Weekday
2/11/2015,2.0,2,Wednesday,1,0.8,3.94,1190.4659913169319,1440.0,0,0.0,0,0,12.0,0.618361111,Weekday
2/11/2015,2.0,1,Wednesday,7,0.6,30.1,829.0,3360.0,23,0.0,0,1,58.0,0.600070513,Weekday
2/11/2015,2.0,2,Wednesday,9,0.8,3.94,1190.4659913169319,960.0,0,0.0,0,0,8.0,0.54175,Weekday
2/11/2015,2.0,1,Wednesday,3,0.8,22.52,11.0,6840.0,0,0.0,0,1,57.0,0.536901754,Weekday
2/12/2015,2.0,2,Thursday,4,0.7,4.15,1190.4659913169319,1800.0,0,0.0,0,0,15.0,1.096633333,Weekday
2/12/2015,2.0,1,Thursday,2,0.8,22.52,1327.0,0.0,113,0.0,0,0,57.5,1.000344928,Weekday
2/12/2015,2.0,2,Thursday,12,0.8,4.08,1190.4659913169319,1080.0,0,0.0,0,0,9.0,0.838666667,Weekday
2/12/2015,2.0,1,Thursday,12,0.8,15.26,894.0,4080.0,50,0.0,0,0,34.0,0.800401961,Weekday
2/12/2015,2.0,1,Thursday,5,0.75,30.1,610.0,7080.0,56,0.0,0,0,59.0,0.750799435,Weekday
2/12/2015,2.0,1,Thursday,6,0.8,18.79,779.0,3960.0,0,0.0,0,0,33.0,0.688017677,Weekday
2/12/2015,2.0,2,Thursday,1,0.8,3.94,1190.4659913169319,1440.0,0,0.0,0,0,12.0,0.664875,Weekday
2/12/2015,2.0,2,Thursday,9,0.8,3.94,1190.4659913169319,960.0,0,0.0,0,0,8.0,0.656666667,Weekday
2/12/2015,2.0,1,Thursday,4,0.7,30.1,419.0,7080.0,0,0.0,0,1,59.0,0.637711864,Weekday
2/12/2015,2.0,2,Thursday,2,0.8,3.94,1190.4659913169319,2160.0,0,0.0,0,0,18.0,0.601944444,Weekday
2/12/2015,2.0,2,Thursday,5,0.7,4.15,1190.4659913169319,240.0,0,0.0,0,0,2.0,0.58,Weekday
2/12/2015,2.0,1,Thursday,7,0.65,30.1,909.0,7080.0,0,0.0,0,1,59.0,0.535677966,Weekday
2/12/2015,2.0,1,Thursday,9,0.8,29.12,14.0,6960.0,0,0.0,0,0,58.0,0.497885057,Weekday
2/12/2015,2.0,1,Thursday,8,0.65,30.1,1193.0,7080.0,0,0.0,0,1,59.0,0.463403955,Weekday
2/12/2015,2.0,1,Thursday,10,0.8,22.52,10.0,6000.0,0,0.0,0,0,50.0,0.441392,Weekday
2/14/2015,2.0,1,Saturday,1,0.8,22.52,1416.0,6840.0,113,0.0,0,0,57.0,1.000230409,Weekend
2/14/2015,2.0,2,Saturday,7,0.7,4.15,1190.4659913169319,1800.0,0,0.0,0,0,15.0,0.929277778,Weekend
2/14/2015,2.0,2,Saturday,4,0.75,4.15,1190.4659913169319,2400.0,0,0.0,0,0,20.0,0.902916667,Weekend
2/14/2015,2.0,2,Saturday,12,0.8,4.08,1190.4659913169319,1080.0,0,0.0,0,0,9.0,0.800888889,Weekend
2/14/2015,2.0,1,Saturday,12,0.8,15.26,942.0,4080.0,63,0.0,0,0,34.0,0.800401961,Weekend
2/14/2015,2.0,1,Saturday,2,0.8,22.52,674.0,3660.0,63,0.0,0,0,57.0,0.80037492,Weekend
2/14/2015,2.0,2,Saturday,1,0.8,3.94,1190.4659913169319,1440.0,0,0.0,0,0,12.0,0.796208333,Weekend
2/14/2015,2.0,1,Saturday,4,0.75,30.1,481.0,7140.0,0,0.0,0,1,59.0,0.750392157,Weekend
2/14/2015,2.0,1,Saturday,5,0.75,30.1,664.0,7140.0,56,0.0,0,0,59.0,0.750392157,Weekend
2/14/2015,2.0,2,Saturday,8,0.7,4.15,1190.4659913169319,960.0,0,0.0,0,0,8.0,0.725625,Weekend
2/14/2015,2.0,1,Saturday,8,0.7,30.1,824.0,5160.0,0,0.0,0,1,60.0,0.700206125,Weekend
2/14/2015,2.0,1,Saturday,7,0.7,30.1,957.0,7200.0,0,0.0,0,1,60.0,0.602,Weekend
2/14/2015,2.0,1,Saturday,11,0.6,11.41,1039.0,2280.0,23,0.0,0,2,55.0,0.600447507,Weekend
2/14/2015,2.0,1,Saturday,6,0.8,18.79,822.0,4080.0,0,0.0,0,0,34.0,0.557252451,Weekend
2/14/2015,2.0,2,Saturday,6,0.8,2.9,1190.4659913169319,960.0,0,0.0,0,0,8.0,0.483333333,Weekend
2/14/2015,2.0,2,Saturday,9,0.8,3.94,1190.4659913169319,960.0,0,0.0,0,0,8.0,0.4276613622499999,Weekend
2/15/2015,3.0,2,Sunday,1,0.8,3.94,1190.4659913169319,960.0,0,0.0,0,0,8.0,1.1041092562500001,Weekend
2/15/2015,3.0,2,Sunday,2,0.8,3.94,1190.4659913169319,960.0,0,0.0,0,0,8.0,1.1041092562500001,Weekend
2/15/2015,3.0,1,Sunday,1,0.8,22.52,1420.0,6840.0,113,0.0,0,0,57.0,1.000230409,Weekend
2/15/2015,3.0,2,Sunday,12,0.8,4.08,1190.4659913169319,1080.0,0,0.0,0,0,9.0,0.876444444,Weekend
2/15/2015,3.0,1,Sunday,12,0.8,15.26,1120.0,1440.0,50,0.0,0,0,34.0,0.800806306,Weekend
2/15/2015,3.0,2,Sunday,5,0.75,4.15,1190.4659913169319,240.0,0,0.0,0,0,2.0,0.760833333,Weekend
2/15/2015,3.0,1,Sunday,5,0.8,30.1,679.0,7140.0,0,0.0,0,0,59.5,0.722568627,Weekend
2/15/2015,3.0,2,Sunday,11,0.6,2.9,1190.4659913169319,1200.0,0,0.0,0,0,10.0,0.715333333,Weekend
2/15/2015,3.0,1,Sunday,7,0.7,30.1,881.0,7080.0,0,0.0,0,1,59.0,0.700632768,Weekend
2/15/2015,3.0,1,Sunday,6,0.75,18.79,814.0,4080.0,0,0.0,0,0,34.0,0.681598039,Weekend
2/15/2015,3.0,1,Sunday,11,0.65,11.41,700.0,2640.0,23,0.0,0,2,53.0,0.650223718,Weekend
2/15/2015,3.0,2,Sunday,8,0.7,4.15,1190.4659913169319,960.0,0,0.0,0,0,8.0,0.605208333,Weekend
2/15/2015,3.0,2,Sunday,6,0.8,2.9,1190.4659913169319,960.0,0,0.0,0,0,8.0,0.604166667,Weekend
2/15/2015,3.0,1,Sunday,4,0.75,30.1,919.0,7140.0,0,0.0,0,1,59.5,0.598627451,Weekend
2/15/2015,3.0,1,Sunday,3,0.6,30.1,1361.0,6960.0,30,0.0,0,1,58.0,0.475718391,Weekend
2/15/2015,3.0,1,Sunday,2,0.8,22.52,12.0,6900.0,0,0.0,0,0,57.5,0.432122899,Weekend
2/15/2015,3.0,2,Sunday,4,0.75,4.15,1190.4659913169319,2400.0,0,0.0,0,0,20.0,0.4276613622499999,Weekend
2/16/2015,3.0,1,Monday,1,0.8,22.52,1422.0,6840.0,113,0.0,0,0,57.0,1.000230409,Weekday
2/16/2015,3.0,2,Monday,9,0.8,3.94,1190.4659913169319,1200.0,0,0.0,0,0,10.0,0.960433333,Weekday
2/16/2015,3.0,2,Monday,12,0.8,4.08,1190.4659913169319,1080.0,0,0.0,0,0,9.0,0.891555556,Weekday
2/16/2015,3.0,1,Monday,3,0.65,30.1,1263.0,600.0,63,0.0,0,1,58.0,0.802243319,Weekday
2/16/2015,3.0,1,Monday,5,0.8,30.1,461.0,0.0,0,0.0,0,0,59.0,0.800980392,Weekday
2/16/2015,3.0,1,Monday,12,0.8,15.26,1079.0,3720.0,38,0.0,0,0,34.0,0.800312375,Weekday
2/16/2015,3.0,2,Monday,6,0.8,2.9,1190.4659913169319,960.0,0,0.0,0,0,8.0,0.773333333,Weekday
2/16/2015,3.0,1,Monday,6,0.75,18.79,895.0,3960.0,0,0.0,0,0,33.0,0.75065101,Weekday
2/16/2015,3.0,1,Monday,4,0.75,30.1,912.0,7020.0,0,0.0,0,1,58.0,0.750356125,Weekday
2/16/2015,3.0,2,Monday,4,0.75,4.15,1190.4659913169319,1800.0,0,0.0,0,0,15.0,0.722333333,Weekday
2/16/2015,3.0,1,Monday,7,0.7,30.1,784.0,600.0,30,0.0,0,1,59.0,0.700459889,Weekday
2/16/2015,3.0,2,Monday,5,0.75,4.15,1190.4659913169319,1200.0,0,0.0,0,0,10.0,0.629416667,Weekday
2/16/2015,3.0,1,Monday,11,0.7,11.41,680.0,2160.0,30,0.0,0,2,54.0,0.565972222,Weekday
2/16/2015,3.0,1,Monday,10,0.6,18.22,1131.0,5280.0,0,0.0,0,1,44.0,0.4276613622499999,Weekday
2/16/2015,3.0,1,Monday,9,0.6,18.79,2103.0,5400.0,0,0.0,0,1,54.0,0.4276613622499999,Weekday
2/16/2015,3.0,2,Monday,7,0.7,4.15,1190.4659913169319,1800.0,0,0.0,0,0,15.0,0.4276613622499999,Weekday
2/17/2015,3.0,1,Tuesday,1,0.8,22.52,1445.0,6840.0,113,0.0,0,0,57.0,1.000230409,Weekday
2/17/2015,3.0,2,Tuesday,10,0.8,3.94,1190.4659913169319,960.0,0,0.0,0,0,8.0,0.927541667,Weekday
2/17/2015,3.0,2,Tuesday,7,0.7,5.13,1190.4659913169319,1200.0,0,0.0,0,0,10.0,0.91375,Weekday
2/17/2015,3.0,2,Tuesday,12,0.8,5.13,1190.4659913169319,1080.0,0,0.0,0,0,9.0,0.9025,Weekday
2/17/2015,3.0,1,Tuesday,12,0.8,15.26,1133.0,4080.0,38,0.0,0,0,34.0,0.800401961,Weekday
2/17/2015,3.0,1,Tuesday,6,0.75,18.79,726.0,3360.0,0,0.0,0,0,33.0,0.750621354,Weekday
2/17/2015,3.0,1,Tuesday,4,0.75,30.1,849.0,7020.0,45,0.0,0,1,58.0,0.750356125,Weekday
2/17/2015,3.0,2,Tuesday,6,0.8,2.9,1190.4659913169319,960.0,0,0.0,0,0,8.0,0.749166667,Weekday
2/17/2015,3.0,1,Tuesday,7,0.7,30.1,562.0,840.0,30,0.0,0,1,59.0,0.700888203,Weekday
2/17/2015,3.0,1,Tuesday,11,0.7,11.41,1054.0,3420.0,30,0.0,0,2,56.0,0.700614035,Weekday
2/17/2015,3.0,1,Tuesday,3,0.7,30.1,1422.0,6960.0,50,0.0,0,1,58.0,0.700603448,Weekday
2/17/2015,3.0,2,Tuesday,4,0.75,5.13,1190.4659913169319,960.0,0,0.0,0,0,8.0,0.656666667,Weekday
2/17/2015,3.0,1,Tuesday,5,0.8,30.1,680.0,7140.0,0,0.0,0,0,59.0,0.653431373,Weekday
2/17/2015,3.0,1,Tuesday,9,0.65,18.79,2120.0,5520.0,0,0.0,0,1,51.0,0.650134,Weekday
2/17/2015,3.0,2,Tuesday,9,0.8,3.94,1190.4659913169319,960.0,0,0.0,0,0,8.0,0.586041667,Weekday
2/17/2015,3.0,2,Tuesday,2,0.8,5.13,1190.4659913169319,1800.0,0,0.0,0,0,15.0,0.5814,Weekday
2/18/2015,3.0,2,Wednesday,12,0.8,5.13,1190.4659913169319,1200.0,0,0.0,0,0,10.0,0.9918,Weekday
2/18/2015,3.0,2,Wednesday,6,0.8,2.9,1190.4659913169319,1440.0,0,0.0,0,0,12.0,0.936861111,Weekday
2/18/2015,3.0,2,Wednesday,2,0.8,5.13,1190.4659913169319,1440.0,0,0.0,0,0,12.0,0.919125,Weekday
2/18/2015,3.0,1,Wednesday,11,0.7,11.41,685.0,3360.0,30,0.0,0,2,56.0,0.8211125,Weekday
2/18/2015,3.0,1,Wednesday,4,0.8,30.1,864.0,480.0,50,0.0,0,1,58.0,0.800980392,Weekday
2/18/2015,3.0,1,Wednesday,5,0.8,30.1,511.0,0.0,0,0.0,0,0,59.0,0.800980392,Weekday
2/18/2015,3.0,1,Wednesday,12,0.8,15.26,1095.0,4080.0,63,0.0,0,0,34.0,0.800401961,Weekday
2/18/2015,3.0,1,Wednesday,1,0.8,22.52,1374.0,3960.0,63,0.0,0,0,57.0,0.800279693,Weekday
2/18/2015,3.0,1,Wednesday,6,0.75,18.79,759.0,3960.0,34,0.0,0,0,33.0,0.75065101,Weekday
2/18/2015,3.0,1,Wednesday,7,0.75,30.1,553.0,2280.0,45,0.0,0,1,59.0,0.75053268,Weekday
2/18/2015,3.0,2,Wednesday,4,0.75,5.13,1190.4659913169319,960.0,0,0.0,0,0,8.0,0.734645833,Weekday
2/18/2015,3.0,1,Wednesday,3,0.7,30.1,1057.0,0.0,40,0.0,0,1,58.0,0.700603448,Weekday
2/18/2015,3.0,1,Wednesday,9,0.7,18.79,1587.0,4560.0,30,0.0,0,1,51.0,0.70009573,Weekday
2/18/2015,3.0,2,Wednesday,7,0.7,5.13,1190.4659913169319,960.0,0,0.0,0,0,8.0,0.671875,Weekday
2/18/2015,3.0,2,Wednesday,10,0.8,3.94,1190.4659913169319,960.0,0,0.0,0,0,8.0,0.64025,Weekday
2/18/2015,3.0,2,Wednesday,8,0.7,5.13,1190.4659913169319,960.0,0,0.0,0,0,8.0,0.58,Weekday
2/18/2015,3.0,2,Wednesday,9,0.8,3.94,1190.4659913169319,960.0,0,0.0,0,0,8.0,0.549791667,Weekday
2/18/2015,3.0,1,Wednesday,2,0.6,30.33,868.0,6840.0,0,0.0,0,1,57.0,0.4276613622499999,Weekday
2/19/2015,3.0,1,Thursday,12,0.8,15.26,1126.0,1080.0,38,0.0,0,0,34.0,0.800711494,Weekday
2/19/2015,3.0,1,Thursday,1,0.8,22.52,265.0,3840.0,63,0.0,0,0,57.0,0.800470513,Weekday
2/19/2015,3.0,1,Thursday,4,0.8,30.1,859.0,7020.0,63,0.0,0,1,58.5,0.800094017,Weekday
2/19/2015,3.0,2,Thursday,6,0.8,2.9,1190.4659913169319,4320.0,0,0.0,0,0,18.0,0.785864198,Weekday
2/19/2015,3.0,1,Thursday,6,0.75,18.79,899.0,3960.0,56,0.0,0,0,33.0,0.75065101,Weekday
2/19/2015,3.0,2,Thursday,10,0.8,3.94,1190.4659913169319,2400.0,0,0.0,0,0,10.0,0.733277778,Weekday
2/19/2015,3.0,2,Thursday,2,0.8,5.13,1190.4659913169319,3600.0,0,0.0,0,0,15.0,0.710125,Weekday
2/19/2015,3.0,1,Thursday,3,0.7,30.1,247.0,6960.0,50,0.0,0,1,58.0,0.700603448,Weekday
2/19/2015,3.0,1,Thursday,11,0.7,11.41,653.0,3480.0,30,0.0,0,2,58.0,0.700540441,Weekday
2/19/2015,3.0,1,Thursday,8,0.7,29.4,1116.0,6240.0,0,0.0,0,2,57.0,0.7,Weekday
2/19/2015,3.0,2,Thursday,4,0.75,5.13,1190.4659913169319,1920.0,0,0.0,0,0,8.0,0.684027778,Weekday
2/19/2015,3.0,2,Thursday,8,0.7,5.13,1190.4659913169319,1920.0,0,0.0,0,0,8.0,0.672135417,Weekday
2/19/2015,3.0,1,Thursday,9,0.7,18.79,1603.0,6120.0,30,0.0,0,1,51.0,0.638614379,Weekday
2/19/2015,3.0,2,Thursday,5,0.75,5.13,1190.4659913169319,1920.0,0,0.0,0,0,8.0,0.631354167,Weekday
2/19/2015,3.0,2,Thursday,12,0.8,5.13,1190.4659913169319,2160.0,0,0.0,0,0,9.0,0.609583333,Weekday
2/19/2015,3.0,1,Thursday,2,0.65,30.33,841.0,6840.0,0,0.0,0,1,57.0,0.585315789,Weekday
2/19/2015,3.0,1,Thursday,10,0.7,19.68,1410.0,5760.0,0,0.0,0,1,48.0,0.4276613622499999,Weekday
2/22/2015,4.0,2,Sunday,6,0.8,2.9,1190.4659913169319,960.0,0,0.0,0,0,8.0,0.8319375,Weekend
2/22/2015,4.0,2,Sunday,2,0.8,5.13,1190.4659913169319,4800.0,0,0.0,0,0,20.0,0.8300625,Weekend
2/22/2015,4.0,2,Sunday,11,0.6,2.9,1190.4659913169319,2880.0,0,0.0,0,0,12.0,0.805555556,Weekend
2/22/2015,4.0,1,Sunday,12,0.8,15.26,1103.0,4080.0,63,0.0,0,0,34.0,0.800401961,Weekend
2/22/2015,4.0,1,Sunday,4,0.8,30.1,922.0,5820.0,63,0.0,0,1,59.0,0.80000295,Weekend
2/22/2015,4.0,2,Sunday,12,0.8,5.13,1190.4659913169319,2400.0,0,0.0,0,0,10.0,0.78375,Weekend
2/22/2015,4.0,2,Sunday,9,0.8,3.94,1190.4659913169319,2400.0,0,0.0,0,0,10.0,0.753525,Weekend
2/22/2015,4.0,1,Sunday,6,0.75,18.79,1055.0,3960.0,45,0.0,0,0,33.0,0.75065101,Weekend
2/22/2015,4.0,2,Sunday,1,0.8,3.94,1190.4659913169319,2880.0,0,0.0,0,0,12.0,0.727349537,Weekend
2/22/2015,4.0,1,Sunday,8,0.7,29.4,1146.0,6840.0,40,0.0,0,2,57.0,0.700614035,Weekend
2/22/2015,4.0,1,Sunday,2,0.7,30.33,746.0,6840.0,0,0.0,0,1,57.0,0.700605263,Weekend
2/22/2015,4.0,1,Sunday,11,0.75,11.41,834.0,3480.0,0,0.0,0,2,58.0,0.672140805,Weekend
2/22/2015,4.0,1,Sunday,9,0.7,18.79,1717.0,3240.0,30,0.0,0,1,57.0,0.627011183,Weekend
2/22/2015,4.0,1,Sunday,3,0.7,30.1,1041.0,8160.0,33,0.0,0,2,58.0,0.626577778,Weekend
2/22/2015,4.0,1,Sunday,10,0.7,21.25,1531.0,6000.0,0,0.0,0,1,50.0,0.456875,Weekend
2/22/2015,4.0,2,Sunday,10,0.8,3.94,1190.4659913169319,960.0,0,0.0,0,0,8.0,0.4276613622499999,Weekend
2/22/2015,4.0,2,Sunday,7,0.7,5.13,1190.4659913169319,960.0,0,0.0,0,0,8.0,0.4276613622499999,Weekend
2/23/2015,4.0,2,Monday,10,0.8,3.94,1190.4659913169319,2400.0,0,0.0,0,0,20.0,0.955791667,Weekday
2/23/2015,4.0,2,Monday,8,0.7,5.13,1190.4659913169319,960.0,0,0.0,0,0,8.0,0.930416667,Weekday
2/23/2015,4.0,2,Monday,12,0.8,5.13,1190.4659913169319,1080.0,0,0.0,0,0,9.0,0.9025,Weekday
2/23/2015,4.0,2,Monday,3,0.8,5.13,1190.4659913169319,2160.0,0,0.0,0,0,18.0,0.87115,Weekday
2/23/2015,4.0,1,Monday,12,0.8,15.26,1060.0,4080.0,63,0.0,0,0,34.0,0.800401961,Weekday
2/23/2015,4.0,1,Monday,4,0.8,30.1,891.0,7140.0,38,0.0,0,1,59.0,0.800137255,Weekday
2/23/2015,4.0,1,Monday,5,0.8,30.1,541.0,7140.0,38,0.0,0,0,59.0,0.800137255,Weekday
2/23/2015,4.0,1,Monday,7,0.75,30.1,709.0,6960.0,45,0.0,0,1,58.0,0.750770115,Weekday
2/23/2015,4.0,1,Monday,6,0.75,18.79,1100.0,3960.0,45,0.0,0,0,33.0,0.75065101,Weekday
2/23/2015,4.0,1,Monday,11,0.75,11.41,826.0,2820.0,0,0.0,0,2,58.0,0.750293939,Weekday
2/23/2015,4.0,1,Monday,2,0.7,30.33,577.0,2160.0,30,0.0,0,1,58.0,0.700623,Weekday
2/23/2015,4.0,1,Monday,8,0.7,29.4,1094.0,6840.0,40,0.0,0,2,57.0,0.700614035,Weekday
2/23/2015,4.0,1,Monday,3,0.7,29.4,1228.0,6960.0,30,0.0,0,2,58.0,0.700362069,Weekday
2/23/2015,4.0,1,Monday,9,0.7,18.79,1641.0,6000.0,40,0.0,0,1,50.0,0.60128,Weekday
2/23/2015,4.0,1,Monday,10,0.7,21.25,1583.0,6000.0,0,0.0,0,1,50.0,0.4276613622499999,Weekday
2/23/2015,4.0,2,Monday,6,0.8,2.9,1190.4659913169319,960.0,0,0.0,0,0,8.0,0.4276613622499999,Weekday
2/23/2015,4.0,2,Monday,9,0.8,2.9,1190.4659913169319,960.0,0,0.0,0,0,8.0,0.4276613622499999,Weekday
2/23/2015,4.0,2,Monday,2,0.8,5.13,1190.4659913169319,960.0,0,0.0,0,0,8.0,0.4276613622499999,Weekday
2/23/2015,4.0,2,Monday,7,0.7,5.13,1190.4659913169319,960.0,0,0.0,0,0,8.0,0.4276613622499999,Weekday
2/24/2015,4.0,2,Tuesday,10,0.7,2.9,1190.4659913169319,1800.0,0,0.0,0,0,15.0,0.902222222,Weekday
2/24/2015,4.0,2,Tuesday,3,0.8,4.6,1190.4659913169319,1440.0,0,0.0,0,0,12.0,0.811388889,Weekday
2/24/2015,4.0,1,Tuesday,12,0.8,15.26,1062.0,4080.0,50,0.0,0,0,34.0,0.800401961,Weekday
2/24/2015,4.0,1,Tuesday,5,0.8,30.1,450.0,7140.0,50,0.0,0,0,60.0,0.800137255,Weekday
2/24/2015,4.0,1,Tuesday,4,0.8,30.1,901.0,6480.0,50,0.0,0,1,59.0,0.800071839,Weekday
2/24/2015,4.0,2,Tuesday,8,0.7,4.6,1190.4659913169319,960.0,0,0.0,0,0,8.0,0.791458333,Weekday
2/24/2015,4.0,1,Tuesday,7,0.75,30.1,739.0,5640.0,45,0.0,0,1,59.0,0.750727326,Weekday
2/24/2015,4.0,1,Tuesday,6,0.75,18.79,913.0,3360.0,45,0.0,0,0,33.0,0.75065101,Weekday
2/24/2015,4.0,1,Tuesday,11,0.75,11.61,698.0,3360.0,34,0.0,0,2,57.0,0.750437269,Weekday
2/24/2015,4.0,1,Tuesday,3,0.75,29.4,1172.0,5340.0,45,0.0,0,2,60.0,0.750176991,Weekday
2/24/2015,4.0,2,Tuesday,6,0.75,2.9,1190.4659913169319,1800.0,0,0.0,0,0,15.0,0.726933333,Weekday
2/24/2015,4.0,2,Tuesday,9,0.7,2.9,1190.4659913169319,1800.0,0,0.0,0,0,15.0,0.726933333,Weekday
2/24/2015,4.0,1,Tuesday,2,0.7,30.33,408.0,1680.0,30,0.0,0,1,59.0,0.700623,Weekday
2/24/2015,4.0,1,Tuesday,8,0.7,29.4,1079.0,4560.0,40,0.0,0,2,58.0,0.700518519,Weekday
2/24/2015,4.0,1,Tuesday,9,0.7,18.79,1068.0,3000.0,30,0.0,0,1,52.0,0.700256795,Weekday
2/24/2015,4.0,2,Tuesday,11,0.7,2.9,1190.4659913169319,960.0,0,0.0,0,0,8.0,0.5046875,Weekday
2/24/2015,4.0,1,Tuesday,10,0.7,21.25,1834.0,6360.0,0,0.0,0,1,53.0,0.471108491,Weekday
2/24/2015,4.0,2,Tuesday,2,0.7,3.9,1190.4659913169319,960.0,0,0.0,0,0,8.0,0.4276613622499999,Weekday
2/24/2015,4.0,1,Tuesday,1,0.6,22.53,708.0,5040.0,0,0.0,0,1,42.0,0.4276613622499999,Weekday
2/25/2015,4.0,1,Wednesday,9,0.75,18.79,1085.0,6240.0,56,0.0,0,1,52.0,0.970816667,Weekday
2/25/2015,4.0,2,Wednesday,5,0.8,4.6,1190.4659913169319,1080.0,0,0.0,0,0,9.0,0.902962963,Weekday
2/25/2015,4.0,2,Wednesday,3,0.8,4.6,1190.4659913169319,2400.0,0,0.0,0,0,20.0,0.900833333,Weekday
2/25/2015,4.0,2,Wednesday,12,0.8,4.6,1190.4659913169319,1800.0,0,0.0,0,0,15.0,0.899555556,Weekday
2/25/2015,4.0,2,Wednesday,10,0.7,2.9,1190.4659913169319,1200.0,0,0.0,0,0,10.0,0.845833333,Weekday
2/25/2015,4.0,1,Wednesday,4,0.8,30.1,323.0,4080.0,50,0.0,0,1,59.0,0.800808642,Weekday
2/25/2015,4.0,1,Wednesday,12,0.8,15.26,1053.0,4080.0,50,0.0,0,0,34.0,0.800401961,Weekday
2/25/2015,4.0,1,Wednesday,7,0.8,30.1,786.0,7080.0,50,0.0,0,2,59.0,0.800115819,Weekday
2/25/2015,4.0,1,Wednesday,6,0.75,18.79,1003.0,3960.0,45,0.0,0,1,33.0,0.75065101,Weekday
2/25/2015,4.0,1,Wednesday,11,0.75,11.61,635.0,3360.0,45,0.0,0,0,57.0,0.750503571,Weekday
2/25/2015,4.0,1,Wednesday,3,0.75,29.4,1283.0,6960.0,45,0.0,0,2,58.0,0.750206897,Weekday
2/25/2015,4.0,1,Wednesday,8,0.7,29.4,847.0,6960.0,30,0.0,0,1,58.0,0.700362069,Weekday
2/25/2015,4.0,1,Wednesday,2,0.7,30.33,361.0,3960.0,30,0.0,0,1,58.0,0.700069811,Weekday
2/25/2015,4.0,1,Wednesday,10,0.7,21.82,1653.0,6240.0,0,0.0,0,2,52.0,0.700058333,Weekday
2/25/2015,4.0,2,Wednesday,7,0.75,4.6,1190.4659913169319,960.0,0,0.0,0,0,8.0,0.676666667,Weekday
2/25/2015,4.0,2,Wednesday,8,0.7,4.6,1190.4659913169319,960.0,0,0.0,0,0,8.0,0.658541667,Weekday
2/25/2015,4.0,1,Wednesday,5,0.8,30.1,15.0,1200.0,49,0.0,0,1,59.0,0.598792339,Weekday
2/25/2015,4.0,1,Wednesday,1,0.65,22.53,762.0,5040.0,0,0.0,0,1,42.0,0.581130952,Weekday
2/25/2015,4.0,2,Wednesday,2,0.7,3.9,1190.4659913169319,960.0,0,0.0,0,0,8.0,0.440375,Weekday
2/25/2015,4.0,2,Wednesday,6,0.75,2.9,1190.4659913169319,960.0,0,0.0,0,0,8.0,0.4276613622499999,Weekday
2/25/2015,4.0,2,Wednesday,9,0.7,2.9,1190.4659913169319,960.0,0,0.0,0,0,8.0,0.4276613622499999,Weekday
2/26/2015,4.0,2,Thursday,3,0.8,4.6,1190.4659913169319,6300.0,0,0.0,0,0,15.0,0.921703704,Weekday
2/26/2015,4.0,2,Thursday,5,0.8,4.6,1190.4659913169319,7560.0,0,0.0,0,0,18.0,0.921604938,Weekday
2/26/2015,4.0,1,Thursday,7,0.8,30.1,694.0,4080.0,50,0.0,0,1,59.0,0.800808642,Weekday
2/26/2015,4.0,1,Thursday,11,0.8,11.61,816.0,2820.0,50,0.0,0,2,57.0,0.800516667,Weekday
2/26/2015,4.0,1,Thursday,12,0.8,15.26,1065.0,4080.0,63,0.0,0,0,34.0,0.800401961,Weekday
2/26/2015,4.0,1,Thursday,6,0.75,18.79,912.0,3960.0,45,0.0,0,0,33.0,0.75065101,Weekday
2/26/2015,4.0,1,Thursday,3,0.75,29.4,1244.0,6840.0,45,0.0,0,2,57.0,0.750473684,Weekday
2/26/2015,4.0,1,Thursday,9,0.75,18.79,1020.0,5640.0,45,0.0,0,1,52.0,0.750371895,Weekday
2/26/2015,4.0,1,Thursday,8,0.75,29.4,916.0,6960.0,56,0.0,0,2,58.0,0.750206897,Weekday
2/26/2015,4.0,1,Thursday,10,0.7,21.82,1591.0,3240.0,0,0.0,0,1,52.0,0.700251773,Weekday
2/26/2015,4.0,1,Thursday,2,0.7,30.33,398.0,6960.0,0,0.0,0,1,58.0,0.66237931,Weekday
2/26/2015,4.0,2,Thursday,12,0.8,4.6,1190.4659913169319,3780.0,0,0.0,0,0,9.0,0.590617284,Weekday
2/26/2015,4.0,2,Thursday,2,0.7,3.9,1190.4659913169319,960.0,0,0.0,0,0,8.0,0.5565625,Weekday
2/26/2015,4.0,1,Thursday,4,0.8,30.1,437.0,7080.0,32,0.0,0,2,59.0,0.495617514,Weekday
2/26/2015,4.0,2,Thursday,10,0.7,2.9,1190.4659913169319,3360.0,0,0.0,0,0,8.0,0.4276613622499999,Weekday
2/26/2015,4.0,2,Thursday,9,0.75,2.9,1190.4659913169319,960.0,0,0.0,0,0,8.0,0.4276613622499999,Weekday
2/26/2015,4.0,2,Thursday,8,0.75,4.6,1190.4659913169319,3360.0,0,0.0,0,0,8.0,0.4276613622499999,Weekday
2/26/2015,4.0,2,Thursday,6,0.75,2.9,1190.4659913169319,3360.0,0,0.0,0,0,8.0,0.4276613622499999,Weekday
2/28/2015,4.0,2,Saturday,3,0.8,4.6,1190.4659913169319,6300.0,0,0.0,0,0,15.0,0.921703704,Weekend
2/28/2015,4.0,2,Saturday,5,0.8,4.6,1190.4659913169319,7560.0,0,0.0,0,0,18.0,0.921604938,Weekend
2/28/2015,4.0,1,Saturday,11,0.8,11.61,954.0,0.0,50,0.0,0,2,58.0,0.800779018,Weekend
2/28/2015,4.0,1,Saturday,12,0.8,15.26,1194.0,1700.0,62,0.0,0,0,34.0,0.800260821,Weekend
2/28/2015,4.0,1,Saturday,7,0.8,30.1,644.0,840.0,38,0.0,0,1,59.0,0.799982853,Weekend
2/28/2015,4.0,1,Saturday,3,0.75,29.4,1144.0,4440.0,45,0.0,0,2,57.0,0.750716981,Weekend
2/28/2015,4.0,1,Saturday,6,0.75,18.79,1012.0,3960.0,45,0.0,0,0,33.0,0.75065101,Weekend
2/28/2015,4.0,1,Saturday,8,0.75,29.4,792.0,4560.0,56,0.0,0,2,58.0,0.750425926,Weekend
2/28/2015,4.0,1,Saturday,9,0.75,18.79,841.0,6240.0,45,0.0,0,1,52.0,0.750395513,Weekend
2/28/2015,4.0,1,Saturday,10,0.7,21.82,1448.0,6120.0,40,0.0,0,1,51.0,0.700236601,Weekend
2/28/2015,4.0,1,Saturday,2,0.7,30.33,512.0,4560.0,0,0.0,0,1,58.0,0.700211111,Weekend
2/28/2015,4.0,2,Saturday,12,0.8,4.6,1190.4659913169319,3780.0,0,0.0,0,0,9.0,0.590617284,Weekend
2/28/2015,4.0,2,Saturday,2,0.7,3.9,1190.4659913169319,960.0,0,0.0,0,0,8.0,0.5565625,Weekend
2/28/2015,4.0,2,Saturday,10,0.7,2.9,1190.4659913169319,3360.0,0,0.0,0,0,8.0,0.4276613622499999,Weekend
2/28/2015,4.0,2,Saturday,9,0.75,2.9,1190.4659913169319,960.0,0,0.0,0,0,8.0,0.4276613622499999,Weekend
2/28/2015,4.0,2,Saturday,8,0.75,4.6,1190.4659913169319,3360.0,0,0.0,0,0,8.0,0.4276613622499999,Weekend
2/28/2015,4.0,2,Saturday,6,0.75,2.9,1190.4659913169319,3360.0,0,0.0,0,0,8.0,0.4276613622499999,Weekend
3/1/2015,1.0,2,Sunday,3,0.8,4.6,1190.4659913169319,10500.0,0,0.0,0,0,25.0,0.936355556,Weekend
3/1/2015,1.0,2,Sunday,8,0.75,4.6,1190.4659913169319,3360.0,0,0.0,0,0,8.0,0.813611111,Weekend
3/1/2015,1.0,1,Sunday,12,0.8,15.26,1106.0,4080.0,63,0.0,0,0,34.0,0.800401961,Weekend
3/1/2015,1.0,1,Sunday,8,0.75,29.4,622.0,6240.0,56,0.0,0,0,57.0,0.75075,Weekend
3/1/2015,1.0,1,Sunday,6,0.75,18.79,1193.0,3960.0,45,0.0,0,0,33.0,0.75065101,Weekend
3/1/2015,1.0,1,Sunday,3,0.75,29.4,1143.0,6840.0,45,0.0,0,0,57.0,0.750473684,Weekend
3/1/2015,1.0,1,Sunday,9,0.75,18.79,895.0,6240.0,34,0.0,0,0,52.0,0.750395513,Weekend
3/1/2015,1.0,1,Sunday,5,0.6,27.48,549.0,6720.0,38,0.0,0,0,56.0,0.707446429,Weekend
3/1/2015,1.0,1,Sunday,10,0.7,21.82,1393.0,5640.0,30,0.0,0,0,52.0,0.700236601,Weekend
3/1/2015,1.0,1,Sunday,1,0.6,26.66,1578.0,6840.0,38,0.0,0,0,57.0,0.700019883,Weekend
3/1/2015,1.0,1,Sunday,2,0.7,30.33,254.0,1800.0,0,0.0,0,0,58.0,0.683550607,Weekend
3/1/2015,1.0,2,Sunday,4,0.6,3.94,1190.4659913169319,960.0,0,0.0,0,0,8.0,0.673083333,Weekend
3/1/2015,1.0,2,Sunday,10,0.7,2.9,1190.4659913169319,3360.0,0,0.0,0,0,8.0,0.664583333,Weekend
3/1/2015,1.0,1,Sunday,4,0.6,26.66,692.0,6840.0,23,0.0,0,0,57.0,0.600239766,Weekend
3/1/2015,1.0,2,Sunday,2,0.7,3.9,1190.4659913169319,960.0,0,0.0,0,0,8.0,0.585,Weekend
3/1/2015,1.0,2,Sunday,1,0.6,3.94,1190.4659913169319,3360.0,0,0.0,0,0,8.0,0.448722222,Weekend
3/1/2015,1.0,2,Sunday,9,0.75,2.9,1190.4659913169319,960.0,0,0.0,0,0,8.0,0.447083333,Weekend
3/1/2015,1.0,2,Sunday,7,0.8,4.6,1190.4659913169319,3360.0,0,0.0,0,0,8.0,0.4276613622499999,Weekend
3/2/2015,1.0,2,Monday,2,0.7,3.9,1190.4659913169319,1200.0,0,0.0,0,0,10.0,0.92885,Weekday
3/2/2015,1.0,2,Monday,3,0.8,4.6,1190.4659913169319,10080.0,0,0.0,0,0,24.0,0.86037037,Weekday
3/2/2015,1.0,2,Monday,4,0.65,3.94,1190.4659913169319,960.0,0,0.0,0,0,8.0,0.806879167,Weekday
3/2/2015,1.0,1,Monday,1,0.65,26.66,1527.0,6840.0,65,0.0,0,0,57.0,0.800579532,Weekday
3/2/2015,1.0,1,Monday,12,0.8,15.26,1035.0,4080.0,63,0.0,0,0,34.0,0.800401961,Weekday
3/2/2015,1.0,2,Monday,9,0.75,2.9,1190.4659913169319,1200.0,0,0.0,0,0,10.0,0.8004,Weekday
3/2/2015,1.0,1,Monday,11,0.8,11.61,632.0,0.0,50,0.0,0,0,57.0,0.800309211,Weekday
3/2/2015,1.0,1,Monday,3,0.8,29.4,1231.0,4680.0,50,0.0,0,0,57.0,0.800149813,Weekday
3/2/2015,1.0,1,Monday,7,0.8,30.1,616.0,7080.0,0,0.0,0,0,59.0,0.800115819,Weekday
3/2/2015,1.0,2,Monday,8,0.75,4.6,1190.4659913169319,3360.0,0,0.0,0,0,8.0,0.773333333,Weekday
3/2/2015,1.0,1,Monday,6,0.75,18.79,947.0,2880.0,34,0.0,0,0,33.0,0.750797009,Weekday
3/2/2015,1.0,1,Monday,8,0.75,29.4,551.0,6840.0,45,0.0,0,0,57.0,0.750473684,Weekday
3/2/2015,1.0,1,Monday,9,0.75,18.79,935.0,6240.0,45,0.0,0,0,52.0,0.750395513,Weekday
3/2/2015,1.0,1,Monday,4,0.65,26.66,832.0,6780.0,55,0.0,0,0,57.0,0.750254867,Weekday
3/2/2015,1.0,1,Monday,5,0.65,27.48,544.0,6720.0,34,0.0,0,0,56.0,0.700903571,Weekday
3/2/2015,1.0,1,Monday,10,0.7,21.82,1511.0,3600.0,30,0.0,0,0,51.0,0.70013604,Weekday
3/2/2015,1.0,2,Monday,10,0.7,2.9,1190.4659913169319,3360.0,0,0.0,0,0,8.0,0.632361111,Weekday
3/2/2015,1.0,2,Monday,12,0.8,4.6,1190.4659913169319,3780.0,0,0.0,0,0,9.0,0.607654321,Weekday
3/2/2015,1.0,2,Monday,1,0.65,3.94,1190.4659913169319,3360.0,0,0.0,0,0,8.0,0.537919444,Weekday
3/2/2015,1.0,2,Monday,7,0.8,4.6,1190.4659913169319,3360.0,0,0.0,0,0,8.0,0.4276613622499999,Weekday
3/3/2015,1.0,2,Tuesday,7,0.8,4.6,1190.4659913169319,4200.0,0,0.0,0,0,10.0,0.999533333,Weekday
3/3/2015,1.0,2,Tuesday,3,0.8,4.6,1190.4659913169319,6300.0,0,0.0,0,0,15.0,0.902962963,Weekday
3/3/2015,1.0,1,Tuesday,11,0.8,11.41,601.0,0.0,50,0.0,0,0,56.0,0.800701754,Weekday
3/3/2015,1.0,1,Tuesday,1,0.7,26.66,1562.0,6960.0,60,0.0,0,0,58.0,0.800566092,Weekday
3/3/2015,1.0,1,Tuesday,12,0.8,15.26,983.0,4080.0,50,0.0,0,0,34.0,0.800401961,Weekday
3/3/2015,1.0,1,Tuesday,3,0.8,29.4,1156.0,6840.0,50,0.0,0,0,57.0,0.800333333,Weekday
3/3/2015,1.0,1,Tuesday,7,0.8,30.1,29.0,7080.0,50,0.0,0,0,59.0,0.800115819,Weekday
3/3/2015,1.0,1,Tuesday,4,0.7,26.66,950.0,6960.0,50,0.0,0,0,58.0,0.750770115,Weekday
3/3/2015,1.0,1,Tuesday,8,0.75,29.4,534.0,6840.0,56,0.0,0,0,57.0,0.750473684,Weekday
3/3/2015,1.0,1,Tuesday,9,0.75,18.79,1096.0,6240.0,34,0.0,0,0,52.0,0.750395513,Weekday
3/3/2015,1.0,1,Tuesday,6,0.75,20.2,402.0,3120.0,45,0.0,0,0,33.0,0.750212553,Weekday
3/3/2015,1.0,2,Tuesday,8,0.75,4.6,1190.4659913169319,3360.0,0,0.0,0,0,8.0,0.702777778,Weekday
3/3/2015,1.0,1,Tuesday,5,0.7,27.48,573.0,6840.0,30,0.0,0,0,57.0,0.700659649,Weekday
3/3/2015,1.0,1,Tuesday,10,0.7,21.82,1313.0,5040.0,30,0.0,0,0,51.0,0.699984417,Weekday
3/3/2015,1.0,2,Tuesday,12,0.8,4.6,1190.4659913169319,3780.0,0,0.0,0,0,9.0,0.636049383,Weekday
3/3/2015,1.0,2,Tuesday,1,0.7,3.94,1190.4659913169319,3360.0,0,0.0,0,0,8.0,0.555430556,Weekday
3/3/2015,1.0,2,Tuesday,4,0.7,3.94,1190.4659913169319,3360.0,0,0.0,0,0,8.0,0.555430556,Weekday
3/3/2015,1.0,2,Tuesday,10,0.7,2.9,1190.4659913169319,3360.0,0,0.0,0,0,8.0,0.463194444,Weekday
3/3/2015,1.0,2,Tuesday,5,0.7,4.6,1190.4659913169319,3360.0,0,0.0,0,0,8.0,0.4276613622499999,Weekday
3/3/2015,1.0,2,Tuesday,6,0.75,2.9,1190.4659913169319,3360.0,0,0.0,0,0,8.0,0.4276613622499999,Weekday
3/4/2015,1.0,2,Wednesday,3,0.8,4.6,1190.4659913169319,1200.0,0,0.0,0,0,10.0,0.939166667,Weekday
3/4/2015,1.0,2,Wednesday,8,0.8,4.6,1190.4659913169319,960.0,0,0.0,0,0,8.0,0.930416667,Weekday
3/4/2015,1.0,2,Wednesday,12,0.8,4.6,1190.4659913169319,1080.0,0,0.0,0,0,9.0,0.885925926,Weekday
3/4/2015,1.0,2,Wednesday,9,0.75,2.9,1190.4659913169319,960.0,0,0.0,0,0,8.0,0.83375,Weekday
3/4/2015,1.0,2,Wednesday,1,0.7,3.94,1190.4659913169319,960.0,0,0.0,0,0,8.0,0.806879167,Weekday
3/4/2015,1.0,2,Wednesday,4,0.7,3.94,1190.4659913169319,960.0,0,0.0,0,0,8.0,0.806058333,Weekday
3/4/2015,1.0,1,Wednesday,11,0.8,11.41,433.0,0.0,38,0.0,0,0,56.0,0.800701754,Weekday
3/4/2015,1.0,1,Wednesday,12,0.8,15.26,961.0,4080.0,50,0.0,0,0,34.0,0.800401961,Weekday
3/4/2015,1.0,1,Wednesday,3,0.8,29.4,1169.0,6840.0,63,0.0,0,0,57.0,0.800333333,Weekday
3/4/2015,1.0,1,Wednesday,7,0.8,30.1,874.0,3960.0,50,0.0,0,0,59.0,0.800055762,Weekday
3/4/2015,1.0,1,Wednesday,4,0.7,26.82,1028.0,6960.0,60,0.0,0,0,58.0,0.799975862,Weekday
3/4/2015,1.0,1,Wednesday,1,0.7,26.82,1772.0,6960.0,50,0.0,0,0,58.0,0.750651724,Weekday
3/4/2015,1.0,1,Wednesday,9,0.75,18.79,1206.0,6240.0,34,0.0,0,0,52.0,0.750395513,Weekday
3/4/2015,1.0,1,Wednesday,5,0.7,27.48,586.0,6960.0,40,0.0,0,0,58.0,0.700424138,Weekday
3/4/2015,1.0,1,Wednesday,10,0.7,21.82,1334.0,5760.0,30,0.0,0,0,53.0,0.700058333,Weekday
3/4/2015,1.0,2,Wednesday,7,0.8,4.6,1190.4659913169319,8400.0,0,0.0,0,0,20.0,0.684888889,Weekday
3/4/2015,1.0,2,Wednesday,5,0.7,4.6,1190.4659913169319,960.0,0,0.0,0,0,8.0,0.592083333,Weekday
3/4/2015,1.0,1,Wednesday,8,0.8,29.4,30.0,6840.0,0,0.0,0,0,57.0,0.433263158,Weekday
3/4/2015,1.0,1,Wednesday,6,0.75,18.79,52.0,3960.0,0,0.0,0,0,33.0,0.4276613622499999,Weekday
3/5/2015,1.0,2,Thursday,8,0.8,4.6,1190.4659913169319,2640.0,0,0.0,0,0,22.0,0.980984848,Weekday
3/5/2015,1.0,2,Thursday,2,0.6,3.9,1190.4659913169319,960.0,0,0.0,0,0,8.0,0.950625,Weekday
3/5/2015,1.0,2,Thursday,11,0.8,2.9,1190.4659913169319,1200.0,0,0.0,0,0,10.0,0.927291667,Weekday
3/5/2015,1.0,2,Thursday,12,0.8,4.6,1190.4659913169319,1080.0,0,0.0,0,0,9.0,0.868888889,Weekday
3/5/2015,1.0,2,Thursday,1,0.7,3.94,1190.4659913169319,960.0,0,0.0,0,0,8.0,0.812625,Weekday
3/5/2015,1.0,2,Thursday,4,0.7,3.94,1190.4659913169319,960.0,0,0.0,0,0,8.0,0.812625,Weekday
3/5/2015,1.0,2,Thursday,3,0.8,4.6,1190.4659913169319,1800.0,0,0.0,0,0,15.0,0.810111111,Weekday
3/5/2015,1.0,1,Thursday,11,0.8,11.41,455.0,3420.0,50,0.0,0,0,56.0,0.800701754,Weekday
3/5/2015,1.0,1,Thursday,3,0.8,29.4,797.0,1800.0,63,0.0,0,0,57.0,0.800534979,Weekday
3/5/2015,1.0,1,Thursday,12,0.8,15.26,959.0,4080.0,50,0.0,0,0,34.0,0.800401961,Weekday
3/5/2015,1.0,1,Thursday,1,0.7,26.82,1373.0,6960.0,50,0.0,0,0,58.0,0.750651724,Weekday
3/5/2015,1.0,1,Thursday,9,0.75,18.79,1228.0,6240.0,45,0.0,0,0,52.0,0.750395513,Weekday
3/5/2015,1.0,1,Thursday,4,0.7,26.82,1117.0,7080.0,50,0.0,0,0,59.0,0.750050847,Weekday
3/5/2015,1.0,1,Thursday,5,0.7,27.48,230.0,6960.0,40,0.0,0,0,58.0,0.700424138,Weekday
3/5/2015,1.0,1,Thursday,10,0.7,21.82,1390.0,6000.0,30,0.0,0,0,50.0,0.700422,Weekday
3/5/2015,1.0,1,Thursday,2,0.6,15.28,529.0,1320.0,0,0.0,0,1,46.0,0.600099145,Weekday
3/5/2015,1.0,2,Thursday,9,0.75,2.9,1190.4659913169319,960.0,0,0.0,0,0,8.0,0.453125,Weekday
3/7/2015,1.0,2,Saturday,12,0.8,4.6,1190.4659913169319,1080.0,0,0.0,0,0,9.0,0.868888889,Weekend
3/7/2015,1.0,1,Saturday,12,0.8,15.26,986.0,4080.0,75,0.0,0,0,34.0,0.850520588,Weekend
3/7/2015,1.0,1,Saturday,1,0.7,26.82,1267.0,8160.0,70,0.0,0,0,58.0,0.850045,Weekend
3/7/2015,1.0,2,Saturday,7,0.8,4.6,1190.4659913169319,6000.0,0,0.0,0,0,25.0,0.825444444,Weekend
3/7/2015,1.0,1,Saturday,4,0.7,26.82,1195.0,6960.0,60,0.0,0,0,58.0,0.800746552,Weekend
3/7/2015,1.0,1,Saturday,3,0.8,29.4,983.0,6840.0,63,0.0,0,1,57.0,0.800578947,Weekend
3/7/2015,1.0,1,Saturday,11,0.8,11.41,471.0,3420.0,50,0.0,0,0,58.0,0.800034503,Weekend
3/7/2015,1.0,1,Saturday,9,0.75,18.79,1226.0,3480.0,45,0.0,0,0,51.0,0.749987124,Weekend
3/7/2015,1.0,1,Saturday,10,0.7,21.82,1251.0,6000.0,30,0.0,0,0,50.0,0.700422,Weekend
3/7/2015,1.0,2,Saturday,1,0.7,3.94,1190.4659913169319,960.0,0,0.0,0,0,8.0,0.664875,Weekend
3/7/2015,1.0,2,Saturday,4,0.7,3.94,1190.4659913169319,960.0,0,0.0,0,0,8.0,0.664875,Weekend
3/7/2015,1.0,2,Saturday,11,0.8,2.9,1190.4659913169319,960.0,0,0.0,0,0,8.0,0.657083333,Weekend
3/7/2015,1.0,1,Saturday,2,0.65,16.1,626.0,4200.0,0,0.0,0,1,45.0,0.65024031,Weekend
3/7/2015,1.0,2,Saturday,8,0.8,4.6,1190.4659913169319,3600.0,0,0.0,0,0,15.0,0.590740741,Weekend
3/7/2015,1.0,2,Saturday,2,0.65,3.9,1190.4659913169319,1920.0,0,0.0,0,0,8.0,0.528125,Weekend
3/7/2015,1.0,1,Saturday,5,0.7,27.48,541.0,6960.0,24,0.0,0,1,58.0,0.4276613622499999,Weekend
3/8/2015,2.0,2,Sunday,3,0.8,4.6,1190.4659913169319,1440.0,0,0.0,0,0,12.0,0.951944444,Weekend
3/8/2015,2.0,2,Sunday,12,0.8,4.6,1190.4659913169319,1080.0,0,0.0,0,0,9.0,0.945555556,Weekend
3/8/2015,2.0,2,Sunday,9,0.75,2.9,1190.4659913169319,1080.0,0,0.0,0,0,9.0,0.929074074,Weekend
3/8/2015,2.0,2,Sunday,1,0.75,3.94,1190.4659913169319,960.0,0,0.0,0,0,8.0,0.890604167,Weekend
3/8/2015,2.0,2,Sunday,4,0.75,3.94,1190.4659913169319,960.0,0,0.0,0,0,8.0,0.890604167,Weekend
3/8/2015,2.0,2,Sunday,2,0.7,3.9,1190.4659913169319,1200.0,0,0.0,0,0,10.0,0.884,Weekend
3/8/2015,2.0,1,Sunday,4,0.75,26.82,1082.0,6840.0,65,0.0,0,0,57.0,0.850084211,Weekend
3/8/2015,2.0,1,Sunday,1,0.75,26.82,1254.0,6960.0,65,0.0,0,0,58.0,0.85007069,Weekend
3/8/2015,2.0,1,Sunday,3,0.8,30.1,1278.0,3360.0,50,0.0,0,1,57.0,0.800511068,Weekend
3/8/2015,2.0,1,Sunday,12,0.8,15.26,1064.0,4080.0,63,0.0,0,0,34.0,0.800401961,Weekend
3/8/2015,2.0,1,Sunday,11,0.8,11.41,313.0,3420.0,50,0.0,0,0,58.0,0.800034503,Weekend
3/8/2015,2.0,2,Sunday,11,0.8,2.9,1190.4659913169319,960.0,0,0.0,0,0,8.0,0.755208333,Weekend
3/8/2015,2.0,1,Sunday,9,0.75,18.79,1239.0,5640.0,45,0.0,0,0,52.0,0.750371895,Weekend
3/8/2015,2.0,1,Sunday,10,0.7,21.82,1335.0,6000.0,30,0.0,0,0,50.0,0.700422,Weekend
3/8/2015,2.0,1,Sunday,2,0.7,16.1,928.0,4800.0,30,0.0,0,1,45.0,0.700106061,Weekend
3/8/2015,2.0,1,Sunday,6,0.6,23.41,1266.0,2520.0,23,0.0,0,1,38.0,0.601037091,Weekend
3/8/2015,2.0,1,Sunday,8,0.6,30.48,869.0,6720.0,0,0.0,0,1,56.0,0.600528571,Weekend
3/8/2015,2.0,2,Sunday,8,0.6,3.9,1190.4659913169319,960.0,0,0.0,0,0,8.0,0.4509375,Weekend
3/8/2015,2.0,2,Sunday,10,0.7,2.9,1190.4659913169319,960.0,0,0.0,0,0,8.0,0.441041667,Weekend
3/8/2015,2.0,2,Sunday,6,0.6,2.9,1190.4659913169319,960.0,0,0.0,0,0,8.0,0.4276613622499999,Weekend
3/9/2015,2.0,1,Monday,4,0.75,26.82,1079.0,7020.0,65,0.0,0,0,58.0,0.850446154,Weekday
3/9/2015,2.0,1,Monday,1,0.75,26.82,1322.0,7140.0,65,0.0,0,0,59.0,0.850426891,Weekday
3/9/2015,2.0,1,Monday,3,0.8,30.1,964.0,5160.0,50,0.0,0,1,58.0,0.800842424,Weekday
3/9/2015,2.0,1,Monday,12,0.8,15.26,1132.0,4080.0,63,0.0,0,0,34.0,0.800401961,Weekday
3/9/2015,2.0,1,Monday,11,0.8,11.41,357.0,3420.0,50,0.0,0,0,58.0,0.800034503,Weekday
3/9/2015,2.0,1,Monday,9,0.75,18.79,1193.0,6240.0,45,0.0,0,0,52.0,0.750395513,Weekday
3/9/2015,2.0,1,Monday,2,0.7,16.1,817.0,5520.0,30,0.0,0,1,45.0,0.700516224,Weekday
3/9/2015,2.0,1,Monday,10,0.7,21.82,1576.0,6000.0,30,0.0,0,0,50.0,0.700422,Weekday
3/9/2015,2.0,1,Monday,6,0.65,23.41,1262.0,4560.0,35,0.0,0,1,38.0,0.650962281,Weekday
3/9/2015,2.0,1,Monday,8,0.65,30.48,953.0,6720.0,26,0.0,0,1,56.0,0.650421429,Weekday
3/9/2015,2.0,1,Monday,5,0.6,26.82,919.0,7080.0,23,0.0,0,1,59.0,0.600040678,Weekday
3/10/2015,2.0,2,Tuesday,12,0.8,4.6,1190.4659913169319,1080.0,0,0.0,0,0,9.0,0.92,Weekday
3/10/2015,2.0,2,Tuesday,5,0.6,3.94,1190.4659913169319,1440.0,0,0.0,0,0,12.0,0.909391667,Weekday
3/10/2015,2.0,1,Tuesday,1,0.75,26.82,1574.0,7080.0,75,0.0,0,0,59.0,0.900061017,Weekday
3/10/2015,2.0,2,Tuesday,3,0.8,4.6,1190.4659913169319,1440.0,0,0.0,0,0,12.0,0.894444444,Weekday
3/10/2015,2.0,2,Tuesday,4,0.75,3.94,1190.4659913169319,960.0,0,0.0,0,0,8.0,0.881575,Weekday
3/10/2015,2.0,2,Tuesday,1,0.75,3.94,1190.4659913169319,960.0,0,0.0,0,0,8.0,0.880754167,Weekday
3/10/2015,2.0,1,Tuesday,4,0.75,26.82,1104.0,5880.0,65,0.0,0,0,59.0,0.850084211,Weekday
3/10/2015,2.0,2,Tuesday,9,0.75,2.9,1190.4659913169319,1800.0,0,0.0,0,0,15.0,0.821666667,Weekday
3/10/2015,2.0,1,Tuesday,12,0.8,15.26,1069.0,4080.0,63,0.0,0,0,34.0,0.800401961,Weekday
3/10/2015,2.0,1,Tuesday,3,0.8,30.1,756.0,6960.0,63,0.0,0,1,58.0,0.800071839,Weekday
3/10/2015,2.0,1,Tuesday,11,0.8,11.41,338.0,3420.0,50,0.0,0,0,58.0,0.800034503,Weekday
3/10/2015,2.0,2,Tuesday,11,0.8,2.9,1190.4659913169319,960.0,0,0.0,0,0,8.0,0.758229167,Weekday
3/10/2015,2.0,1,Tuesday,10,0.75,21.82,1499.0,6000.0,34,0.0,0,0,50.0,0.750608,Weekday
3/10/2015,2.0,1,Tuesday,9,0.75,18.79,1247.0,6240.0,45,0.0,0,0,52.0,0.750395513,Weekday
3/10/2015,2.0,2,Tuesday,2,0.7,3.9,1190.4659913169319,960.0,0,0.0,0,0,8.0,0.741,Weekday
3/10/2015,2.0,1,Tuesday,8,0.7,30.48,923.0,6840.0,30,0.0,0,1,57.0,0.700505263,Weekday
3/10/2015,2.0,1,Tuesday,6,0.7,23.41,1180.0,4560.0,30,0.0,0,1,38.0,0.700246491,Weekday
3/10/2015,2.0,1,Tuesday,2,0.7,16.1,957.0,5400.0,40,0.0,0,1,45.0,0.700051852,Weekday
3/10/2015,2.0,1,Tuesday,5,0.65,26.82,1001.0,7080.0,26,0.0,0,1,59.0,0.650044068,Weekday
3/10/2015,2.0,1,Tuesday,7,0.6,30.48,1017.0,6840.0,25,0.0,0,1,57.0,0.630402924,Weekday
3/10/2015,2.0,2,Tuesday,8,0.65,3.9,1190.4659913169319,960.0,0,0.0,0,0,8.0,0.560625,Weekday
3/10/2015,2.0,2,Tuesday,10,0.7,2.9,1190.4659913169319,960.0,0,0.0,0,0,8.0,0.4276613622499999,Weekday
3/11/2015,2.0,2,Wednesday,12,0.8,4.6,1190.4659913169319,2160.0,0,0.0,0,0,9.0,0.922839506,Weekday
3/11/2015,2.0,2,Wednesday,11,0.8,2.9,1190.4659913169319,2400.0,0,0.0,0,0,10.0,0.874027778,Weekday
3/11/2015,2.0,2,Wednesday,2,0.75,3.9,1190.4659913169319,1920.0,0,0.0,0,0,8.0,0.819270833,Weekday
3/11/2015,2.0,2,Wednesday,4,0.75,3.94,1190.4659913169319,1920.0,0,0.0,0,0,8.0,0.813309028,Weekday
3/11/2015,2.0,2,Wednesday,1,0.75,3.94,1190.4659913169319,1920.0,0,0.0,0,0,8.0,0.812625,Weekday
3/11/2015,2.0,1,Wednesday,12,0.8,15.26,470.0,4080.0,63,0.0,0,0,34.0,0.800401961,Weekday
3/11/2015,2.0,1,Wednesday,3,0.8,30.1,735.0,6960.0,63,0.0,0,1,58.0,0.800071839,Weekday
3/11/2015,2.0,1,Wednesday,11,0.8,11.41,560.0,3420.0,50,0.0,0,0,58.0,0.800034503,Weekday
3/11/2015,2.0,2,Wednesday,3,0.8,4.6,1190.4659913169319,1920.0,0,0.0,0,0,8.0,0.786631944,Weekday
3/11/2015,2.0,2,Wednesday,5,0.7,3.94,1190.4659913169319,1440.0,0,0.0,0,0,12.0,0.75885,Weekday
3/11/2015,2.0,1,Wednesday,10,0.75,21.82,1674.0,6000.0,34,0.0,0,0,50.0,0.750608,Weekday
3/11/2015,2.0,1,Wednesday,9,0.75,18.79,290.0,5040.0,45,0.0,0,0,52.0,0.750347333,Weekday
3/11/2015,2.0,1,Wednesday,2,0.75,16.1,971.0,5400.0,45,0.0,0,1,45.0,0.750140741,Weekday
3/11/2015,2.0,1,Wednesday,1,0.75,26.82,1322.0,7080.0,45,0.0,0,0,59.0,0.750050847,Weekday
3/11/2015,2.0,1,Wednesday,4,0.75,26.82,1054.0,7080.0,45,0.0,0,0,59.0,0.750050847,Weekday
3/11/2015,2.0,1,Wednesday,5,0.7,26.82,992.0,6960.0,30,0.0,0,1,58.0,0.700556897,Weekday
3/11/2015,2.0,1,Wednesday,8,0.7,30.48,914.0,6840.0,30,0.0,0,1,57.0,0.700505263,Weekday
3/11/2015,2.0,1,Wednesday,6,0.7,23.41,1128.0,4560.0,40,0.0,0,1,38.0,0.700246491,Weekday
3/11/2015,2.0,1,Wednesday,7,0.65,30.48,935.0,6840.0,26,0.0,0,1,57.0,0.650596491,Weekday
3/11/2015,2.0,2,Wednesday,10,0.75,2.9,1190.4659913169319,960.0,0,0.0,0,0,8.0,0.628333333,Weekday
3/11/2015,2.0,2,Wednesday,8,0.7,3.9,1190.4659913169319,960.0,0,0.0,0,0,8.0,0.625625,Weekday
3/11/2015,2.0,2,Wednesday,7,0.65,3.9,1190.4659913169319,960.0,0,0.0,0,0,8.0,0.625625,Weekday
3/11/2015,2.0,2,Wednesday,9,0.75,2.9,1190.4659913169319,1800.0,0,0.0,0,0,15.0,0.505888889,Weekday
3/11/2015,2.0,2,Wednesday,6,0.7,2.9,1190.4659913169319,720.0,0,0.0,0,0,6.0,0.4276613622499999,Weekday
