quarter,department,day,team,targeted_productivity,smv,wip,over_time,incentive,no_of_workers,actual_productivity,productivity_difference
0,1,3,8,0.8,26.16,1108.0,7080.0,98,59.0,0.940725424,0.140725424
0,0,3,1,0.75,3.94,1190.4659913169319,960.0,0,8.0,0.8865,0.13649999999999995
0,1,3,11,0.8,11.41,968.0,3660.0,50,30.5,0.800570492,0.0005704919999999225
0,1,3,12,0.8,11.41,968.0,3660.0,50,30.5,0.800570492,0.0005704919999999225
0,1,3,6,0.8,25.9,1170.0,1920.0,50,56.0,0.800381944,0.0003819439999999119
0,1,3,7,0.8,25.9,984.0,6720.0,38,56.0,0.800125,0.00012499999999993072
0,0,3,2,0.75,3.94,1190.4659913169319,960.0,0,8.0,0.755166667,0.005166667000000014
0,1,3,3,0.75,28.08,795.0,6900.0,45,57.5,0.753683478,0.003683478000000018
0,1,3,2,0.75,19.87,733.0,6000.0,34,55.0,0.753097531,0.0030975309999999867
0,1,3,1,0.75,28.08,681.0,6900.0,45,57.5,0.750427826,0.00042782600000002
0,1,3,9,0.7,28.08,872.0,6900.0,44,57.5,0.721126957,0.021126957000000002
0,1,3,10,0.75,19.31,578.0,6480.0,45,54.0,0.712205247,-0.037794753000000014
0,1,3,5,0.8,11.41,668.0,3660.0,50,30.5,0.707045902,-0.0929540980000001
0,0,3,10,0.65,3.94,1190.4659913169319,960.0,0,8.0,0.705916667,0.055916666999999975
0,0,3,8,0.75,2.9,1190.4659913169319,960.0,0,8.0,0.676666667,-0.073333333
0,0,3,4,0.75,3.94,1190.4659913169319,2160.0,0,18.0,0.593055556,-0.15694444399999996
0,0,3,7,0.8,2.9,1190.4659913169319,960.0,0,8.0,0.540729167,-0.2592708330000001
0,1,3,4,0.65,23.69,861.0,7200.0,0,60.0,0.52118,-0.12882000000000005
0,0,3,11,0.7,4.15,1190.4659913169319,1440.0,0,12.0,0.436326389,-0.263673611
0,0,1,4,0.8,4.15,1190.4659913169319,6600.0,0,20.0,0.988024691,0.18802469099999997
0,0,1,11,0.75,2.9,1190.4659913169319,5640.0,0,17.0,0.987880435,0.237880435
0,0,1,9,0.8,4.15,1190.4659913169319,960.0,0,8.0,0.956270833,0.156270833
0,0,1,3,0.75,3.94,1190.4659913169319,1560.0,0,8.0,0.945277778,0.195277778
0,0,1,1,0.8,3.94,1190.4659913169319,960.0,0,8.0,0.902916667,0.1029166669999999
0,1,1,1,0.8,28.08,772.0,6300.0,50,56.5,0.800725314,0.0007253139999999769
0,1,1,3,0.8,28.08,913.0,6540.0,50,54.5,0.800322936,0.0003229359999999959
0,1,1,8,0.8,26.16,1261.0,7080.0,50,59.0,0.800318644,0.00031864399999992354
0,1,1,12,0.8,26.16,844.0,7080.0,63,59.0,0.800318644,0.00031864399999992354
0,1,1,11,0.8,11.61,1005.0,7080.0,50,29.5,0.800237288,0.00023728800000000216
0,1,1,5,0.8,11.61,659.0,7080.0,50,31.5,0.800148649,0.0001486490000000007
0,1,1,6,0.8,25.9,1152.0,6720.0,50,56.0,0.800125,0.00012499999999993072
0,1,1,7,0.8,25.9,1138.0,6720.0,38,56.0,0.800125,0.00012499999999993072
0,1,1,10,0.75,19.31,610.0,6480.0,56,54.0,0.787299691,0.03729969099999997
0,0,1,2,0.8,4.15,1190.4659913169319,960.0,0,8.0,0.782447917,-0.017552082999999996
0,1,1,2,0.75,19.87,944.0,6600.0,45,55.0,0.75024303,0.00024303000000003294
0,0,1,10,0.7,4.15,1190.4659913169319,960.0,0,8.0,0.7018125,0.0018124999999999947
0,1,1,4,0.7,23.69,544.0,13800.0,0,60.0,0.700134038,0.000134038000000003
0,1,1,9,0.7,28.08,1072.0,6900.0,40,57.5,0.699965217,-3.478299999992718e-05
0,0,1,8,0.8,2.9,1190.4659913169319,960.0,0,8.0,0.628333333,-0.171666667
0,0,1,7,0.8,3.94,1190.4659913169319,960.0,0,8.0,0.6253125,-0.1746875
0,0,2,3,0.75,4.15,1190.4659913169319,1560.0,0,8.0,0.991388889,0.241388889
0,0,2,9,0.8,3.94,1190.4659913169319,960.0,0,8.0,0.931645833,0.131645833
0,0,2,1,0.8,3.94,1190.4659913169319,960.0,0,8.0,0.915229167,0.11522916699999997
0,1,2,6,0.8,11.61,539.0,6975.0,50,31.0,0.879714482,0.07971448199999998
0,0,2,4,0.8,3.94,1190.4659913169319,6600.0,0,20.0,0.861679012,0.06167901199999992
0,1,2,9,0.8,26.16,1278.0,7080.0,60,59.0,0.850569492,0.05056949199999994
0,1,2,7,0.8,25.9,1227.0,7020.0,60,56.5,0.850436438,0.05043643799999997
0,1,2,8,0.8,25.9,1039.0,6780.0,45,56.5,0.850345133,0.050345132999999986
0,1,2,4,0.8,28.08,878.0,4260.0,50,55.5,0.800598058,0.0005980579999999014
0,1,2,1,0.8,26.16,1033.0,7080.0,63,59.0,0.800318644,0.00031864399999992354
0,1,2,2,0.8,28.08,782.0,6660.0,50,55.5,0.800237838,0.00023783799999999022
0,1,2,12,0.8,11.61,1216.0,6975.0,50,31.0,0.800030199,3.0199000000008525e-05
0,0,2,2,0.8,3.94,1190.4659913169319,960.0,0,8.0,0.792104167,-0.007895833000000074
0,0,2,10,0.7,3.94,1190.4659913169319,4320.0,0,18.0,0.759228395,0.05922839499999999
0,1,2,11,0.75,19.31,513.0,6480.0,45,54.0,0.750348457,0.0003484569999999687
0,1,2,3,0.75,19.87,734.0,6600.0,45,55.0,0.75024303,0.00024303000000003294
0,1,2,10,0.7,28.08,1202.0,6900.0,40,57.5,0.699965217,-3.478299999992718e-05
0,0,2,8,0.8,2.9,1190.4659913169319,960.0,0,8.0,0.682708333,-0.11729166700000004
0,0,2,7,0.8,2.9,1190.4659913169319,960.0,0,8.0,0.667604167,-0.13239583300000002
0,1,2,5,0.7,45.67,884.0,6960.0,26,58.0,0.603432184,-0.09656781599999997
0,0,2,11,0.75,4.15,1190.4659913169319,960.0,0,8.0,0.4276613622499999,-0.3223386377500001
0,0,0,1,0.8,3.94,1190.4659913169319,1920.0,0,8.0,0.961059028,0.16105902799999994
0,0,0,11,0.8,3.94,1190.4659913169319,2400.0,0,10.0,0.939513889,0.13951388899999995
0,0,0,4,0.8,3.94,1190.4659913169319,3840.0,0,16.0,0.893663194,0.093663194
0,0,0,3,0.75,4.15,1190.4659913169319,1920.0,0,8.0,0.875390625,0.12539062499999998
0,1,0,9,0.8,26.16,1227.0,7080.0,75,59.0,0.850569492,0.05056949199999994
0,0,0,9,0.8,2.9,1190.4659913169319,1920.0,0,8.0,0.820833333,0.02083333300000001
0,0,0,2,0.8,3.94,1190.4659913169319,960.0,0,8.0,0.804416667,0.004416666999999985
0,1,0,7,0.8,25.9,1255.0,6780.0,50,56.5,0.800684366,0.0006843659999999918
0,1,0,8,0.8,25.9,1047.0,6780.0,38,56.5,0.800684366,0.0006843659999999918
0,1,0,1,0.8,26.16,1138.0,7080.0,63,59.0,0.800318644,0.00031864399999992354
0,1,0,11,0.8,19.31,678.0,4800.0,50,55.0,0.800250962,0.0002509619999999657
0,1,0,6,0.8,11.61,712.0,7200.0,50,32.0,0.800246011,0.00024601099999999043
0,1,0,12,0.8,11.61,1037.0,7200.0,50,32.0,0.800246011,0.00024601099999999043
0,1,0,2,0.8,28.08,757.0,6900.0,50,57.5,0.800076522,7.652199999996778e-05
0,1,0,4,0.8,28.08,759.0,6900.0,50,57.5,0.800076522,7.652199999996778e-05
0,0,0,10,0.75,2.9,1190.4659913169319,960.0,0,8.0,0.763375,0.013375000000000026
0,0,0,5,0.6,2.9,1190.4659913169319,960.0,0,8.0,0.759270833,0.159270833
0,1,0,10,0.75,28.08,1083.0,7020.0,45,58.5,0.7504,0.00039999999999995595
0,1,0,3,0.75,19.87,944.0,6600.0,45,55.0,0.75024303,0.00024303000000003294
0,0,0,7,0.8,3.94,1190.4659913169319,960.0,0,8.0,0.676666667,-0.12333333300000004
0,0,0,8,0.8,2.9,1190.4659913169319,960.0,0,8.0,0.664583333,-0.135416667
0,1,0,5,0.6,21.98,666.0,6960.0,23,58.0,0.600028736,2.873599999997367e-05
0,0,4,4,0.8,3.94,1190.4659913169319,4440.0,0,18.0,0.966781346,0.16678134599999994
0,0,4,1,0.8,3.94,1190.4659913169319,1440.0,0,8.0,0.936496212,0.13649621199999995
0,0,4,3,0.75,4.15,1190.4659913169319,1800.0,0,10.0,0.899166667,0.14916666700000003
0,0,4,11,0.8,4.15,1190.4659913169319,2700.0,0,15.0,0.888686869,0.088686869
0,0,4,9,0.8,3.94,1190.4659913169319,1440.0,0,8.0,0.858143939,0.05814393899999992
0,1,4,1,0.8,26.16,1187.0,10620.0,75,59.0,0.850502311,0.05050231099999991
0,1,4,9,0.8,26.16,1305.0,10620.0,75,59.0,0.850502311,0.05050231099999991
0,0,4,10,0.75,3.94,1190.4659913169319,1440.0,0,8.0,0.809640152,0.059640151999999946
0,0,4,2,0.8,3.94,1190.4659913169319,1440.0,0,8.0,0.805909091,0.005909090999999922
0,1,4,2,0.8,28.08,716.0,10350.0,50,57.5,0.800594466,0.0005944659999999047
0,1,4,4,0.8,28.08,925.0,10350.0,50,57.5,0.800594466,0.0005944659999999047
0,1,4,3,0.8,19.87,963.0,9900.0,50,55.0,0.800273829,0.0002738289999999477
0,1,4,12,0.8,11.61,1101.0,5310.0,50,31.5,0.800140969,0.00014096899999993528
0,1,4,7,0.8,25.9,1035.0,10170.0,38,56.5,0.800128721,0.0001287209999999428
0,1,4,8,0.8,25.9,1083.0,10170.0,38,56.5,0.800128721,0.0001287209999999428
0,1,4,6,0.8,11.61,910.0,4470.0,38,31.5,0.80007657,7.656999999994252e-05
0,1,4,10,0.75,28.08,1209.0,10530.0,45,58.5,0.750545455,0.000545455000000028
0,1,4,11,0.75,19.31,590.0,9900.0,45,55.0,0.750057851,5.7850999999997654e-05
0,0,4,8,0.8,2.9,1190.4659913169319,1440.0,0,8.0,0.681060606,-0.11893939400000009
0,1,4,5,0.65,21.98,808.0,10440.0,35,58.0,0.649983281,-1.6718999999998374e-05
0,0,4,7,0.8,2.9,1190.4659913169319,1440.0,0,8.0,0.61625,-0.18375000000000008
0,0,5,1,0.8,3.94,1190.4659913169319,1440.0,0,8.0,0.951420455,0.151420455
0,0,5,9,0.8,3.94,1190.4659913169319,1440.0,0,8.0,0.880530303,0.08053030299999997
0,1,5,1,0.8,26.16,1179.0,10620.0,75,59.0,0.850502311,0.05050231099999991
0,1,5,9,0.8,26.16,1324.0,10620.0,75,59.0,0.850502311,0.05050231099999991
0,1,5,8,0.8,25.9,1135.0,10170.0,60,56.5,0.850136766,0.050136765999999944
0,0,5,3,0.75,4.15,1190.4659913169319,2700.0,0,15.0,0.83,0.07999999999999996
0,0,5,4,0.8,3.94,1190.4659913169319,4440.0,0,18.0,0.827186544,0.02718654399999998
0,0,5,2,0.8,3.94,1190.4659913169319,1440.0,0,8.0,0.813371212,0.01337121199999991
0,0,5,10,0.75,3.94,1190.4659913169319,1440.0,0,8.0,0.805909091,0.055909090999999966
0,0,5,7,0.8,2.9,1190.4659913169319,1440.0,0,8.0,0.804640152,0.0046401520000000085
0,1,5,2,0.8,28.08,776.0,10350.0,63,57.5,0.800594466,0.0005944659999999047
0,1,5,4,0.8,28.08,990.0,10350.0,50,57.5,0.800594466,0.0005944659999999047
0,1,5,6,0.8,11.41,986.0,5490.0,50,30.5,0.800343766,0.0003437659999999676
0,1,5,3,0.8,19.87,924.0,9900.0,50,55.0,0.800273829,0.0002738289999999477
0,1,5,12,0.8,11.61,1120.0,5670.0,50,31.5,0.800246753,0.00024675299999998845
0,1,5,7,0.8,25.9,1066.0,10170.0,50,56.5,0.800128721,0.0001287209999999428
0,1,5,10,0.75,28.08,1144.0,10530.0,69,58.5,0.8,0.050000000000000044
0,1,5,5,0.7,21.98,413.0,9720.0,40,58.0,0.700480831,0.0004808310000000704
0,0,5,8,0.8,2.9,1190.4659913169319,1440.0,0,8.0,0.681060606,-0.11893939400000009
0,0,5,6,0.8,2.9,1190.4659913169319,1800.0,0,10.0,0.666515152,-0.13348484800000004
0,1,5,11,0.8,31.83,568.0,9900.0,40,55.0,0.4276613622499999,-0.37233863775000015
0,0,5,5,0.7,4.15,1190.4659913169319,1440.0,0,8.0,0.4276613622499999,-0.27233863775000006
1,0,3,1,0.8,3.94,1190.4659913169319,1440.0,0,8.0,0.947689394,0.14768939399999992
1,0,3,4,0.8,3.94,1190.4659913169319,12600.0,0,20.0,0.919905405,0.11990540499999991
1,1,3,9,0.8,26.16,1216.0,10620.0,88,59.0,0.900215716,0.10021571600000001
1,0,3,9,0.8,3.94,1190.4659913169319,1440.0,0,8.0,0.891723485,0.09172348499999994
1,1,3,1,0.8,26.16,1189.0,10620.0,75,59.0,0.850502311,0.05050231099999991
1,1,3,4,0.8,28.08,942.0,10530.0,75,58.5,0.850181818,0.05018181799999999
1,1,3,7,0.8,25.9,1050.0,10170.0,60,56.5,0.850136766,0.050136765999999944
1,1,3,8,0.8,25.9,1026.0,10170.0,60,56.5,0.850136766,0.050136765999999944
1,0,3,2,0.8,3.94,1190.4659913169319,1440.0,0,8.0,0.835757576,0.03575757599999996
1,0,3,5,0.7,4.15,1190.4659913169319,3840.0,0,8.0,0.821354167,0.12135416700000001
1,1,3,2,0.8,28.08,783.0,10050.0,63,58.5,0.800497246,0.0004972460000000067
1,1,3,3,0.8,19.87,857.0,9900.0,50,55.0,0.800273829,0.0002738289999999477
1,1,3,12,0.8,11.61,548.0,15090.0,63,31.5,0.800107143,0.00010714299999992072
1,1,3,6,0.8,11.41,411.0,14640.0,50,30.5,0.800024932,2.4931999999977528e-05
1,1,3,10,0.75,28.08,1066.0,10530.0,69,58.5,0.8,0.050000000000000044
1,0,3,10,0.75,3.94,1190.4659913169319,1440.0,0,8.0,0.779791667,0.02979166700000002
1,0,3,8,0.8,2.9,1190.4659913169319,1440.0,0,8.0,0.735984848,-0.06401515200000008
1,0,3,3,0.75,4.15,1190.4659913169319,2160.0,0,12.0,0.712626263,-0.03737373700000002
1,0,3,7,0.8,2.9,1190.4659913169319,1440.0,0,8.0,0.681060606,-0.11893939400000009
1,0,3,11,0.8,4.15,1190.4659913169319,900.0,0,5.0,0.515606061,-0.2843939390000001
1,1,3,5,0.7,42.41,724.0,10260.0,0,57.0,0.4276613622499999,-0.27233863775000006
1,0,1,1,0.8,3.94,1190.4659913169319,2160.0,0,8.0,0.985,0.18499999999999994
1,0,1,3,0.75,4.15,1190.4659913169319,2760.0,0,12.0,0.930340376,0.18034037599999997
1,0,1,4,0.8,3.94,1190.4659913169319,6000.0,0,20.0,0.911589744,0.11158974399999999
1,0,1,9,0.8,3.94,1190.4659913169319,1440.0,0,8.0,0.858143939,0.05814393899999992
1,1,1,9,0.8,26.16,1122.0,10620.0,75,59.0,0.851174114,0.05117411399999994
1,1,1,7,0.8,25.9,970.0,10170.0,60,56.5,0.850136766,0.050136765999999944
1,1,1,8,0.8,25.9,1158.0,10170.0,60,56.5,0.850136766,0.050136765999999944
1,0,1,10,0.8,3.94,1190.4659913169319,1440.0,0,8.0,0.846950758,0.046950757999999926
1,0,1,11,0.8,4.15,1190.4659913169319,1440.0,0,8.0,0.817424242,0.017424241999999923
1,0,1,2,0.8,3.94,1190.4659913169319,1440.0,0,8.0,0.817102273,0.017102273
1,1,1,4,0.8,28.08,660.0,10440.0,63,58.0,0.801028213,0.001028213
1,1,1,2,0.8,28.08,749.0,10350.0,63,57.5,0.800594466,0.0005944659999999047
1,1,1,12,0.8,11.61,893.0,4710.0,50,31.5,0.800346445,0.0003464449999999175
1,1,1,6,0.8,11.41,887.0,5490.0,50,30.5,0.800343766,0.0003437659999999676
1,1,1,1,0.8,26.16,1335.0,10620.0,63,59.0,0.800117103,0.00011710300000000728
1,1,1,10,0.8,28.08,1082.0,10530.0,63,58.5,0.8,0.0
1,1,1,3,0.75,19.87,1075.0,7080.0,45,56.0,0.750098351,9.835099999999652e-05
1,0,1,7,0.8,2.9,1190.4659913169319,1440.0,0,8.0,0.670075758,-0.12992424200000008
1,0,1,8,0.8,2.9,1190.4659913169319,1440.0,0,8.0,0.628882576,-0.17111742400000007
1,0,2,3,0.75,4.15,1190.4659913169319,1440.0,0,8.0,0.93532197,0.18532196999999995
1,0,2,4,0.8,3.94,1190.4659913169319,3600.0,0,20.0,0.925643939,0.12564393899999993
1,1,2,9,0.8,26.16,1095.0,10620.0,88,59.0,0.900215716,0.10021571600000001
1,0,2,1,0.8,3.94,1190.4659913169319,1440.0,0,8.0,0.873068182,0.07306818199999998
1,0,2,9,0.8,3.94,1190.4659913169319,1440.0,0,8.0,0.858143939,0.05814393899999992
1,1,2,1,0.8,26.16,1383.0,10620.0,75,59.0,0.850502311,0.05050231099999991
1,1,2,7,0.8,25.9,1012.0,10170.0,45,56.5,0.850136766,0.050136765999999944
1,1,2,8,0.8,25.9,1209.0,10170.0,60,56.5,0.850136766,0.050136765999999944
1,0,2,10,0.8,3.94,1190.4659913169319,1440.0,0,8.0,0.828295455,0.02829545499999997
1,0,2,2,0.8,3.94,1190.4659913169319,1440.0,0,8.0,0.820833333,0.02083333300000001
1,1,2,6,0.8,11.41,887.0,5490.0,50,30.5,0.800343766,0.0003437659999999676
1,1,2,12,0.8,11.61,896.0,5670.0,50,31.5,0.800246753,0.00024675299999998845
1,1,2,2,0.8,28.08,805.0,10530.0,63,58.5,0.8,0.0
1,1,2,10,0.8,28.08,762.0,10530.0,38,58.5,0.8,0.0
1,1,2,3,0.8,19.87,1043.0,6420.0,0,55.0,0.690182815,-0.10981718500000004
1,0,2,11,0.8,4.15,1190.4659913169319,1440.0,0,8.0,0.668087121,-0.13191287900000004
1,0,2,8,0.8,2.9,1190.4659913169319,1440.0,0,8.0,0.653598485,-0.1464015150000001
1,1,2,11,0.6,12.52,831.0,9540.0,30,53.0,0.600229846,0.000229845999999978
1,0,2,6,0.8,2.9,1190.4659913169319,1440.0,0,8.0,0.597348485,-0.202651515
1,0,2,7,0.8,2.9,1190.4659913169319,1440.0,0,8.0,0.590435606,-0.20956439400000004
1,1,2,4,0.8,50.48,562.0,10440.0,0,58.0,0.473134796,-0.326865204
1,1,2,5,0.6,20.79,1208.0,7980.0,0,57.0,0.452979626,-0.14702037399999995
1,0,0,1,0.8,3.94,1190.4659913169319,1440.0,0,8.0,0.955151515,0.1551515149999999
1,0,0,3,0.8,4.15,1190.4659913169319,1800.0,0,10.0,0.905454545,0.10545454499999996
1,0,0,2,0.8,3.94,1190.4659913169319,1440.0,0,8.0,0.880530303,0.08053030299999997
1,0,0,9,0.8,3.94,1190.4659913169319,1440.0,0,8.0,0.858143939,0.05814393899999992
1,1,0,1,0.8,26.16,1099.0,8220.0,75,59.0,0.850522167,0.05052216700000001
1,1,0,9,0.8,26.16,1093.0,10620.0,75,59.0,0.850502311,0.05050231099999991
1,1,0,7,0.8,25.9,1031.0,10170.0,60,56.5,0.850136766,0.050136765999999944
1,1,0,8,0.8,25.9,1233.0,10170.0,60,56.5,0.850136766,0.050136765999999944
1,0,0,6,0.8,2.9,1190.4659913169319,1440.0,0,8.0,0.817424242,0.017424241999999923
1,0,0,5,0.65,4.15,1190.4659913169319,1440.0,0,8.0,0.809564394,0.159564394
1,1,0,3,0.8,19.87,941.0,9900.0,0,55.0,0.800273829,0.0002738289999999477
1,1,0,6,0.8,11.41,843.0,5670.0,50,31.5,0.800181818,0.00018181799999994475
1,1,0,12,0.8,11.61,760.0,4470.0,50,31.5,0.80007657,7.656999999994252e-05
1,1,0,2,0.8,28.08,737.0,10530.0,63,58.5,0.8,0.0
1,0,0,8,0.8,2.9,1190.4659913169319,1440.0,0,8.0,0.725,-0.07500000000000007
1,1,0,10,0.8,50.48,381.0,6930.0,45,58.5,0.688557555,-0.111442445
1,1,0,5,0.65,20.79,1141.0,8460.0,0,59.0,0.650040783,4.078299999998869e-05
1,1,0,11,0.65,12.52,1004.0,9540.0,44,53.0,0.64998056,-1.9439999999981694e-05
1,0,0,7,0.8,2.9,1190.4659913169319,1440.0,0,8.0,0.648106061,-0.15189393900000003
1,0,0,11,0.8,4.15,1190.4659913169319,1440.0,0,8.0,0.640577652,-0.159422348
1,0,0,10,0.8,3.94,1190.4659913169319,1440.0,0,8.0,0.4276613622499999,-0.37233863775000015
1,0,4,1,0.8,3.94,1190.4659913169319,1440.0,0,2.0,0.951420455,0.151420455
1,0,4,10,0.8,3.94,1190.4659913169319,5400.0,0,20.0,0.912766667,0.11276666699999993
1,0,4,3,0.8,4.15,1190.4659913169319,1620.0,0,9.0,0.901262626,0.10126262599999991
1,0,4,9,0.8,3.94,1190.4659913169319,1440.0,0,8.0,0.858143939,0.05814393899999992
1,1,4,1,0.8,26.16,1073.0,10620.0,75,59.0,0.850502311,0.05050231099999991
1,1,4,9,0.8,26.16,1156.0,10620.0,75,59.0,0.850502311,0.05050231099999991
1,1,4,8,0.8,25.9,1211.0,10260.0,60,57.0,0.850252525,0.05025252499999999
1,1,4,7,0.8,25.9,1126.0,10170.0,60,56.5,0.850136766,0.050136765999999944
1,0,4,5,0.65,4.15,1190.4659913169319,1440.0,0,8.0,0.821354167,0.17135416699999995
1,0,4,2,0.8,3.94,1190.4659913169319,1440.0,0,8.0,0.805909091,0.005909090999999922
1,1,4,6,0.8,11.61,1004.0,5670.0,50,31.5,0.800246753,0.00024675299999998845
1,1,4,12,0.8,11.61,1063.0,5670.0,50,31.5,0.800246753,0.00024675299999998845
1,1,4,2,0.8,28.08,723.0,10530.0,50,58.5,0.8,0.0
1,1,4,3,0.8,42.27,465.0,9900.0,54,55.0,0.705576584,-0.09442341600000004
1,0,4,8,0.8,2.9,1190.4659913169319,1440.0,0,8.0,0.681060606,-0.11893939400000009
1,0,4,7,0.8,2.9,1190.4659913169319,1440.0,0,8.0,0.670075758,-0.12992424200000008
1,0,4,11,0.8,4.15,1190.4659913169319,1440.0,0,8.0,0.601278409,-0.1987215910000001
1,1,4,11,0.7,27.13,530.0,9540.0,37,53.0,0.582301029,-0.11769897099999993
1,1,4,5,0.7,20.79,1297.0,10440.0,0,58.0,0.526810345,-0.17318965499999994
1,0,5,11,0.8,4.15,1190.4659913169319,1980.0,0,7.0,0.934607438,0.13460743799999997
1,1,5,7,0.8,25.9,1150.0,10170.0,70,56.5,0.900144811,0.10014481099999994
1,0,5,1,0.8,3.94,1190.4659913169319,1440.0,0,8.0,0.891723485,0.09172348499999994
1,0,5,5,0.65,4.15,1190.4659913169319,1440.0,0,15.0,0.864583333,0.214583333
1,0,5,9,0.8,3.94,1190.4659913169319,1440.0,0,8.0,0.858143939,0.05814393899999992
1,1,5,9,0.8,26.16,1232.0,10620.0,75,59.0,0.850502311,0.05050231099999991
1,1,5,8,0.8,25.9,1218.0,10170.0,60,56.5,0.850136766,0.050136765999999944
1,0,5,7,0.8,2.9,1190.4659913169319,1440.0,0,8.0,0.837594697,0.037594696999999955
1,0,5,3,0.8,4.15,1190.4659913169319,1440.0,0,7.0,0.820833333,0.02083333300000001
1,1,5,12,0.8,11.61,1159.0,2970.0,50,31.5,0.800313433,0.0003134329999999741
1,1,5,6,0.8,11.61,972.0,5670.0,38,31.5,0.800246753,0.00024675299999998845
1,1,5,1,0.8,26.16,1092.0,10620.0,63,59.0,0.800117103,0.00011710300000000728
1,1,5,5,0.7,20.79,965.0,7320.0,0,58.0,0.700095563,9.556300000002071e-05
1,0,5,8,0.8,2.9,1190.4659913169319,1440.0,0,8.0,0.667329545,-0.13267045500000008
1,1,5,4,0.6,22.4,816.0,5100.0,23,57.0,0.600369686,0.0003696859999999802
1,0,5,10,0.8,3.94,1190.4659913169319,1260.0,0,8.0,0.4276613622499999,-0.37233863775000015
1,1,5,2,0.8,51.02,1086.0,4260.0,27,57.0,0.4276613622499999,-0.37233863775000015
1,0,5,2,0.8,3.94,1190.4659913169319,1260.0,0,8.0,0.4276613622499999,-0.37233863775000015
2,0,3,10,0.8,3.94,1190.4659913169319,3420.0,0,19.0,0.953110048,0.15311004799999994
2,0,3,1,0.8,3.94,1190.4659913169319,1440.0,0,8.0,0.884261364,0.08426136399999995
2,0,3,5,0.65,4.15,1190.4659913169319,1440.0,0,8.0,0.860653409,0.21065340899999996
2,0,3,9,0.8,3.94,1190.4659913169319,1440.0,0,8.0,0.858143939,0.05814393899999992
2,1,3,1,0.8,26.16,1160.0,10620.0,75,59.0,0.850502311,0.05050231099999991
2,1,3,8,0.8,25.9,1177.0,8970.0,60,56.5,0.850415628,0.05041562799999999
2,1,3,7,0.8,25.9,1281.0,10170.0,60,56.5,0.850136766,0.050136765999999944
2,1,3,9,0.8,26.16,1369.0,10620.0,63,59.0,0.800117103,0.00011710300000000728
2,1,3,6,0.8,11.61,1084.0,4950.0,38,31.5,0.80003139,3.13899999999645e-05
2,1,3,12,0.8,11.61,1216.0,4950.0,50,31.5,0.80003139,3.13899999999645e-05
2,1,3,5,0.7,20.79,391.0,10440.0,0,58.0,0.700060345,6.03450000000727e-05
2,0,3,7,0.8,2.9,1190.4659913169319,1440.0,0,8.0,0.689299242,-0.11070075800000001
2,1,3,4,0.65,22.52,872.0,10080.0,26,56.0,0.650130952,0.0001309520000000175
2,0,3,8,0.8,2.9,1190.4659913169319,1440.0,0,8.0,0.606912879,-0.19308712100000003
2,1,3,10,0.6,22.52,1076.0,10170.0,23,56.5,0.600291767,0.00029176699999999833
2,0,1,5,0.65,4.15,1190.4659913169319,2700.0,0,15.0,0.98719697,0.33719696999999993
2,0,1,2,0.8,3.94,1190.4659913169319,1800.0,0,10.0,0.980909091,0.18090909099999997
2,0,1,10,0.8,3.94,1190.4659913169319,1440.0,0,8.0,0.974621212,0.17462121199999991
2,0,1,1,0.8,3.94,1190.4659913169319,1440.0,0,8.0,0.884261364,0.08426136399999995
2,0,1,9,0.8,3.94,1190.4659913169319,1800.0,0,10.0,0.82680303,0.02680302999999995
2,1,1,6,0.8,11.41,1067.0,5490.0,63,30.5,0.800343766,0.0003437659999999676
2,1,1,12,0.8,11.61,1039.0,5670.0,63,31.5,0.800246753,0.00024675299999998845
2,1,1,7,0.8,25.9,1396.0,10170.0,50,56.5,0.800128721,0.0001287209999999428
2,1,1,8,0.8,25.9,1292.0,10170.0,50,56.5,0.800128721,0.0001287209999999428
2,1,1,1,0.8,48.68,171.0,10620.0,63,59.0,0.800117103,0.00011710300000000728
2,1,1,9,0.8,26.16,1128.0,10620.0,63,59.0,0.800117103,0.00011710300000000728
2,1,1,2,0.6,22.94,865.0,6570.0,23,56.5,0.77011398,0.17011398
2,1,1,4,0.7,22.52,825.0,10170.0,50,56.5,0.7005417,0.0005417000000000893
2,0,1,8,0.8,2.9,1190.4659913169319,1440.0,0,8.0,0.675568182,-0.12443181800000003
2,0,1,7,0.8,2.9,1190.4659913169319,1440.0,0,8.0,0.661837121,-0.13816287900000002
2,1,1,10,0.65,22.52,1163.0,9720.0,35,54.0,0.650198653,0.00019865299999999309
2,1,1,3,0.6,22.52,1140.0,10170.0,30,56.5,0.600291767,0.00029176699999999833
2,1,1,11,0.6,14.89,1027.0,10080.0,38,56.0,0.600273268,0.0002732680000000487
2,0,1,6,0.8,2.9,1190.4659913169319,900.0,0,5.0,0.465757576,-0.33424242400000004
2,1,1,5,0.7,41.19,1052.0,10440.0,21,58.0,0.452012539,-0.24798746099999996
2,0,1,11,0.8,4.15,1190.4659913169319,1260.0,0,7.0,0.4276613622499999,-0.37233863775000015
2,0,2,5,0.6,4.15,1190.4659913169319,1440.0,0,8.0,0.852793561,0.25279356100000006
2,0,2,11,0.65,4.15,1190.4659913169319,2160.0,0,12.0,0.838383838,0.18838383800000003
2,0,2,6,0.8,2.9,1190.4659913169319,1800.0,0,10.0,0.804848485,0.0048484849999999025
2,1,2,6,0.8,11.41,1140.0,5490.0,63,30.5,0.800343766,0.0003437659999999676
2,1,2,7,0.8,48.84,624.0,10170.0,50,56.5,0.800128721,0.0001287209999999428
2,1,2,8,0.8,25.9,1288.0,10170.0,38,56.5,0.800128721,0.0001287209999999428
2,1,2,9,0.8,26.16,1381.0,3660.0,50,59.0,0.800015009,1.5008999999954753e-05
2,1,2,4,0.7,22.52,882.0,10170.0,50,56.5,0.7005417,0.0005417000000000893
2,1,2,10,0.7,22.52,1002.0,10080.0,40,56.0,0.700094156,9.415600000006741e-05
2,0,2,7,0.8,2.9,1190.4659913169319,1440.0,0,8.0,0.692045455,-0.10795454500000001
2,1,2,12,0.8,26.87,585.0,5670.0,56,31.5,0.662255892,-0.13774410800000003
2,1,2,3,0.65,22.52,1138.0,10170.0,35,56.5,0.650416734,0.0004167339999999742
2,1,2,11,0.65,14.89,1140.0,10260.0,44,57.0,0.650299575,0.00029957499999999637
2,1,2,2,0.65,22.94,1025.0,10170.0,26,56.5,0.650243497,0.0002434969999999259
2,0,2,8,0.8,2.9,1190.4659913169319,1440.0,0,8.0,0.639867424,-0.16013257600000008
2,1,2,5,0.6,20.4,1031.0,10440.0,30,58.0,0.600062696,6.269599999997322e-05
2,0,2,9,0.8,3.94,1190.4659913169319,1800.0,0,10.0,0.582045455,-0.217954545
2,1,2,1,0.8,49.1,1381.0,10350.0,24,57.5,0.4276613622499999,-0.37233863775000015
2,0,2,10,0.7,3.94,1190.4659913169319,1440.0,0,8.0,0.4276613622499999,-0.27233863775000006
2,0,0,4,0.7,4.3,1190.4659913169319,5040.0,0,28.0,0.977272727,0.27727272700000005
2,0,0,9,0.8,3.94,1190.4659913169319,1800.0,0,10.0,0.964106061,0.16410606099999991
2,0,0,5,0.65,4.15,1190.4659913169319,1440.0,0,8.0,0.958901515,0.30890151499999996
2,1,0,6,0.8,11.41,1028.0,4380.0,50,31.0,0.800358775,0.00035877499999992235
2,1,0,8,0.8,25.9,1380.0,3630.0,50,56.5,0.800162602,0.00016260199999995617
2,1,0,9,0.8,26.16,1196.0,10620.0,63,59.0,0.800117103,0.00011710300000000728
2,0,0,12,0.8,2.9,1190.4659913169319,1440.0,0,8.0,0.793844697,-0.006155303000000001
2,1,0,2,0.7,22.94,1006.0,10170.0,38,56.5,0.750517565,0.05051756500000004
2,1,0,4,0.7,22.52,930.0,10260.0,63,57.0,0.750068049,0.05006804900000006
2,1,0,3,0.7,22.52,1095.0,10170.0,50,56.5,0.750062751,0.050062751000000016
2,1,0,10,0.7,22.52,938.0,10080.0,63,56.0,0.750057359,0.05005735900000008
2,1,0,11,0.7,14.89,1484.0,10260.0,50,57.0,0.700170388,0.0001703880000000213
2,0,0,8,0.8,2.9,1190.4659913169319,1440.0,0,8.0,0.683806818,-0.11619318200000006
2,1,0,5,0.65,20.4,1255.0,8280.0,35,58.0,0.650066445,6.644499999997056e-05
2,1,0,7,0.8,48.84,1040.0,10260.0,30,57.0,0.576460393,-0.22353960700000008
2,0,0,10,0.7,3.94,1190.4659913169319,1440.0,0,8.0,0.538399621,-0.1616003789999999
2,0,0,11,0.7,4.15,1190.4659913169319,1440.0,0,8.0,0.4276613622499999,-0.27233863775000006
2,0,4,5,0.7,4.15,1190.4659913169319,1440.0,0,8.0,1.033570076,0.333570076
2,1,4,6,0.8,11.41,1047.0,5580.0,63,31.0,0.800261486,0.00026148599999997746
2,1,4,8,0.8,25.9,1434.0,10170.0,50,56.5,0.800128721,0.0001287209999999428
2,1,4,9,0.8,26.16,399.0,10620.0,63,59.0,0.800117103,0.00011710300000000728
2,1,4,4,0.7,22.52,983.0,10260.0,63,57.0,0.750068049,0.05006804900000006
2,1,4,10,0.7,22.52,1108.0,10080.0,63,56.0,0.750057359,0.05005735900000008
2,1,4,3,0.7,22.52,1134.0,8460.0,50,57.0,0.750037968,0.050037968000000044
2,1,4,2,0.7,22.94,1363.0,10260.0,50,57.0,0.750031898,0.050031898000000075
2,0,4,9,0.8,3.94,1190.4659913169319,1800.0,0,10.0,0.72830303,-0.07169697000000008
2,1,4,11,0.7,14.89,1501.0,10260.0,50,57.0,0.700170388,0.0001703880000000213
2,1,4,5,0.7,20.4,1352.0,10260.0,50,57.0,0.700063796,6.379600000006036e-05
2,0,4,8,0.8,2.9,1190.4659913169319,1440.0,0,8.0,0.639867424,-0.16013257600000008
2,0,4,11,0.7,4.15,1190.4659913169319,2700.0,0,15.0,0.4276613622499999,-0.27233863775000006
2,0,5,4,0.75,4.3,1190.4659913169319,6000.0,0,20.0,0.978525641,0.22852564099999995
2,0,5,2,0.7,3.94,1190.4659913169319,5100.0,0,17.0,0.912202112,0.21220211200000005
2,1,5,4,0.75,22.52,825.0,10080.0,94,56.0,0.900556277,0.15055627699999996
2,1,5,6,0.8,11.61,916.0,5760.0,75,89.0,0.850410511,0.050410510999999936
2,0,5,9,0.8,3.94,1190.4659913169319,2400.0,0,8.0,0.827147436,0.027147435999999914
2,1,5,8,0.8,25.9,562.0,7470.0,38,56.5,0.800436542,0.0004365419999999842
2,1,5,2,0.7,22.94,1422.0,10500.0,60,57.0,0.800415742,0.10041574200000003
2,1,5,10,0.7,22.52,1206.0,10080.0,75,56.0,0.800020563,0.10002056300000006
2,0,5,5,0.7,4.15,1190.4659913169319,2400.0,0,8.0,0.758173077,0.05817307700000007
2,1,5,5,0.7,20.4,1404.0,10440.0,50,58.0,0.750344828,0.050344828000000064
2,1,5,3,0.7,22.52,1139.0,10260.0,63,57.0,0.750068049,0.05006804900000006
2,1,5,11,0.7,14.89,1735.0,10260.0,50,57.0,0.700170388,0.0001703880000000213
2,1,5,1,0.65,22.94,1595.0,10260.0,34,57.0,0.700029771,0.050029770999999945
2,1,5,12,0.6,15.26,1245.0,6360.0,23,34.0,0.60017284,0.00017284000000006294
2,0,5,8,0.8,2.9,1190.4659913169319,2400.0,0,8.0,0.594871795,-0.20512820500000006
2,1,5,9,0.8,52.614999999999995,757.0,4140.0,29,58.0,0.520237649,-0.279762351
2,0,5,1,0.65,3.94,1190.4659913169319,2400.0,0,8.0,0.505128205,-0.14487179500000003
2,0,5,11,0.7,4.15,1190.4659913169319,2700.0,0,9.0,0.470769231,-0.22923076899999995
3,0,3,7,0.6,3.94,1190.4659913169319,6000.0,0,10.0,0.957638889,0.35763888900000007
3,0,3,10,0.75,3.94,1190.4659913169319,8400.0,0,14.0,0.940701058,0.19070105800000003
3,1,3,4,0.75,22.52,759.0,10080.0,81,56.0,0.849983766,0.09998376600000003
3,1,3,2,0.7,22.94,1510.0,10620.0,60,57.0,0.800302791,0.10030279100000006
3,1,3,6,0.8,11.61,955.0,6360.0,63,32.0,0.800191989,0.000191988999999948
3,1,3,10,0.75,22.52,1328.0,10080.0,55,56.0,0.800020563,0.05002056300000002
3,1,3,1,0.7,22.94,1384.0,12180.0,63,57.0,0.750162367,0.050162367000000097
3,1,3,3,0.7,22.52,1244.0,10260.0,63,57.0,0.750068049,0.05006804900000006
3,0,3,5,0.7,4.15,1190.4659913169319,9000.0,0,15.0,0.742901235,0.04290123500000009
3,1,3,5,0.7,20.4,1480.0,10440.0,40,58.0,0.700250784,0.0002507840000000039
3,1,3,11,0.7,14.89,1863.0,10260.0,50,57.0,0.700170388,0.0001703880000000213
3,0,3,4,0.75,4.3,1190.4659913169319,9000.0,0,15.0,0.670216049,-0.07978395100000002
3,0,3,1,0.7,3.94,1190.4659913169319,15000.0,0,25.0,0.649662222,-0.050337777999999944
3,0,3,2,0.7,3.94,1190.4659913169319,15000.0,0,25.0,0.649662222,-0.050337777999999944
3,0,3,6,0.8,2.9,1190.4659913169319,4800.0,0,8.0,0.626822917,-0.173177083
3,1,3,12,0.6,15.26,1492.0,6960.0,23,34.0,0.600436426,0.0004364260000000453
3,1,3,7,0.6,22.52,1859.0,10260.0,23,57.0,0.60041361,0.0004136100000000642
3,1,3,8,0.8,40.99,980.0,10770.0,30,56.5,0.555500132,-0.244499868
3,0,3,3,0.7,3.94,1190.4659913169319,12000.0,0,20.0,0.460578704,-0.23942129599999995
3,0,3,8,0.8,2.9,1190.4659913169319,4800.0,0,8.0,0.4276613622499999,-0.37233863775000015
3,0,3,12,0.6,4.08,1190.4659913169319,5400.0,0,9.0,0.4276613622499999,-0.17233863775000008
3,0,1,5,0.7,4.15,1190.4659913169319,2700.0,0,15.0,0.966666667,0.2666666670000001
3,0,1,10,0.75,3.94,1190.4659913169319,1800.0,0,10.0,0.937242424,0.18724242400000002
3,0,1,8,0.8,2.9,1190.4659913169319,1620.0,0,9.0,0.910521886,0.1105218859999999
3,1,1,2,0.75,22.94,1606.0,10260.0,94,57.0,0.90064806,0.15064805999999997
3,1,1,4,0.75,22.52,727.0,10260.0,94,57.0,0.900321106,0.15032110600000004
3,0,1,11,0.75,4.15,1190.4659913169319,1800.0,0,10.0,0.896022727,0.14602272699999996
3,0,1,3,0.75,3.94,1190.4659913169319,1440.0,0,8.0,0.895454545,0.145454545
3,0,1,7,0.65,3.94,1190.4659913169319,2160.0,0,12.0,0.870580808,0.22058080800000002
3,0,1,12,0.7,4.08,1190.4659913169319,1620.0,0,9.0,0.858585859,0.158585859
3,1,1,1,0.7,22.94,1472.0,10260.0,75,57.0,0.800643806,0.100643806
3,1,1,10,0.75,22.52,1332.0,10080.0,69,56.0,0.80062987,0.050629869999999966
3,1,1,6,0.8,11.61,1009.0,5640.0,63,32.0,0.800537143,0.0005371429999999622
3,1,1,3,0.75,22.52,1266.0,10260.0,69,57.0,0.80035194,0.050351939999999984
3,1,1,12,0.75,15.26,1316.0,6120.0,40,34.0,0.750079323,7.932300000002002e-05
3,1,1,11,0.75,42.97,1282.0,10260.0,56,57.0,0.750041201,4.120100000004623e-05
3,1,1,5,0.7,20.4,1382.0,10440.0,50,58.0,0.700250784,0.0002507840000000039
3,0,1,4,0.75,4.3,1190.4659913169319,2160.0,0,12.0,0.651515152,-0.09848484800000001
3,1,1,7,0.65,22.52,1295.0,10170.0,26,56.5,0.650416734,0.0004167339999999742
3,1,1,9,0.6,29.12,925.0,6660.0,23,58.0,0.600125217,0.0001252170000000108
3,0,1,2,0.75,3.94,1190.4659913169319,1440.0,0,8.0,0.578314394,-0.17168560600000005
3,0,1,1,0.7,3.94,1190.4659913169319,1440.0,0,8.0,0.578314394,-0.121685606
3,0,1,9,0.6,3.94,1190.4659913169319,1440.0,0,8.0,0.4276613622499999,-0.17233863775000008
3,0,2,5,0.7,4.15,1190.4659913169319,3060.0,0,17.0,0.973796791,0.2737967910000001
3,0,2,2,0.75,3.94,1190.4659913169319,1440.0,0,8.0,0.970075758,0.220075758
3,0,2,1,0.7,3.94,1190.4659913169319,1440.0,0,8.0,0.970075758,0.27007575800000005
3,0,2,3,0.75,3.94,1190.4659913169319,1620.0,0,9.0,0.961784512,0.21178451200000004
3,0,2,10,0.75,3.94,1190.4659913169319,3420.0,0,19.0,0.955151515,0.20515151499999995
3,0,2,4,0.75,4.3,1190.4659913169319,2160.0,0,12.0,0.952020202,0.20202020200000004
3,1,2,4,0.75,22.52,867.0,10260.0,94,57.0,0.900321106,0.15032110600000004
3,1,2,2,0.75,22.94,1636.0,10530.0,81,58.5,0.850223776,0.10022377599999999
3,1,2,1,0.7,22.94,1682.0,10530.0,75,58.5,0.800909609,0.10090960900000001
3,1,2,3,0.75,22.52,1495.0,10350.0,55,57.5,0.800513307,0.05051330700000001
3,1,2,6,0.8,11.61,1181.0,5760.0,63,32.0,0.800386364,0.0003863639999999169
3,1,2,10,0.75,22.52,1413.0,10080.0,69,56.0,0.800020563,0.05002056300000002
3,0,2,7,0.65,3.94,1190.4659913169319,2520.0,0,14.0,0.749188312,0.099188312
3,1,2,7,0.7,22.52,360.0,10170.0,40,56.5,0.7005417,0.0005417000000000893
3,1,2,12,0.7,15.26,1296.0,6120.0,40,34.0,0.70043672,0.00043672000000005706
3,1,2,5,0.7,20.4,1217.0,10440.0,50,58.0,0.700250784,0.0002507840000000039
3,1,2,9,0.65,29.12,1086.0,10440.0,26,58.0,0.650407524,0.00040752399999999245
3,0,2,12,0.7,4.08,1190.4659913169319,1620.0,0,9.0,0.618181818,-0.0818181819999999
3,1,2,11,0.75,42.97,532.0,10260.0,40,57.0,0.59114168,-0.15885832
3,0,2,8,0.8,2.9,1190.4659913169319,720.0,0,4.0,0.4276613622499999,-0.37233863775000015
3,0,0,3,0.75,3.94,1190.4659913169319,1800.0,0,10.0,1.059621212,0.3096212119999999
3,0,0,10,0.75,3.94,1190.4659913169319,3780.0,0,21.0,0.997792208,0.247792208
3,0,0,4,0.75,4.3,1190.4659913169319,2160.0,0,12.0,0.963699495,0.21369949499999996
3,0,0,5,0.7,4.15,1190.4659913169319,2700.0,0,15.0,0.959191919,0.25919191900000005
3,0,0,2,0.75,3.94,1190.4659913169319,1800.0,0,10.0,0.910378788,0.16037878800000005
3,0,0,1,0.7,3.94,1190.4659913169319,1800.0,0,10.0,0.910378788,0.2103787880000001
3,1,0,4,0.8,22.52,1016.0,10170.0,60,56.5,0.850312684,0.050312683999999996
3,1,0,6,0.8,11.61,1072.0,5760.0,50,32.0,0.800386364,0.0003863639999999169
3,1,0,3,0.75,22.52,1584.0,10260.0,69,57.0,0.80035194,0.050351939999999984
3,1,0,2,0.75,22.94,1764.0,10260.0,55,57.0,0.800034024,0.05003402400000001
3,1,0,1,0.7,22.94,1745.0,10440.0,60,58.0,0.800023511,0.10002351100000006
3,1,0,10,0.75,22.52,1250.0,10080.0,55,56.0,0.800020563,0.05002056300000002
3,0,0,12,0.7,4.08,1190.4659913169319,1620.0,0,9.0,0.769292929,0.06929292900000006
3,1,0,5,0.75,20.4,1118.0,10320.0,56,58.0,0.750031447,3.1447000000017766e-05
3,1,0,9,0.7,29.12,1143.0,10440.0,40,58.0,0.70061442,0.0006144200000000044
3,1,0,12,0.7,15.26,1337.0,6120.0,40,34.0,0.70043672,0.00043672000000005706
3,0,0,7,0.65,3.94,1190.4659913169319,1440.0,0,8.0,0.646306818,-0.003693182000000017
3,1,0,8,0.6,15.09,1519.0,360.0,23,52.0,0.600143365,0.0001433650000000064
3,1,4,2,0.75,22.52,1635.0,6840.0,119,57.0,1.000230409,0.25023040900000004
3,1,4,3,0.75,22.52,1299.0,6840.0,119,57.0,1.000230409,0.25023040900000004
3,0,4,10,0.8,3.94,1190.4659913169319,1440.0,0,12.0,0.979527778,0.17952777799999997
3,0,4,4,0.8,4.3,1190.4659913169319,1440.0,0,12.0,0.940625,0.140625
3,1,4,10,0.8,22.52,1134.0,6720.0,70,56.0,0.900129762,0.10012976200000001
3,0,4,3,0.75,3.94,1190.4659913169319,1440.0,0,12.0,0.861875,0.11187499999999995
3,1,4,4,0.8,22.52,1106.0,6780.0,60,56.5,0.850312684,0.050312683999999996
3,0,4,8,0.65,3.94,1190.4659913169319,960.0,0,8.0,0.845458333,0.19545833299999993
3,0,4,12,0.7,4.15,1190.4659913169319,1080.0,0,9.0,0.823555556,0.12355555600000001
3,1,4,1,0.75,22.94,1871.0,6960.0,55,58.0,0.800263218,0.050263218
3,0,4,2,0.75,3.94,1190.4659913169319,1200.0,0,10.0,0.788,0.038000000000000034
3,0,4,1,0.75,3.94,1190.4659913169319,1200.0,0,10.0,0.77815,0.02815000000000001
3,1,4,9,0.7,29.12,1294.0,6960.0,50,58.0,0.700386207,0.0003862070000000273
3,1,4,12,0.7,15.26,1462.0,4080.0,40,34.0,0.700164706,0.00016470600000006996
3,1,4,8,0.65,15.09,976.0,240.0,23,52.0,0.650307143,0.0003071430000000097
3,1,4,6,0.8,30.4,338.0,3840.0,34,32.0,0.622828125,-0.1771718750000001
3,0,4,6,0.8,2.9,1190.4659913169319,960.0,0,8.0,0.6225,-0.1775
3,1,5,2,0.8,22.52,1559.0,6840.0,90,57.0,1.000230409,0.200230409
3,1,5,3,0.8,22.52,1350.0,6840.0,113,57.0,1.000230409,0.200230409
3,0,5,1,0.75,3.94,1190.4659913169319,1200.0,0,10.0,0.9456,0.1956
3,0,5,2,0.8,3.94,1190.4659913169319,1800.0,0,15.0,0.902222222,0.10222222199999997
3,1,5,10,0.8,22.52,1175.0,6720.0,60,56.0,0.850532143,0.050532142999999974
3,1,5,1,0.75,22.94,1868.0,6960.0,81,58.0,0.850362069,0.100362069
3,0,5,10,0.8,3.94,1190.4659913169319,1200.0,0,10.0,0.840533333,0.04053333299999995
3,1,5,5,0.6,20.79,1045.0,6960.0,88,58.0,0.800534483,0.20053448299999999
3,1,5,4,0.8,22.52,1342.0,6780.0,50,56.5,0.800489676,0.0004896759999999389
3,0,5,12,0.75,4.08,1190.4659913169319,1080.0,0,9.0,0.755555556,0.005555556000000017
3,1,5,9,0.7,29.12,1340.0,6960.0,63,58.0,0.750593103,0.050593103000000084
3,1,5,12,0.75,15.26,1429.0,3600.0,45,35.0,0.750283333,0.00028333300000005224
3,0,5,4,0.8,4.3,1190.4659913169319,1440.0,0,12.0,0.722638889,-0.0773611110000001
3,0,5,8,0.65,4.15,1190.4659913169319,960.0,0,8.0,0.553333333,-0.09666666700000004
3,1,5,8,0.7,38.09,336.0,6240.0,0,52.0,0.467693269,-0.23230673099999993
3,0,5,7,0.6,3.94,1190.4659913169319,960.0,0,8.0,0.4276613622499999,-0.17233863775000008
3,1,5,7,0.6,23.54,958.0,6600.0,0,55.0,0.4276613622499999,-0.17233863775000008
4,1,3,2,0.8,22.52,1416.0,6840.0,113,57.0,1.000230409,0.200230409
4,0,3,4,0.8,4.3,1190.4659913169319,1200.0,0,10.0,0.989,0.18899999999999995
4,1,3,3,0.8,22.52,1287.0,6840.0,100,57.0,0.950185965,0.15018596499999992
4,1,3,4,0.8,22.52,1444.0,6900.0,88,57.5,0.9008,0.1008
4,1,3,10,0.8,22.52,1088.0,6720.0,88,56.0,0.900129762,0.10012976200000001
4,0,3,8,0.65,4.15,1190.4659913169319,960.0,0,8.0,0.877552083,0.22755208299999996
4,0,3,11,0.6,2.9,1190.4659913169319,960.0,0,8.0,0.864583333,0.26458333300000003
4,0,3,10,0.8,3.94,1190.4659913169319,1200.0,0,10.0,0.85695,0.056949999999999945
4,0,3,1,0.75,3.94,1190.4659913169319,1200.0,0,10.0,0.853666667,0.10366666700000005
4,1,3,1,0.75,22.94,1579.0,6960.0,81,58.0,0.850362069,0.100362069
4,1,3,9,0.7,29.12,1170.0,6960.0,53,58.0,0.850170115,0.150170115
4,1,3,5,0.65,20.79,1015.0,7080.0,81,59.0,0.800473729,0.150473729
4,0,3,2,0.8,3.94,1190.4659913169319,1200.0,0,10.0,0.773333333,-0.02666666700000009
4,1,3,12,0.75,15.26,1436.0,4200.0,45,35.0,0.750646667,0.0006466670000000452
4,0,3,12,0.75,4.08,1190.4659913169319,1080.0,0,9.0,0.634666667,-0.11533333300000004
4,1,3,11,0.6,20.1,1601.0,4320.0,46,51.0,0.60059761,0.0005976100000000262
4,0,3,3,0.8,3.94,1190.4659913169319,960.0,0,8.0,0.4925,-0.30750000000000005
4,1,3,7,0.65,23.54,830.0,6600.0,0,55.0,0.48792,-0.16208
4,1,1,3,0.8,22.52,1136.0,6960.0,113,58.0,1.000457471,0.200457471
4,1,1,2,0.8,22.52,1397.0,6840.0,113,57.0,1.000230409,0.200230409
4,0,1,2,0.8,3.94,1190.4659913169319,1200.0,0,10.0,0.971866667,0.17186666699999997
4,0,1,3,0.8,3.94,1190.4659913169319,960.0,0,8.0,0.971866667,0.17186666699999997
4,0,1,4,0.8,3.94,1190.4659913169319,1200.0,0,10.0,0.971866667,0.17186666699999997
4,0,1,10,0.8,3.94,1190.4659913169319,1200.0,0,10.0,0.971866667,0.17186666699999997
4,0,1,1,0.75,3.94,1190.4659913169319,1800.0,0,15.0,0.971866667,0.22186666700000002
4,0,1,9,0.75,3.94,1190.4659913169319,240.0,0,2.0,0.971866667,0.22186666700000002
4,0,1,12,0.75,4.08,1190.4659913169319,1080.0,0,9.0,0.971866667,0.22186666700000002
4,0,1,5,0.7,3.94,1190.4659913169319,240.0,0,2.0,0.971866667,0.27186666700000006
4,0,1,7,0.7,3.94,1190.4659913169319,1200.0,0,10.0,0.971866667,0.27186666700000006
4,0,1,8,0.65,3.94,1190.4659913169319,960.0,0,8.0,0.971866667,0.321866667
4,0,1,11,0.65,3.94,1190.4659913169319,600.0,0,5.0,0.971866667,0.321866667
4,0,1,6,0.6,3.94,1190.4659913169319,1200.0,0,10.0,0.971866667,0.37186666700000004
4,1,1,10,0.8,22.52,1116.0,6720.0,93,56.0,0.920236905,0.12023690499999995
4,1,1,4,0.8,22.52,1432.0,6660.0,88,57.5,0.900537069,0.10053706899999992
4,1,1,9,0.75,29.12,1082.0,6840.0,81,57.0,0.850610526,0.10061052599999998
4,1,1,1,0.75,22.94,1502.0,6960.0,81,58.0,0.850362069,0.100362069
4,1,1,12,0.75,15.26,1209.0,4200.0,45,35.0,0.750646667,0.0006466670000000452
4,1,1,5,0.7,50.89,282.0,5880.0,56,59.0,0.656763743,-0.043236257
4,1,1,11,0.65,20.1,1417.0,6480.0,49,54.0,0.650148148,0.0001481479999999591
4,1,1,6,0.6,18.79,799.0,3960.0,23,33.0,0.600710606,0.000710606000000058
4,1,1,7,0.7,23.54,1109.0,6720.0,0,56.0,0.4276613622499999,-0.27233863775000006
0,0,2,8,0.65,4.15,1190.4659913169319,960.0,0,8.0,1.0115625,0.3615624999999999
0,1,2,2,0.8,22.52,1396.0,6900.0,113,57.5,1.000671304,0.20067130399999988
0,1,2,1,0.8,22.94,1582.0,3060.0,113,58.5,1.000402055,0.20040205499999986
0,0,2,1,0.75,3.94,1190.4659913169319,2280.0,0,19.0,0.950438596,0.20043859600000002
0,1,2,3,0.8,22.52,1124.0,6840.0,100,57.0,0.950185965,0.15018596499999992
0,0,2,2,0.8,3.94,1190.4659913169319,1200.0,0,10.0,0.912766667,0.11276666699999993
0,0,2,7,0.7,3.94,1190.4659913169319,2160.0,0,18.0,0.892194444,0.19219444400000008
0,0,2,10,0.8,3.94,1190.4659913169319,1200.0,0,10.0,0.8865,0.08649999999999991
0,1,2,10,0.8,22.52,1282.0,6720.0,75,56.0,0.850532143,0.050532142999999974
0,1,2,4,0.8,22.52,1472.0,7020.0,60,58.5,0.85011396,0.0501139599999999
0,0,2,4,0.8,4.3,1190.4659913169319,1440.0,0,12.0,0.845069444,0.0450694439999999
0,1,2,9,0.75,29.12,1282.0,6960.0,45,58.0,0.750593103,0.0005931030000000392
0,1,2,12,0.75,15.26,1276.0,1440.0,45,35.0,0.750450658,0.0004506579999999927
0,0,2,12,0.75,4.08,1190.4659913169319,1080.0,0,9.0,0.702666667,-0.04733333299999998
0,1,2,11,0.7,20.1,1192.0,6120.0,75,54.0,0.700508929,0.0005089289999999913
0,1,2,6,0.65,18.79,881.0,3960.0,26,33.0,0.651007071,0.0010070709999999705
0,1,2,8,0.6,24.26,1196.0,6600.0,0,55.0,0.466821212,-0.133178788
0,1,2,7,0.7,24.26,1400.0,6720.0,0,56.0,0.4276613622499999,-0.27233863775000006
0,0,2,6,0.6,2.9,1190.4659913169319,1200.0,0,10.0,0.4276613622499999,-0.17233863775000008
0,1,0,1,0.8,22.94,16882.0,7020.0,113,58.5,1.000602279,0.20060227899999994
0,0,0,9,0.75,3.94,1190.4659913169319,960.0,0,8.0,0.994270833,0.24427083299999997
0,1,0,2,0.8,22.52,21385.0,7020.0,88,58.5,0.900158405,0.10015840499999995
0,1,0,3,0.8,22.52,21266.0,6840.0,70,57.0,0.90014152,0.10014151999999998
0,1,0,10,0.8,22.52,21540.0,6720.0,88,56.0,0.900129762,0.10012976200000001
0,0,0,10,0.8,3.94,1190.4659913169319,1200.0,0,10.0,0.85695,0.056949999999999945
0,0,0,4,0.8,4.3,1190.4659913169319,1440.0,0,12.0,0.809236111,0.009236110999999991
0,1,0,12,0.8,15.26,12261.0,3600.0,63,35.0,0.800401961,0.00040196100000000623
0,1,0,4,0.8,22.52,23122.0,5940.0,50,56.5,0.800393224,0.0003932239999999698
0,1,0,9,0.75,29.12,8992.0,6960.0,55,58.0,0.799963218,0.04996321800000003
0,0,0,12,0.75,4.08,1190.4659913169319,1080.0,0,9.0,0.740444444,-0.00955555600000002
0,1,0,11,0.7,20.55,9792.0,6480.0,60,54.0,0.700398148,0.0003981480000000426
0,1,0,6,0.7,18.79,2984.0,3960.0,30,33.0,0.700354545,0.0003545450000000949
0,0,0,8,0.65,4.15,1190.4659913169319,960.0,0,8.0,0.561979167,-0.08802083300000008
0,0,0,1,0.75,3.94,1190.4659913169319,2280.0,0,19.0,0.504596491,-0.24540350899999996
0,1,0,7,0.7,24.26,2698.0,6720.0,0,56.0,0.4276613622499999,-0.27233863775000006
0,0,0,6,0.6,2.9,1190.4659913169319,1200.0,0,10.0,0.4276613622499999,-0.17233863775000008
0,1,0,8,0.65,24.26,1435.0,6600.0,0,55.0,0.4276613622499999,-0.22233863775000012
0,0,4,2,0.8,3.94,1190.4659913169319,2400.0,0,20.0,1.001416667,0.20141666699999994
0,1,4,1,0.8,22.52,1500.0,6900.0,113,57.5,1.000018551,0.20001855099999988
0,1,4,10,0.8,22.52,1188.0,6720.0,90,56.0,0.999995238,0.19999523799999996
0,0,4,1,0.8,3.94,1190.4659913169319,1200.0,0,10.0,0.99485,0.19484999999999997
0,0,4,8,0.7,4.15,1190.4659913169319,960.0,0,8.0,0.976979167,0.276979167
0,1,4,3,0.8,22.52,1112.0,6840.0,100,57.0,0.950185965,0.15018596499999992
0,1,4,2,0.8,22.52,1452.0,6960.0,100,58.0,0.949981609,0.1499816089999999
0,0,4,9,0.75,3.94,1190.4659913169319,1320.0,0,11.0,0.919954545,0.16995454499999996
0,1,4,4,0.8,22.52,340.0,5460.0,63,56.5,0.800434622,0.0004346219999999956
0,1,4,12,0.8,15.26,1029.0,2040.0,50,35.0,0.800259023,0.00025902299999991385
0,0,4,12,0.8,4.08,1190.4659913169319,1080.0,0,9.0,0.778222222,-0.021777778000000025
0,1,4,9,0.75,29.12,1070.0,6960.0,34,58.0,0.750593103,0.0005931030000000392
0,1,4,11,0.7,25.31,946.0,5760.0,60,54.0,0.700513566,0.0005135660000000764
0,1,4,6,0.7,18.79,913.0,4020.0,30,33.5,0.700184577,0.0001845770000000746
0,1,4,8,0.7,24.26,1363.0,6660.0,0,55.5,0.586465465,-0.11353453499999999
0,1,4,7,0.7,24.26,1639.0,6720.0,0,56.0,0.541517857,-0.15848214299999996
0,0,4,4,0.8,4.3,1190.4659913169319,1440.0,0,12.0,0.5375,-0.26250000000000007
0,0,4,6,0.7,2.9,1190.4659913169319,960.0,0,8.0,0.495416667,-0.20458333299999998
0,1,4,5,0.6,30.1,415.0,6960.0,0,58.0,0.4276613622499999,-0.17233863775000008
0,1,5,2,0.8,22.52,1263.0,6900.0,100,57.5,1.05028058,0.25028057999999986
0,1,5,3,0.8,22.52,968.0,6840.0,113,57.0,1.000230409,0.200230409
0,1,5,10,0.8,22.52,1108.0,6720.0,113,56.0,0.999995238,0.19999523799999996
0,0,5,2,0.8,3.94,1190.4659913169319,2160.0,0,18.0,0.966759259,0.166759259
0,0,5,1,0.8,3.94,1190.4659913169319,1200.0,0,10.0,0.929183333,0.12918333299999996
0,0,5,8,0.7,4.15,1190.4659913169319,3000.0,0,25.0,0.915766667,0.21576666700000002
0,1,5,1,0.8,22.52,1532.0,6900.0,88,57.5,0.900147246,0.10014724599999991
0,1,5,12,0.8,15.26,1094.0,4080.0,38,34.0,0.800401961,0.00040196100000000623
0,1,5,9,0.8,22.52,1086.0,6960.0,50,58.0,0.799963218,-3.678200000001297e-05
0,0,5,7,0.7,3.94,1190.4659913169319,960.0,0,8.0,0.779791667,0.07979166700000007
0,0,5,9,0.75,3.94,1190.4659913169319,960.0,0,8.0,0.755166667,0.005166667000000014
0,1,5,6,0.7,18.79,941.0,3360.0,30,33.0,0.700710417,0.0007104170000000742
0,1,5,7,0.7,24.26,1471.0,6960.0,0,58.0,0.700612069,0.0006120689999999929
0,1,5,11,0.7,10.05,1042.0,6120.0,60,53.0,0.700278846,0.00027884600000005477
0,1,5,8,0.7,29.12,1248.0,6840.0,0,57.0,0.700135088,0.00013508800000006094
0,0,5,12,0.8,4.08,1190.4659913169319,1080.0,0,9.0,0.687555556,-0.11244444400000009
0,0,5,6,0.7,2.9,1190.4659913169319,960.0,0,8.0,0.531666667,-0.16833333299999997
0,1,3,2,0.8,22.52,1300.0,6780.0,113,56.5,1.000446018,0.20044601800000006
0,1,3,1,0.8,22.52,1485.0,6900.0,113,57.5,1.000018551,0.20001855099999988
0,1,3,10,0.8,22.52,1039.0,6720.0,113,56.0,0.999995238,0.19999523799999996
0,0,3,2,0.8,3.94,1190.4659913169319,2640.0,0,22.0,0.999924242,0.19992424199999992
0,1,3,3,0.8,22.52,1063.0,6840.0,100,57.0,0.950185965,0.15018596499999992
0,0,3,6,0.7,2.9,1190.4659913169319,960.0,0,8.0,0.9425,0.24250000000000005
0,0,3,12,0.8,4.08,1190.4659913169319,1080.0,0,9.0,0.906666667,0.10666666699999994
0,0,3,7,0.7,3.94,1190.4659913169319,1200.0,0,10.0,0.8471,0.1471
0,0,3,1,0.8,3.94,1190.4659913169319,1440.0,0,12.0,0.845458333,0.045458332999999906
0,1,3,12,0.8,15.26,1083.0,720.0,38,34.0,0.800612676,0.0006126759999999232
0,1,3,9,0.8,29.12,1069.0,6960.0,50,58.0,0.799963218,-3.678200000001297e-05
0,0,3,10,0.8,3.94,1190.4659913169319,960.0,0,8.0,0.771583333,-0.028416667000000007
0,1,3,11,0.75,10.05,668.0,2520.0,34,26.0,0.7504,0.00039999999999995595
0,1,3,6,0.7,18.79,766.0,2760.0,30,33.0,0.700079032,7.903200000003441e-05
0,1,3,5,0.7,30.1,557.0,6960.0,0,58.0,0.562212644,-0.13778735599999992
0,1,3,8,0.7,24.26,1167.0,6840.0,0,57.0,0.496549708,-0.20345029199999998
0,0,1,2,0.8,3.94,1190.4659913169319,3000.0,0,25.0,1.050666667,0.25066666699999995
0,1,1,2,0.8,22.52,1186.0,6900.0,113,58.0,1.000018551,0.20001855099999988
0,1,1,3,0.8,22.52,1060.0,6840.0,100,57.0,0.950185965,0.15018596499999992
0,1,1,1,0.8,22.52,1534.0,6780.0,88,57.0,0.900135693,0.10013569299999991
0,1,1,10,0.8,22.52,1142.0,6720.0,88,56.0,0.900129762,0.10012976200000001
0,0,1,12,0.8,4.08,1190.4659913169319,1080.0,0,9.0,0.899111111,0.09911111099999992
0,0,1,1,0.8,3.94,1190.4659913169319,1200.0,0,10.0,0.870083333,0.07008333299999991
0,0,1,6,0.75,2.9,1190.4659913169319,960.0,0,8.0,0.845833333,0.09583333299999997
0,1,1,12,0.8,15.26,1021.0,4080.0,63,34.0,0.800401961,0.00040196100000000623
0,1,1,9,0.8,29.12,829.0,6960.0,50,58.0,0.799963218,-3.678200000001297e-05
0,0,1,9,0.8,3.94,1190.4659913169319,960.0,0,8.0,0.771583333,-0.028416667000000007
0,1,1,6,0.75,18.79,813.0,1560.0,34,33.0,0.750520115,0.0005201150000000432
0,1,1,11,0.75,10.05,677.0,3240.0,45,27.0,0.750027778,2.777799999997832e-05
0,0,1,7,0.7,3.94,1190.4659913169319,1200.0,0,10.0,0.715766667,0.015766667000000067
0,1,1,4,0.6,30.1,486.0,6780.0,30,57.0,0.600224189,0.00022418899999998576
0,1,1,5,0.7,30.1,687.0,7500.0,0,59.0,0.545657673,-0.15434232699999995
0,0,1,4,0.8,4.3,1190.4659913169319,960.0,0,8.0,0.447916667,-0.35208333300000005
1,1,2,2,0.8,22.52,1233.0,6900.0,113,57.5,1.000018551,0.20001855099999988
1,0,2,7,0.7,4.15,1190.4659913169319,1440.0,0,12.0,0.928680556,0.22868055600000003
1,1,2,10,0.8,22.52,1388.0,6720.0,88,56.0,0.9008,0.1008
1,1,2,1,0.8,22.52,1615.0,6780.0,88,56.5,0.900135693,0.10013569299999991
1,1,2,3,0.8,22.52,1283.0,6720.0,88,56.0,0.900129762,0.10012976200000001
1,0,2,1,0.8,3.94,1190.4659913169319,1200.0,0,10.0,0.893066667,0.09306666699999999
1,0,2,12,0.8,4.08,1190.4659913169319,1080.0,0,9.0,0.891555556,0.09155555599999998
1,0,2,2,0.8,3.94,1190.4659913169319,2160.0,0,18.0,0.875555556,0.07555555599999997
1,0,2,8,0.7,4.15,1190.4659913169319,1800.0,0,15.0,0.840888889,0.14088888900000007
1,1,2,12,0.8,15.26,1026.0,2880.0,63,34.0,0.800355208,0.00035520799999999575
1,1,2,9,0.8,29.12,909.0,6960.0,50,58.0,0.799963218,-3.678200000001297e-05
1,1,2,6,0.75,18.79,670.0,3960.0,34,33.0,0.75065101,0.0006510100000000074
1,1,2,11,0.75,10.05,629.0,3240.0,45,27.0,0.750027778,2.777799999997832e-05
1,1,2,5,0.7,30.1,754.0,7020.0,0,58.5,0.700618234,0.0006182340000000508
1,0,2,6,0.75,2.9,1190.4659913169319,960.0,0,8.0,0.610208333,-0.139791667
1,0,2,9,0.8,3.94,1190.4659913169319,960.0,0,8.0,0.607416667,-0.19258333300000008
1,1,2,4,0.65,30.1,712.0,6780.0,44,56.5,0.568259587,-0.08174041300000001
1,1,2,7,0.7,24.26,148.0,6960.0,0,58.0,0.4276613622499999,-0.27233863775000006
1,1,2,8,0.7,24.26,154.0,6840.0,0,57.0,0.4276613622499999,-0.27233863775000006
1,0,0,2,0.8,3.94,1190.4659913169319,2160.0,0,18.0,1.057962963,0.257962963
1,0,0,1,0.8,3.94,1190.4659913169319,1200.0,0,10.0,0.962016667,0.16201666699999995
1,1,0,10,0.8,22.52,1127.0,120.0,88,56.0,0.9008,0.1008
1,1,0,1,0.8,22.52,1506.0,3600.0,70,57.0,0.900509044,0.10050904399999994
1,1,0,2,0.8,22.52,1413.0,360.0,70,57.0,0.900477825,0.10047782499999991
1,0,0,6,0.75,2.9,1190.4659913169319,960.0,0,8.0,0.888125,0.13812500000000005
1,1,0,12,0.8,15.26,970.0,4080.0,63,34.0,0.800401961,0.00040196100000000623
1,1,0,3,0.8,22.52,1271.0,5400.0,50,57.0,0.800161172,0.00016117199999998721
1,1,0,9,0.8,29.12,1073.0,6960.0,50,58.0,0.799963218,-3.678200000001297e-05
1,1,0,4,0.7,30.1,767.0,3300.0,50,57.0,0.790003236,0.09000323600000004
1,1,0,11,0.75,10.05,103.0,0.0,45,54.0,0.750648148,0.000648148000000015
1,1,0,5,0.7,30.1,773.0,7020.0,40,58.0,0.700618234,0.0006182340000000508
1,0,0,9,0.8,3.94,1190.4659913169319,960.0,0,8.0,0.697708333,-0.10229166700000003
1,1,0,6,0.75,18.79,708.0,4080.0,0,34.0,0.612517157,-0.13748284300000002
1,0,0,12,0.8,4.08,1190.4659913169319,1080.0,0,9.0,0.4276613622499999,-0.37233863775000015
1,0,4,12,0.8,4.08,1190.4659913169319,1080.0,0,9.0,1.004888889,0.20488888900000002
1,0,4,2,0.8,3.94,1190.4659913169319,2160.0,0,18.0,0.966759259,0.166759259
1,1,4,10,0.8,22.52,1268.0,0.0,88,56.0,0.90063244,0.10063243999999993
1,1,4,1,0.8,22.52,1546.0,0.0,88,57.0,0.90047076,0.10047075999999999
1,1,4,3,0.8,22.52,813.0,0.0,88,57.0,0.90047076,0.10047075999999999
1,1,4,2,0.8,22.52,1512.0,0.0,88,57.0,0.899984058,0.09998405799999999
1,0,4,1,0.8,3.94,1190.4659913169319,1440.0,0,12.0,0.853666667,0.053666667
1,1,4,9,0.8,29.12,1263.0,2160.0,38,58.0,0.8008,0.0007999999999999119
1,1,4,12,0.8,15.26,900.0,4080.0,50,34.0,0.800401961,0.00040196100000000623
1,0,4,4,0.7,4.15,1190.4659913169319,1800.0,0,15.0,0.796755556,0.09675555600000008
1,1,4,6,0.75,18.79,640.0,2400.0,0,34.0,0.750797009,0.0007970090000000152
1,1,4,11,0.8,10.05,13.0,3240.0,34,54.0,0.750648148,-0.04935185200000003
1,1,4,5,0.75,30.1,855.0,7020.0,45,58.0,0.750356125,0.00035612500000004044
1,1,4,4,0.7,30.1,855.0,7020.0,40,58.0,0.700618234,0.0006182340000000508
1,0,4,9,0.8,3.94,1190.4659913169319,960.0,0,8.0,0.6895,-0.11050000000000004
1,0,4,6,0.75,2.9,1190.4659913169319,960.0,0,8.0,0.628333333,-0.12166666699999995
1,0,5,4,0.7,4.15,1190.4659913169319,1800.0,0,15.0,1.033155556,0.33315555600000013
1,0,5,12,0.8,4.08,1190.4659913169319,1080.0,0,9.0,1.02,0.21999999999999997
1,1,5,2,0.8,22.52,1557.0,0.0,90,57.5,1.000344928,0.20034492800000003
1,1,5,1,0.8,22.52,1498.0,0.0,113,57.0,1.000065789,0.20006578899999994
1,0,5,2,0.8,3.94,1190.4659913169319,2160.0,0,18.0,0.912037037,0.112037037
1,0,5,5,0.7,4.15,1190.4659913169319,240.0,0,2.0,0.87,0.17000000000000004
1,1,5,10,0.8,22.52,598.0,0.0,75,56.0,0.850364583,0.05036458299999991
1,1,5,6,0.8,18.79,656.0,3480.0,38,34.0,0.800947475,0.0009474749999999199
1,1,5,12,0.8,15.26,854.0,4080.0,50,34.0,0.800401961,0.00040196100000000623
1,1,5,9,0.8,29.12,609.0,3240.0,50,58.0,0.800144144,0.0001441439999999572
1,1,5,5,0.75,30.1,788.0,7380.0,56,59.5,0.750406233,0.0004062329999999781
1,1,5,8,0.6,30.1,1069.0,4560.0,30,58.0,0.714410494,0.11441049400000003
1,1,5,4,0.7,30.1,667.0,5940.0,40,59.5,0.700588406,0.0005884060000000968
1,0,5,1,0.8,3.94,1190.4659913169319,1440.0,0,12.0,0.618361111,-0.18163888900000003
1,1,5,7,0.6,30.1,829.0,3360.0,23,58.0,0.600070513,7.051300000004979e-05
1,0,5,9,0.8,3.94,1190.4659913169319,960.0,0,8.0,0.54175,-0.2582500000000001
1,1,5,3,0.8,22.52,11.0,6840.0,0,57.0,0.536901754,-0.2630982460000001
1,0,3,4,0.7,4.15,1190.4659913169319,1800.0,0,15.0,1.096633333,0.39663333300000003
1,1,3,2,0.8,22.52,1327.0,0.0,113,57.5,1.000344928,0.20034492800000003
1,0,3,12,0.8,4.08,1190.4659913169319,1080.0,0,9.0,0.838666667,0.03866666699999999
1,1,3,12,0.8,15.26,894.0,4080.0,50,34.0,0.800401961,0.00040196100000000623
1,1,3,5,0.75,30.1,610.0,7080.0,56,59.0,0.750799435,0.000799435000000015
1,1,3,6,0.8,18.79,779.0,3960.0,0,33.0,0.688017677,-0.111982323
1,0,3,1,0.8,3.94,1190.4659913169319,1440.0,0,12.0,0.664875,-0.13512500000000005
1,0,3,9,0.8,3.94,1190.4659913169319,960.0,0,8.0,0.656666667,-0.14333333300000006
1,1,3,4,0.7,30.1,419.0,7080.0,0,59.0,0.637711864,-0.06228813599999994
1,0,3,2,0.8,3.94,1190.4659913169319,2160.0,0,18.0,0.601944444,-0.19805555600000002
1,0,3,5,0.7,4.15,1190.4659913169319,240.0,0,2.0,0.58,-0.12
1,1,3,7,0.65,30.1,909.0,7080.0,0,59.0,0.535677966,-0.11432203400000007
1,1,3,9,0.8,29.12,14.0,6960.0,0,58.0,0.497885057,-0.302114943
1,1,3,8,0.65,30.1,1193.0,7080.0,0,59.0,0.463403955,-0.18659604500000004
1,1,3,10,0.8,22.52,10.0,6000.0,0,50.0,0.441392,-0.35860800000000004
1,1,1,1,0.8,22.52,1416.0,6840.0,113,57.0,1.000230409,0.200230409
1,0,1,7,0.7,4.15,1190.4659913169319,1800.0,0,15.0,0.929277778,0.22927777800000004
1,0,1,4,0.75,4.15,1190.4659913169319,2400.0,0,20.0,0.902916667,0.15291666699999995
1,0,1,12,0.8,4.08,1190.4659913169319,1080.0,0,9.0,0.800888889,0.0008888889999999483
1,1,1,12,0.8,15.26,942.0,4080.0,63,34.0,0.800401961,0.00040196100000000623
1,1,1,2,0.8,22.52,674.0,3660.0,63,57.0,0.80037492,0.0003749199999999453
1,0,1,1,0.8,3.94,1190.4659913169319,1440.0,0,12.0,0.796208333,-0.0037916669999999986
1,1,1,4,0.75,30.1,481.0,7140.0,0,59.0,0.750392157,0.0003921569999999486
1,1,1,5,0.75,30.1,664.0,7140.0,56,59.0,0.750392157,0.0003921569999999486
1,0,1,8,0.7,4.15,1190.4659913169319,960.0,0,8.0,0.725625,0.02562500000000001
1,1,1,8,0.7,30.1,824.0,5160.0,0,60.0,0.700206125,0.00020612500000005696
1,1,1,7,0.7,30.1,957.0,7200.0,0,60.0,0.602,-0.09799999999999998
1,1,1,11,0.6,11.41,1039.0,2280.0,23,55.0,0.600447507,0.00044750700000006916
1,1,1,6,0.8,18.79,822.0,4080.0,0,34.0,0.557252451,-0.24274754900000006
1,0,1,6,0.8,2.9,1190.4659913169319,960.0,0,8.0,0.483333333,-0.31666666700000007
1,0,1,9,0.8,3.94,1190.4659913169319,960.0,0,8.0,0.4276613622499999,-0.37233863775000015
2,0,2,1,0.8,3.94,1190.4659913169319,960.0,0,8.0,1.1041092562500001,0.30410925625000007
2,0,2,2,0.8,3.94,1190.4659913169319,960.0,0,8.0,1.1041092562500001,0.30410925625000007
2,1,2,1,0.8,22.52,1420.0,6840.0,113,57.0,1.000230409,0.200230409
2,0,2,12,0.8,4.08,1190.4659913169319,1080.0,0,9.0,0.876444444,0.07644444399999994
2,1,2,12,0.8,15.26,1120.0,1440.0,50,34.0,0.800806306,0.0008063059999999789
2,0,2,5,0.75,4.15,1190.4659913169319,240.0,0,2.0,0.760833333,0.010833333
2,1,2,5,0.8,30.1,679.0,7140.0,0,59.5,0.722568627,-0.07743137300000003
2,0,2,11,0.6,2.9,1190.4659913169319,1200.0,0,10.0,0.715333333,0.11533333300000004
2,1,2,7,0.7,30.1,881.0,7080.0,0,59.0,0.700632768,0.0006327680000000058
2,1,2,6,0.75,18.79,814.0,4080.0,0,34.0,0.681598039,-0.06840196099999996
2,1,2,11,0.65,11.41,700.0,2640.0,23,53.0,0.650223718,0.00022371799999998387
2,0,2,8,0.7,4.15,1190.4659913169319,960.0,0,8.0,0.605208333,-0.09479166699999997
2,0,2,6,0.8,2.9,1190.4659913169319,960.0,0,8.0,0.604166667,-0.19583333300000005
2,1,2,4,0.75,30.1,919.0,7140.0,0,59.5,0.598627451,-0.15137254899999997
2,1,2,3,0.6,30.1,1361.0,6960.0,30,58.0,0.475718391,-0.12428160899999996
2,1,2,2,0.8,22.52,12.0,6900.0,0,57.5,0.432122899,-0.36787710100000004
2,0,2,4,0.75,4.15,1190.4659913169319,2400.0,0,20.0,0.4276613622499999,-0.3223386377500001
2,1,0,1,0.8,22.52,1422.0,6840.0,113,57.0,1.000230409,0.200230409
2,0,0,9,0.8,3.94,1190.4659913169319,1200.0,0,10.0,0.960433333,0.16043333299999996
2,0,0,12,0.8,4.08,1190.4659913169319,1080.0,0,9.0,0.891555556,0.09155555599999998
2,1,0,3,0.65,30.1,1263.0,600.0,63,58.0,0.802243319,0.152243319
2,1,0,5,0.8,30.1,461.0,0.0,0,59.0,0.800980392,0.0009803919999999966
2,1,0,12,0.8,15.26,1079.0,3720.0,38,34.0,0.800312375,0.00031237499999992036
2,0,0,6,0.8,2.9,1190.4659913169319,960.0,0,8.0,0.773333333,-0.02666666700000009
2,1,0,6,0.75,18.79,895.0,3960.0,0,33.0,0.75065101,0.0006510100000000074
2,1,0,4,0.75,30.1,912.0,7020.0,0,58.0,0.750356125,0.00035612500000004044
2,0,0,4,0.75,4.15,1190.4659913169319,1800.0,0,15.0,0.722333333,-0.027666666999999978
2,1,0,7,0.7,30.1,784.0,600.0,30,59.0,0.700459889,0.0004598890000000466
2,0,0,5,0.75,4.15,1190.4659913169319,1200.0,0,10.0,0.629416667,-0.12058333300000001
2,1,0,11,0.7,11.41,680.0,2160.0,30,54.0,0.565972222,-0.134027778
2,1,0,10,0.6,18.22,1131.0,5280.0,0,44.0,0.4276613622499999,-0.17233863775000008
2,1,0,9,0.6,18.79,2103.0,5400.0,0,54.0,0.4276613622499999,-0.17233863775000008
2,0,0,7,0.7,4.15,1190.4659913169319,1800.0,0,15.0,0.4276613622499999,-0.27233863775000006
2,1,4,1,0.8,22.52,1445.0,6840.0,113,57.0,1.000230409,0.200230409
2,0,4,10,0.8,3.94,1190.4659913169319,960.0,0,8.0,0.927541667,0.12754166699999991
2,0,4,7,0.7,5.13,1190.4659913169319,1200.0,0,10.0,0.91375,0.21375
2,0,4,12,0.8,5.13,1190.4659913169319,1080.0,0,9.0,0.9025,0.10249999999999992
2,1,4,12,0.8,15.26,1133.0,4080.0,38,34.0,0.800401961,0.00040196100000000623
2,1,4,6,0.75,18.79,726.0,3360.0,0,33.0,0.750621354,0.0006213539999999629
2,1,4,4,0.75,30.1,849.0,7020.0,45,58.0,0.750356125,0.00035612500000004044
2,0,4,6,0.8,2.9,1190.4659913169319,960.0,0,8.0,0.749166667,-0.050833333000000036
2,1,4,7,0.7,30.1,562.0,840.0,30,59.0,0.700888203,0.0008882030000000318
2,1,4,11,0.7,11.41,1054.0,3420.0,30,56.0,0.700614035,0.0006140350000000128
2,1,4,3,0.7,30.1,1422.0,6960.0,50,58.0,0.700603448,0.0006034480000000064
2,0,4,4,0.75,5.13,1190.4659913169319,960.0,0,8.0,0.656666667,-0.09333333300000002
2,1,4,5,0.8,30.1,680.0,7140.0,0,59.0,0.653431373,-0.14656862700000006
2,1,4,9,0.65,18.79,2120.0,5520.0,0,51.0,0.650134,0.00013399999999996748
2,0,4,9,0.8,3.94,1190.4659913169319,960.0,0,8.0,0.586041667,-0.213958333
2,0,4,2,0.8,5.13,1190.4659913169319,1800.0,0,15.0,0.5814,-0.21860000000000002
2,0,5,12,0.8,5.13,1190.4659913169319,1200.0,0,10.0,0.9918,0.19179999999999997
2,0,5,6,0.8,2.9,1190.4659913169319,1440.0,0,12.0,0.936861111,0.13686111099999998
2,0,5,2,0.8,5.13,1190.4659913169319,1440.0,0,12.0,0.919125,0.11912499999999993
2,1,5,11,0.7,11.41,685.0,3360.0,30,56.0,0.8211125,0.12111250000000007
2,1,5,4,0.8,30.1,864.0,480.0,50,58.0,0.800980392,0.0009803919999999966
2,1,5,5,0.8,30.1,511.0,0.0,0,59.0,0.800980392,0.0009803919999999966
2,1,5,12,0.8,15.26,1095.0,4080.0,63,34.0,0.800401961,0.00040196100000000623
2,1,5,1,0.8,22.52,1374.0,3960.0,63,57.0,0.800279693,0.00027969299999996977
2,1,5,6,0.75,18.79,759.0,3960.0,34,33.0,0.75065101,0.0006510100000000074
2,1,5,7,0.75,30.1,553.0,2280.0,45,59.0,0.75053268,0.0005326799999999521
2,0,5,4,0.75,5.13,1190.4659913169319,960.0,0,8.0,0.734645833,-0.01535416700000003
2,1,5,3,0.7,30.1,1057.0,0.0,40,58.0,0.700603448,0.0006034480000000064
2,1,5,9,0.7,18.79,1587.0,4560.0,30,51.0,0.70009573,9.573000000007159e-05
2,0,5,7,0.7,5.13,1190.4659913169319,960.0,0,8.0,0.671875,-0.028124999999999956
2,0,5,10,0.8,3.94,1190.4659913169319,960.0,0,8.0,0.64025,-0.15975000000000006
2,0,5,8,0.7,5.13,1190.4659913169319,960.0,0,8.0,0.58,-0.12
2,0,5,9,0.8,3.94,1190.4659913169319,960.0,0,8.0,0.549791667,-0.250208333
2,1,5,2,0.6,30.33,868.0,6840.0,0,57.0,0.4276613622499999,-0.17233863775000008
2,1,3,12,0.8,15.26,1126.0,1080.0,38,34.0,0.800711494,0.0007114939999999237
2,1,3,1,0.8,22.52,265.0,3840.0,63,57.0,0.800470513,0.00047051300000000573
2,1,3,4,0.8,30.1,859.0,7020.0,63,58.5,0.800094017,9.40170000000018e-05
2,0,3,6,0.8,2.9,1190.4659913169319,4320.0,0,18.0,0.785864198,-0.014135802000000086
2,1,3,6,0.75,18.79,899.0,3960.0,56,33.0,0.75065101,0.0006510100000000074
2,0,3,10,0.8,3.94,1190.4659913169319,2400.0,0,10.0,0.733277778,-0.066722222
2,0,3,2,0.8,5.13,1190.4659913169319,3600.0,0,15.0,0.710125,-0.08987500000000004
2,1,3,3,0.7,30.1,247.0,6960.0,50,58.0,0.700603448,0.0006034480000000064
2,1,3,11,0.7,11.41,653.0,3480.0,30,58.0,0.700540441,0.0005404410000000581
2,1,3,8,0.7,29.4,1116.0,6240.0,0,57.0,0.7,0.0
2,0,3,4,0.75,5.13,1190.4659913169319,1920.0,0,8.0,0.684027778,-0.06597222199999997
2,0,3,8,0.7,5.13,1190.4659913169319,1920.0,0,8.0,0.672135417,-0.027864582999999943
2,1,3,9,0.7,18.79,1603.0,6120.0,30,51.0,0.638614379,-0.061385621
2,0,3,5,0.75,5.13,1190.4659913169319,1920.0,0,8.0,0.631354167,-0.11864583299999998
2,0,3,12,0.8,5.13,1190.4659913169319,2160.0,0,9.0,0.609583333,-0.19041666700000004
2,1,3,2,0.65,30.33,841.0,6840.0,0,57.0,0.585315789,-0.06468421099999999
2,1,3,10,0.7,19.68,1410.0,5760.0,0,48.0,0.4276613622499999,-0.27233863775000006
3,0,2,6,0.8,2.9,1190.4659913169319,960.0,0,8.0,0.8319375,0.03193749999999995
3,0,2,2,0.8,5.13,1190.4659913169319,4800.0,0,20.0,0.8300625,0.030062499999999992
3,0,2,11,0.6,2.9,1190.4659913169319,2880.0,0,12.0,0.805555556,0.20555555599999997
3,1,2,12,0.8,15.26,1103.0,4080.0,63,34.0,0.800401961,0.00040196100000000623
3,1,2,4,0.8,30.1,922.0,5820.0,63,59.0,0.80000295,2.9499999999460513e-06
3,0,2,12,0.8,5.13,1190.4659913169319,2400.0,0,10.0,0.78375,-0.016250000000000098
3,0,2,9,0.8,3.94,1190.4659913169319,2400.0,0,10.0,0.753525,-0.046475000000000044
3,1,2,6,0.75,18.79,1055.0,3960.0,45,33.0,0.75065101,0.0006510100000000074
3,0,2,1,0.8,3.94,1190.4659913169319,2880.0,0,12.0,0.727349537,-0.072650463
3,1,2,8,0.7,29.4,1146.0,6840.0,40,57.0,0.700614035,0.0006140350000000128
3,1,2,2,0.7,30.33,746.0,6840.0,0,57.0,0.700605263,0.000605263000000078
3,1,2,11,0.75,11.41,834.0,3480.0,0,58.0,0.672140805,-0.07785919500000005
3,1,2,9,0.7,18.79,1717.0,3240.0,30,57.0,0.627011183,-0.07298881699999993
3,1,2,3,0.7,30.1,1041.0,8160.0,33,58.0,0.626577778,-0.07342222199999993
3,1,2,10,0.7,21.25,1531.0,6000.0,0,50.0,0.456875,-0.24312499999999998
3,0,2,10,0.8,3.94,1190.4659913169319,960.0,0,8.0,0.4276613622499999,-0.37233863775000015
3,0,2,7,0.7,5.13,1190.4659913169319,960.0,0,8.0,0.4276613622499999,-0.27233863775000006
3,0,0,10,0.8,3.94,1190.4659913169319,2400.0,0,20.0,0.955791667,0.1557916669999999
3,0,0,8,0.7,5.13,1190.4659913169319,960.0,0,8.0,0.930416667,0.23041666700000007
3,0,0,12,0.8,5.13,1190.4659913169319,1080.0,0,9.0,0.9025,0.10249999999999992
3,0,0,3,0.8,5.13,1190.4659913169319,2160.0,0,18.0,0.87115,0.07114999999999994
3,1,0,12,0.8,15.26,1060.0,4080.0,63,34.0,0.800401961,0.00040196100000000623
3,1,0,4,0.8,30.1,891.0,7140.0,38,59.0,0.800137255,0.00013725499999994728
3,1,0,5,0.8,30.1,541.0,7140.0,38,59.0,0.800137255,0.00013725499999994728
3,1,0,7,0.75,30.1,709.0,6960.0,45,58.0,0.750770115,0.0007701150000000156
3,1,0,6,0.75,18.79,1100.0,3960.0,45,33.0,0.75065101,0.0006510100000000074
3,1,0,11,0.75,11.41,826.0,2820.0,0,58.0,0.750293939,0.0002939389999999653
3,1,0,2,0.7,30.33,577.0,2160.0,30,58.0,0.700623,0.0006230000000000402
3,1,0,8,0.7,29.4,1094.0,6840.0,40,57.0,0.700614035,0.0006140350000000128
3,1,0,3,0.7,29.4,1228.0,6960.0,30,58.0,0.700362069,0.0003620690000000204
3,1,0,9,0.7,18.79,1641.0,6000.0,40,50.0,0.60128,-0.09871999999999992
3,1,0,10,0.7,21.25,1583.0,6000.0,0,50.0,0.4276613622499999,-0.27233863775000006
3,0,0,6,0.8,2.9,1190.4659913169319,960.0,0,8.0,0.4276613622499999,-0.37233863775000015
3,0,0,9,0.8,2.9,1190.4659913169319,960.0,0,8.0,0.4276613622499999,-0.37233863775000015
3,0,0,2,0.8,5.13,1190.4659913169319,960.0,0,8.0,0.4276613622499999,-0.37233863775000015
3,0,0,7,0.7,5.13,1190.4659913169319,960.0,0,8.0,0.4276613622499999,-0.27233863775000006
3,0,4,10,0.7,2.9,1190.4659913169319,1800.0,0,15.0,0.902222222,0.20222222200000006
3,0,4,3,0.8,4.6,1190.4659913169319,1440.0,0,12.0,0.811388889,0.011388888999999902
3,1,4,12,0.8,15.26,1062.0,4080.0,50,34.0,0.800401961,0.00040196100000000623
3,1,4,5,0.8,30.1,450.0,7140.0,50,60.0,0.800137255,0.00013725499999994728
3,1,4,4,0.8,30.1,901.0,6480.0,50,59.0,0.800071839,7.183899999996246e-05
3,0,4,8,0.7,4.6,1190.4659913169319,960.0,0,8.0,0.791458333,0.09145833300000006
3,1,4,7,0.75,30.1,739.0,5640.0,45,59.0,0.750727326,0.0007273260000000281
3,1,4,6,0.75,18.79,913.0,3360.0,45,33.0,0.75065101,0.0006510100000000074
3,1,4,11,0.75,11.61,698.0,3360.0,34,57.0,0.750437269,0.0004372689999999624
3,1,4,3,0.75,29.4,1172.0,5340.0,45,60.0,0.750176991,0.00017699100000001522
3,0,4,6,0.75,2.9,1190.4659913169319,1800.0,0,15.0,0.726933333,-0.02306666700000004
3,0,4,9,0.7,2.9,1190.4659913169319,1800.0,0,15.0,0.726933333,0.026933333000000004
3,1,4,2,0.7,30.33,408.0,1680.0,30,59.0,0.700623,0.0006230000000000402
3,1,4,8,0.7,29.4,1079.0,4560.0,40,58.0,0.700518519,0.0005185189999999951
3,1,4,9,0.7,18.79,1068.0,3000.0,30,52.0,0.700256795,0.00025679500000008737
3,0,4,11,0.7,2.9,1190.4659913169319,960.0,0,8.0,0.5046875,-0.1953125
3,1,4,10,0.7,21.25,1834.0,6360.0,0,53.0,0.471108491,-0.22889150899999994
3,0,4,2,0.7,3.9,1190.4659913169319,960.0,0,8.0,0.4276613622499999,-0.27233863775000006
3,1,4,1,0.6,22.53,708.0,5040.0,0,42.0,0.4276613622499999,-0.17233863775000008
3,1,5,9,0.75,18.79,1085.0,6240.0,56,52.0,0.970816667,0.22081666700000002
3,0,5,5,0.8,4.6,1190.4659913169319,1080.0,0,9.0,0.902962963,0.10296296299999996
3,0,5,3,0.8,4.6,1190.4659913169319,2400.0,0,20.0,0.900833333,0.10083333299999997
3,0,5,12,0.8,4.6,1190.4659913169319,1800.0,0,15.0,0.899555556,0.09955555599999999
3,0,5,10,0.7,2.9,1190.4659913169319,1200.0,0,10.0,0.845833333,0.145833333
3,1,5,4,0.8,30.1,323.0,4080.0,50,59.0,0.800808642,0.0008086419999999706
3,1,5,12,0.8,15.26,1053.0,4080.0,50,34.0,0.800401961,0.00040196100000000623
3,1,5,7,0.8,30.1,786.0,7080.0,50,59.0,0.800115819,0.00011581899999990597
3,1,5,6,0.75,18.79,1003.0,3960.0,45,33.0,0.75065101,0.0006510100000000074
3,1,5,11,0.75,11.61,635.0,3360.0,45,57.0,0.750503571,0.0005035709999999805
3,1,5,3,0.75,29.4,1283.0,6960.0,45,58.0,0.750206897,0.00020689699999998368
3,1,5,8,0.7,29.4,847.0,6960.0,30,58.0,0.700362069,0.0003620690000000204
3,1,5,2,0.7,30.33,361.0,3960.0,30,58.0,0.700069811,6.981100000003071e-05
3,1,5,10,0.7,21.82,1653.0,6240.0,0,52.0,0.700058333,5.8333000000021507e-05
3,0,5,7,0.75,4.6,1190.4659913169319,960.0,0,8.0,0.676666667,-0.073333333
3,0,5,8,0.7,4.6,1190.4659913169319,960.0,0,8.0,0.658541667,-0.0414583329999999
3,1,5,5,0.8,30.1,15.0,1200.0,49,59.0,0.598792339,-0.2012076610000001
3,1,5,1,0.65,22.53,762.0,5040.0,0,42.0,0.581130952,-0.06886904800000004
3,0,5,2,0.7,3.9,1190.4659913169319,960.0,0,8.0,0.440375,-0.25962499999999994
3,0,5,6,0.75,2.9,1190.4659913169319,960.0,0,8.0,0.4276613622499999,-0.3223386377500001
3,0,5,9,0.7,2.9,1190.4659913169319,960.0,0,8.0,0.4276613622499999,-0.27233863775000006
3,0,3,3,0.8,4.6,1190.4659913169319,6300.0,0,15.0,0.921703704,0.12170370399999997
3,0,3,5,0.8,4.6,1190.4659913169319,7560.0,0,18.0,0.921604938,0.12160493799999994
3,1,3,7,0.8,30.1,694.0,4080.0,50,59.0,0.800808642,0.0008086419999999706
3,1,3,11,0.8,11.61,816.0,2820.0,50,57.0,0.800516667,0.0005166669999999707
3,1,3,12,0.8,15.26,1065.0,4080.0,63,34.0,0.800401961,0.00040196100000000623
3,1,3,6,0.75,18.79,912.0,3960.0,45,33.0,0.75065101,0.0006510100000000074
3,1,3,3,0.75,29.4,1244.0,6840.0,45,57.0,0.750473684,0.00047368400000002975
3,1,3,9,0.75,18.79,1020.0,5640.0,45,52.0,0.750371895,0.00037189500000001097
3,1,3,8,0.75,29.4,916.0,6960.0,56,58.0,0.750206897,0.00020689699999998368
3,1,3,10,0.7,21.82,1591.0,3240.0,0,52.0,0.700251773,0.0002517730000000107
3,1,3,2,0.7,30.33,398.0,6960.0,0,58.0,0.66237931,-0.0376206899999999
3,0,3,12,0.8,4.6,1190.4659913169319,3780.0,0,9.0,0.590617284,-0.20938271600000002
3,0,3,2,0.7,3.9,1190.4659913169319,960.0,0,8.0,0.5565625,-0.1434375
3,1,3,4,0.8,30.1,437.0,7080.0,32,59.0,0.495617514,-0.30438248600000006
3,0,3,10,0.7,2.9,1190.4659913169319,3360.0,0,8.0,0.4276613622499999,-0.27233863775000006
3,0,3,9,0.75,2.9,1190.4659913169319,960.0,0,8.0,0.4276613622499999,-0.3223386377500001
3,0,3,8,0.75,4.6,1190.4659913169319,3360.0,0,8.0,0.4276613622499999,-0.3223386377500001
3,0,3,6,0.75,2.9,1190.4659913169319,3360.0,0,8.0,0.4276613622499999,-0.3223386377500001
3,0,1,3,0.8,4.6,1190.4659913169319,6300.0,0,15.0,0.921703704,0.12170370399999997
3,0,1,5,0.8,4.6,1190.4659913169319,7560.0,0,18.0,0.921604938,0.12160493799999994
3,1,1,11,0.8,11.61,954.0,0.0,50,58.0,0.800779018,0.0007790179999999092
3,1,1,12,0.8,15.26,1194.0,1700.0,62,34.0,0.800260821,0.00026082099999991115
3,1,1,7,0.8,30.1,644.0,840.0,38,59.0,0.799982853,-1.714699999999514e-05
3,1,1,3,0.75,29.4,1144.0,4440.0,45,57.0,0.750716981,0.0007169809999999499
3,1,1,6,0.75,18.79,1012.0,3960.0,45,33.0,0.75065101,0.0006510100000000074
3,1,1,8,0.75,29.4,792.0,4560.0,56,58.0,0.750425926,0.0004259260000000209
3,1,1,9,0.75,18.79,841.0,6240.0,45,52.0,0.750395513,0.0003955129999999585
3,1,1,10,0.7,21.82,1448.0,6120.0,40,51.0,0.700236601,0.00023660100000000295
3,1,1,2,0.7,30.33,512.0,4560.0,0,58.0,0.700211111,0.00021111100000004157
3,0,1,12,0.8,4.6,1190.4659913169319,3780.0,0,9.0,0.590617284,-0.20938271600000002
3,0,1,2,0.7,3.9,1190.4659913169319,960.0,0,8.0,0.5565625,-0.1434375
3,0,1,10,0.7,2.9,1190.4659913169319,3360.0,0,8.0,0.4276613622499999,-0.27233863775000006
3,0,1,9,0.75,2.9,1190.4659913169319,960.0,0,8.0,0.4276613622499999,-0.3223386377500001
3,0,1,8,0.75,4.6,1190.4659913169319,3360.0,0,8.0,0.4276613622499999,-0.3223386377500001
3,0,1,6,0.75,2.9,1190.4659913169319,3360.0,0,8.0,0.4276613622499999,-0.3223386377500001
0,0,2,3,0.8,4.6,1190.4659913169319,10500.0,0,25.0,0.936355556,0.13635555599999993
0,0,2,8,0.75,4.6,1190.4659913169319,3360.0,0,8.0,0.813611111,0.06361111100000005
0,1,2,12,0.8,15.26,1106.0,4080.0,63,34.0,0.800401961,0.00040196100000000623
0,1,2,8,0.75,29.4,622.0,6240.0,56,57.0,0.75075,0.0007500000000000284
0,1,2,6,0.75,18.79,1193.0,3960.0,45,33.0,0.75065101,0.0006510100000000074
0,1,2,3,0.75,29.4,1143.0,6840.0,45,57.0,0.750473684,0.00047368400000002975
0,1,2,9,0.75,18.79,895.0,6240.0,34,52.0,0.750395513,0.0003955129999999585
0,1,2,5,0.6,27.48,549.0,6720.0,38,56.0,0.707446429,0.10744642900000001
0,1,2,10,0.7,21.82,1393.0,5640.0,30,52.0,0.700236601,0.00023660100000000295
0,1,2,1,0.6,26.66,1578.0,6840.0,38,57.0,0.700019883,0.10001988299999998
0,1,2,2,0.7,30.33,254.0,1800.0,0,58.0,0.683550607,-0.016449392999999923
0,0,2,4,0.6,3.94,1190.4659913169319,960.0,0,8.0,0.673083333,0.07308333300000003
0,0,2,10,0.7,2.9,1190.4659913169319,3360.0,0,8.0,0.664583333,-0.0354166669999999
0,1,2,4,0.6,26.66,692.0,6840.0,23,57.0,0.600239766,0.0002397659999999746
0,0,2,2,0.7,3.9,1190.4659913169319,960.0,0,8.0,0.585,-0.11499999999999999
0,0,2,1,0.6,3.94,1190.4659913169319,3360.0,0,8.0,0.448722222,-0.15127777799999997
0,0,2,9,0.75,2.9,1190.4659913169319,960.0,0,8.0,0.447083333,-0.302916667
0,0,2,7,0.8,4.6,1190.4659913169319,3360.0,0,8.0,0.4276613622499999,-0.37233863775000015
0,0,0,2,0.7,3.9,1190.4659913169319,1200.0,0,10.0,0.92885,0.22885
0,0,0,3,0.8,4.6,1190.4659913169319,10080.0,0,24.0,0.86037037,0.060370370000000007
0,0,0,4,0.65,3.94,1190.4659913169319,960.0,0,8.0,0.806879167,0.15687916699999993
0,1,0,1,0.65,26.66,1527.0,6840.0,65,57.0,0.800579532,0.15057953199999996
0,1,0,12,0.8,15.26,1035.0,4080.0,63,34.0,0.800401961,0.00040196100000000623
0,0,0,9,0.75,2.9,1190.4659913169319,1200.0,0,10.0,0.8004,0.0504
0,1,0,11,0.8,11.61,632.0,0.0,50,57.0,0.800309211,0.0003092109999999204
0,1,0,3,0.8,29.4,1231.0,4680.0,50,57.0,0.800149813,0.00014981299999994313
0,1,0,7,0.8,30.1,616.0,7080.0,0,59.0,0.800115819,0.00011581899999990597
0,0,0,8,0.75,4.6,1190.4659913169319,3360.0,0,8.0,0.773333333,0.023333332999999956
0,1,0,6,0.75,18.79,947.0,2880.0,34,33.0,0.750797009,0.0007970090000000152
0,1,0,8,0.75,29.4,551.0,6840.0,45,57.0,0.750473684,0.00047368400000002975
0,1,0,9,0.75,18.79,935.0,6240.0,45,52.0,0.750395513,0.0003955129999999585
0,1,0,4,0.65,26.66,832.0,6780.0,55,57.0,0.750254867,0.10025486699999997
0,1,0,5,0.65,27.48,544.0,6720.0,34,56.0,0.700903571,0.05090357099999998
0,1,0,10,0.7,21.82,1511.0,3600.0,30,51.0,0.70013604,0.00013604000000000394
0,0,0,10,0.7,2.9,1190.4659913169319,3360.0,0,8.0,0.632361111,-0.06763888899999992
0,0,0,12,0.8,4.6,1190.4659913169319,3780.0,0,9.0,0.607654321,-0.192345679
0,0,0,1,0.65,3.94,1190.4659913169319,3360.0,0,8.0,0.537919444,-0.112080556
0,0,0,7,0.8,4.6,1190.4659913169319,3360.0,0,8.0,0.4276613622499999,-0.37233863775000015
0,0,4,7,0.8,4.6,1190.4659913169319,4200.0,0,10.0,0.999533333,0.19953333299999998
0,0,4,3,0.8,4.6,1190.4659913169319,6300.0,0,15.0,0.902962963,0.10296296299999996
0,1,4,11,0.8,11.41,601.0,0.0,50,56.0,0.800701754,0.0007017539999999434
0,1,4,1,0.7,26.66,1562.0,6960.0,60,58.0,0.800566092,0.100566092
0,1,4,12,0.8,15.26,983.0,4080.0,50,34.0,0.800401961,0.00040196100000000623
0,1,4,3,0.8,29.4,1156.0,6840.0,50,57.0,0.800333333,0.0003333329999999357
0,1,4,7,0.8,30.1,29.0,7080.0,50,59.0,0.800115819,0.00011581899999990597
0,1,4,4,0.7,26.66,950.0,6960.0,50,58.0,0.750770115,0.05077011500000006
0,1,4,8,0.75,29.4,534.0,6840.0,56,57.0,0.750473684,0.00047368400000002975
0,1,4,9,0.75,18.79,1096.0,6240.0,34,52.0,0.750395513,0.0003955129999999585
0,1,4,6,0.75,20.2,402.0,3120.0,45,33.0,0.750212553,0.0002125530000000042
0,0,4,8,0.75,4.6,1190.4659913169319,3360.0,0,8.0,0.702777778,-0.047222222000000036
0,1,4,5,0.7,27.48,573.0,6840.0,30,57.0,0.700659649,0.0006596490000000399
0,1,4,10,0.7,21.82,1313.0,5040.0,30,51.0,0.699984417,-1.558299999993018e-05
0,0,4,12,0.8,4.6,1190.4659913169319,3780.0,0,9.0,0.636049383,-0.16395061700000002
0,0,4,1,0.7,3.94,1190.4659913169319,3360.0,0,8.0,0.555430556,-0.14456944399999994
0,0,4,4,0.7,3.94,1190.4659913169319,3360.0,0,8.0,0.555430556,-0.14456944399999994
0,0,4,10,0.7,2.9,1190.4659913169319,3360.0,0,8.0,0.463194444,-0.23680555599999997
0,0,4,5,0.7,4.6,1190.4659913169319,3360.0,0,8.0,0.4276613622499999,-0.27233863775000006
0,0,4,6,0.75,2.9,1190.4659913169319,3360.0,0,8.0,0.4276613622499999,-0.3223386377500001
0,0,5,3,0.8,4.6,1190.4659913169319,1200.0,0,10.0,0.939166667,0.1391666669999999
0,0,5,8,0.8,4.6,1190.4659913169319,960.0,0,8.0,0.930416667,0.130416667
0,0,5,12,0.8,4.6,1190.4659913169319,1080.0,0,9.0,0.885925926,0.08592592599999993
0,0,5,9,0.75,2.9,1190.4659913169319,960.0,0,8.0,0.83375,0.08374999999999999
0,0,5,1,0.7,3.94,1190.4659913169319,960.0,0,8.0,0.806879167,0.106879167
0,0,5,4,0.7,3.94,1190.4659913169319,960.0,0,8.0,0.806058333,0.106058333
0,1,5,11,0.8,11.41,433.0,0.0,38,56.0,0.800701754,0.0007017539999999434
0,1,5,12,0.8,15.26,961.0,4080.0,50,34.0,0.800401961,0.00040196100000000623
0,1,5,3,0.8,29.4,1169.0,6840.0,63,57.0,0.800333333,0.0003333329999999357
0,1,5,7,0.8,30.1,874.0,3960.0,50,59.0,0.800055762,5.576199999990372e-05
0,1,5,4,0.7,26.82,1028.0,6960.0,60,58.0,0.799975862,0.09997586200000008
0,1,5,1,0.7,26.82,1772.0,6960.0,50,58.0,0.750651724,0.050651724000000065
0,1,5,9,0.75,18.79,1206.0,6240.0,34,52.0,0.750395513,0.0003955129999999585
0,1,5,5,0.7,27.48,586.0,6960.0,40,58.0,0.700424138,0.00042413800000007384
0,1,5,10,0.7,21.82,1334.0,5760.0,30,53.0,0.700058333,5.8333000000021507e-05
0,0,5,7,0.8,4.6,1190.4659913169319,8400.0,0,20.0,0.684888889,-0.11511111100000004
0,0,5,5,0.7,4.6,1190.4659913169319,960.0,0,8.0,0.592083333,-0.10791666699999991
0,1,5,8,0.8,29.4,30.0,6840.0,0,57.0,0.433263158,-0.36673684200000006
0,1,5,6,0.75,18.79,52.0,3960.0,0,33.0,0.4276613622499999,-0.3223386377500001
0,0,3,8,0.8,4.6,1190.4659913169319,2640.0,0,22.0,0.980984848,0.18098484799999992
0,0,3,2,0.6,3.9,1190.4659913169319,960.0,0,8.0,0.950625,0.3506250000000001
0,0,3,11,0.8,2.9,1190.4659913169319,1200.0,0,10.0,0.927291667,0.12729166699999994
0,0,3,12,0.8,4.6,1190.4659913169319,1080.0,0,9.0,0.868888889,0.06888888900000001
0,0,3,1,0.7,3.94,1190.4659913169319,960.0,0,8.0,0.812625,0.11262500000000009
0,0,3,4,0.7,3.94,1190.4659913169319,960.0,0,8.0,0.812625,0.11262500000000009
0,0,3,3,0.8,4.6,1190.4659913169319,1800.0,0,15.0,0.810111111,0.01011111099999995
0,1,3,11,0.8,11.41,455.0,3420.0,50,56.0,0.800701754,0.0007017539999999434
0,1,3,3,0.8,29.4,797.0,1800.0,63,57.0,0.800534979,0.000534978999999991
0,1,3,12,0.8,15.26,959.0,4080.0,50,34.0,0.800401961,0.00040196100000000623
0,1,3,1,0.7,26.82,1373.0,6960.0,50,58.0,0.750651724,0.050651724000000065
0,1,3,9,0.75,18.79,1228.0,6240.0,45,52.0,0.750395513,0.0003955129999999585
0,1,3,4,0.7,26.82,1117.0,7080.0,50,59.0,0.750050847,0.050050847000000065
0,1,3,5,0.7,27.48,230.0,6960.0,40,58.0,0.700424138,0.00042413800000007384
0,1,3,10,0.7,21.82,1390.0,6000.0,30,50.0,0.700422,0.00042200000000003346
0,1,3,2,0.6,15.28,529.0,1320.0,0,46.0,0.600099145,9.914499999996718e-05
0,0,3,9,0.75,2.9,1190.4659913169319,960.0,0,8.0,0.453125,-0.296875
0,0,1,12,0.8,4.6,1190.4659913169319,1080.0,0,9.0,0.868888889,0.06888888900000001
0,1,1,12,0.8,15.26,986.0,4080.0,75,34.0,0.850520588,0.05052058799999992
0,1,1,1,0.7,26.82,1267.0,8160.0,70,58.0,0.850045,0.1500450000000001
0,0,1,7,0.8,4.6,1190.4659913169319,6000.0,0,25.0,0.825444444,0.02544444400000001
0,1,1,4,0.7,26.82,1195.0,6960.0,60,58.0,0.800746552,0.10074655200000004
0,1,1,3,0.8,29.4,983.0,6840.0,63,57.0,0.800578947,0.0005789469999999408
0,1,1,11,0.8,11.41,471.0,3420.0,50,58.0,0.800034503,3.4502999999963535e-05
0,1,1,9,0.75,18.79,1226.0,3480.0,45,51.0,0.749987124,-1.2875999999995003e-05
0,1,1,10,0.7,21.82,1251.0,6000.0,30,50.0,0.700422,0.00042200000000003346
0,0,1,1,0.7,3.94,1190.4659913169319,960.0,0,8.0,0.664875,-0.03512499999999996
0,0,1,4,0.7,3.94,1190.4659913169319,960.0,0,8.0,0.664875,-0.03512499999999996
0,0,1,11,0.8,2.9,1190.4659913169319,960.0,0,8.0,0.657083333,-0.14291666700000005
0,1,1,2,0.65,16.1,626.0,4200.0,0,45.0,0.65024031,0.00024031000000002134
0,0,1,8,0.8,4.6,1190.4659913169319,3600.0,0,15.0,0.590740741,-0.2092592590000001
0,0,1,2,0.65,3.9,1190.4659913169319,1920.0,0,8.0,0.528125,-0.12187500000000007
0,1,1,5,0.7,27.48,541.0,6960.0,24,58.0,0.4276613622499999,-0.27233863775000006
1,0,2,3,0.8,4.6,1190.4659913169319,1440.0,0,12.0,0.951944444,0.15194444399999996
1,0,2,12,0.8,4.6,1190.4659913169319,1080.0,0,9.0,0.945555556,0.14555555599999992
1,0,2,9,0.75,2.9,1190.4659913169319,1080.0,0,9.0,0.929074074,0.17907407399999997
1,0,2,1,0.75,3.94,1190.4659913169319,960.0,0,8.0,0.890604167,0.140604167
1,0,2,4,0.75,3.94,1190.4659913169319,960.0,0,8.0,0.890604167,0.140604167
1,0,2,2,0.7,3.9,1190.4659913169319,1200.0,0,10.0,0.884,0.18400000000000005
1,1,2,4,0.75,26.82,1082.0,6840.0,65,57.0,0.850084211,0.10008421099999998
1,1,2,1,0.75,26.82,1254.0,6960.0,65,58.0,0.85007069,0.10007069000000002
1,1,2,3,0.8,30.1,1278.0,3360.0,50,57.0,0.800511068,0.0005110680000000034
1,1,2,12,0.8,15.26,1064.0,4080.0,63,34.0,0.800401961,0.00040196100000000623
1,1,2,11,0.8,11.41,313.0,3420.0,50,58.0,0.800034503,3.4502999999963535e-05
1,0,2,11,0.8,2.9,1190.4659913169319,960.0,0,8.0,0.755208333,-0.044791667000000035
1,1,2,9,0.75,18.79,1239.0,5640.0,45,52.0,0.750371895,0.00037189500000001097
1,1,2,10,0.7,21.82,1335.0,6000.0,30,50.0,0.700422,0.00042200000000003346
1,1,2,2,0.7,16.1,928.0,4800.0,30,45.0,0.700106061,0.00010606099999999063
1,1,2,6,0.6,23.41,1266.0,2520.0,23,38.0,0.601037091,0.0010370910000000455
1,1,2,8,0.6,30.48,869.0,6720.0,0,56.0,0.600528571,0.0005285710000000332
1,0,2,8,0.6,3.9,1190.4659913169319,960.0,0,8.0,0.4509375,-0.1490625
1,0,2,10,0.7,2.9,1190.4659913169319,960.0,0,8.0,0.441041667,-0.25895833299999993
1,0,2,6,0.6,2.9,1190.4659913169319,960.0,0,8.0,0.4276613622499999,-0.17233863775000008
1,1,0,4,0.75,26.82,1079.0,7020.0,65,58.0,0.850446154,0.10044615400000001
1,1,0,1,0.75,26.82,1322.0,7140.0,65,59.0,0.850426891,0.10042689100000002
1,1,0,3,0.8,30.1,964.0,5160.0,50,58.0,0.800842424,0.0008424240000000083
1,1,0,12,0.8,15.26,1132.0,4080.0,63,34.0,0.800401961,0.00040196100000000623
1,1,0,11,0.8,11.41,357.0,3420.0,50,58.0,0.800034503,3.4502999999963535e-05
1,1,0,9,0.75,18.79,1193.0,6240.0,45,52.0,0.750395513,0.0003955129999999585
1,1,0,2,0.7,16.1,817.0,5520.0,30,45.0,0.700516224,0.0005162240000000651
1,1,0,10,0.7,21.82,1576.0,6000.0,30,50.0,0.700422,0.00042200000000003346
1,1,0,6,0.65,23.41,1262.0,4560.0,35,38.0,0.650962281,0.0009622809999999538
1,1,0,8,0.65,30.48,953.0,6720.0,26,56.0,0.650421429,0.0004214289999999732
1,1,0,5,0.6,26.82,919.0,7080.0,23,59.0,0.600040678,4.067800000007171e-05
1,0,4,12,0.8,4.6,1190.4659913169319,1080.0,0,9.0,0.92,0.12
1,0,4,5,0.6,3.94,1190.4659913169319,1440.0,0,12.0,0.909391667,0.309391667
1,1,4,1,0.75,26.82,1574.0,7080.0,75,59.0,0.900061017,0.15006101699999996
1,0,4,3,0.8,4.6,1190.4659913169319,1440.0,0,12.0,0.894444444,0.09444444399999996
1,0,4,4,0.75,3.94,1190.4659913169319,960.0,0,8.0,0.881575,0.131575
1,0,4,1,0.75,3.94,1190.4659913169319,960.0,0,8.0,0.880754167,0.13075416699999998
1,1,4,4,0.75,26.82,1104.0,5880.0,65,59.0,0.850084211,0.10008421099999998
1,0,4,9,0.75,2.9,1190.4659913169319,1800.0,0,15.0,0.821666667,0.07166666700000002
1,1,4,12,0.8,15.26,1069.0,4080.0,63,34.0,0.800401961,0.00040196100000000623
1,1,4,3,0.8,30.1,756.0,6960.0,63,58.0,0.800071839,7.183899999996246e-05
1,1,4,11,0.8,11.41,338.0,3420.0,50,58.0,0.800034503,3.4502999999963535e-05
1,0,4,11,0.8,2.9,1190.4659913169319,960.0,0,8.0,0.758229167,-0.04177083300000006
1,1,4,10,0.75,21.82,1499.0,6000.0,34,50.0,0.750608,0.0006080000000000529
1,1,4,9,0.75,18.79,1247.0,6240.0,45,52.0,0.750395513,0.0003955129999999585
1,0,4,2,0.7,3.9,1190.4659913169319,960.0,0,8.0,0.741,0.041000000000000036
1,1,4,8,0.7,30.48,923.0,6840.0,30,57.0,0.700505263,0.0005052630000000891
1,1,4,6,0.7,23.41,1180.0,4560.0,30,38.0,0.700246491,0.00024649100000007085
1,1,4,2,0.7,16.1,957.0,5400.0,40,45.0,0.700051852,5.185200000001888e-05
1,1,4,5,0.65,26.82,1001.0,7080.0,26,59.0,0.650044068,4.406800000000821e-05
1,1,4,7,0.6,30.48,1017.0,6840.0,25,57.0,0.630402924,0.030402923999999998
1,0,4,8,0.65,3.9,1190.4659913169319,960.0,0,8.0,0.560625,-0.08937499999999998
1,0,4,10,0.7,2.9,1190.4659913169319,960.0,0,8.0,0.4276613622499999,-0.27233863775000006
1,0,5,12,0.8,4.6,1190.4659913169319,2160.0,0,9.0,0.922839506,0.12283950599999993
1,0,5,11,0.8,2.9,1190.4659913169319,2400.0,0,10.0,0.874027778,0.07402777799999993
1,0,5,2,0.75,3.9,1190.4659913169319,1920.0,0,8.0,0.819270833,0.06927083300000003
1,0,5,4,0.75,3.94,1190.4659913169319,1920.0,0,8.0,0.813309028,0.06330902800000004
1,0,5,1,0.75,3.94,1190.4659913169319,1920.0,0,8.0,0.812625,0.06262500000000004
1,1,5,12,0.8,15.26,470.0,4080.0,63,34.0,0.800401961,0.00040196100000000623
1,1,5,3,0.8,30.1,735.0,6960.0,63,58.0,0.800071839,7.183899999996246e-05
1,1,5,11,0.8,11.41,560.0,3420.0,50,58.0,0.800034503,3.4502999999963535e-05
1,0,5,3,0.8,4.6,1190.4659913169319,1920.0,0,8.0,0.786631944,-0.013368056000000017
1,0,5,5,0.7,3.94,1190.4659913169319,1440.0,0,12.0,0.75885,0.05885000000000007
1,1,5,10,0.75,21.82,1674.0,6000.0,34,50.0,0.750608,0.0006080000000000529
1,1,5,9,0.75,18.79,290.0,5040.0,45,52.0,0.750347333,0.0003473330000000052
1,1,5,2,0.75,16.1,971.0,5400.0,45,45.0,0.750140741,0.0001407410000000553
1,1,5,1,0.75,26.82,1322.0,7080.0,45,59.0,0.750050847,5.0847000000020515e-05
1,1,5,4,0.75,26.82,1054.0,7080.0,45,59.0,0.750050847,5.0847000000020515e-05
1,1,5,5,0.7,26.82,992.0,6960.0,30,58.0,0.700556897,0.0005568970000000562
1,1,5,8,0.7,30.48,914.0,6840.0,30,57.0,0.700505263,0.0005052630000000891
1,1,5,6,0.7,23.41,1128.0,4560.0,40,38.0,0.700246491,0.00024649100000007085
1,1,5,7,0.65,30.48,935.0,6840.0,26,57.0,0.650596491,0.0005964910000000323
1,0,5,10,0.75,2.9,1190.4659913169319,960.0,0,8.0,0.628333333,-0.12166666699999995
1,0,5,8,0.7,3.9,1190.4659913169319,960.0,0,8.0,0.625625,-0.07437499999999997
1,0,5,7,0.65,3.9,1190.4659913169319,960.0,0,8.0,0.625625,-0.024375000000000036
1,0,5,9,0.75,2.9,1190.4659913169319,1800.0,0,15.0,0.505888889,-0.24411111100000005
1,0,5,6,0.7,2.9,1190.4659913169319,720.0,0,6.0,0.4276613622499999,-0.27233863775000006
